{"type": "FeatureCollection", "crs": {"type": "name", "properties": {"name": "EPSG:4326"}}, "features": [{"type": "Feature", "geometry": {"type": "MultiPolygon", "coordinates": [[[[114.06596212, 22.39181707], [114.06604794, 22.39183262], [114.06613893, 22.39179335], [114.06619668, 22.39166106], [114.06628772, 22.39157291], [114.06645171, 22.39155156], [114.06653245, 22.39151824], [114.06665875, 22.39137945], [114.0667139, 22.3913032], [114.06677544, 22.39124363], [114.06684079, 22.39122103], [114.06693687, 22.3912366], [114.06701496, 22.39129745], [114.06709689, 22.39138094], [114.06714673, 22.39153118], [114.06729652, 22.39166838], [114.06732972, 22.39181145], [114.06743205, 22.39201417], [114.0675934, 22.39210488], [114.06775836, 22.3923093], [114.06801529, 22.39241809], [114.06818555, 22.3925851], [114.06833156, 22.39262573], [114.06849364, 22.39261571], [114.06883446, 22.39253845], [114.06892799, 22.39253136], [114.06902279, 22.39254811], [114.06916494, 22.39262212], [114.06922768, 22.39267341], [114.06926731, 22.39278311], [114.06926017, 22.39288384], [114.06919689, 22.39298925], [114.06912161, 22.39316031], [114.06916252, 22.39327954], [114.06922716, 22.39336363], [114.06932963, 22.39338516], [114.0694565, 22.39333398], [114.06960256, 22.39331501], [114.06966666, 22.39326022], [114.06977923, 22.39302903], [114.06982639, 22.39296289], [114.06995686, 22.39289098], [114.07021592, 22.39287375], [114.07028897, 22.39284638], [114.07033772, 22.39275223], [114.07039873, 22.39254544], [114.07048081, 22.39243821], [114.07058719, 22.39237271], [114.07066539, 22.39238111], [114.07073831, 22.39244792], [114.07089693, 22.39276154], [114.07095133, 22.39281462], [114.07103586, 22.39284805], [114.07118175, 22.39287514], [114.07131897, 22.39287566], [114.07158643, 22.39296373], [114.07164562, 22.39291878], [114.07167205, 22.39270125], [114.0717349, 22.39259281], [114.07182847, 22.39253327], [114.07192586, 22.39250591], [114.07197705, 22.39258223], [114.07239313, 22.39296279], [114.07331545, 22.39318045], [114.07352297, 22.3932596], [114.0736362, 22.39332658], [114.0736784, 22.3934184], [114.07360401, 22.39354353], [114.07358215, 22.39363768], [114.07364105, 22.3937021], [114.07374612, 22.39367356], [114.07385641, 22.39353892], [114.07392195, 22.39325523], [114.07398347, 22.39321593], [114.07406796, 22.39328513], [114.07418697, 22.39348786], [114.07418304, 22.39361303], [114.0741112, 22.39375126], [114.0737644, 22.39425198], [114.07358866, 22.39438811], [114.07341179, 22.39446668], [114.07337075, 22.39452626], [114.07333212, 22.39479326], [114.07346267, 22.39497216], [114.07349078, 22.39506517], [114.07357389, 22.39528337], [114.07381712, 22.39555771], [114.07390159, 22.39568413], [114.07400995, 22.39603668], [114.07407499, 22.39616332], [114.07424237, 22.39632479], [114.07436258, 22.39636842], [114.07463777, 22.39632714], [114.07473001, 22.39635342], [114.07511623, 22.39653643], [114.0751933, 22.39655735], [114.07548183, 22.39666025], [114.07569452, 22.39664846], [114.07582778, 22.3966104], [114.07612253, 22.39650806], [114.07625964, 22.39648311], [114.0765082, 22.39647373], [114.07691595, 22.39641507], [114.07700821, 22.39641512], [114.07707729, 22.39642727], [114.07722414, 22.39647138], [114.0773049, 22.39655641], [114.07750348, 22.39672827], [114.07777504, 22.39680473], [114.07798517, 22.39678817], [114.07815937, 22.39684312], [114.07825926, 22.39689801], [114.07829363, 22.39695238], [114.07831239, 22.39702294], [114.07832248, 22.39717402], [114.07842492, 22.39725396], [114.07854277, 22.39727906], [114.07864529, 22.39724575], [114.078785, 22.39716], [114.07915475, 22.39699273], [114.07925342, 22.39695584], [114.07934949, 22.3969559], [114.07952359, 22.39705839], [114.07974399, 22.39714091], [114.07999688, 22.39725226], [114.08031361, 22.39740541], [114.08062073, 22.39744245], [114.0807719, 22.39747353], [114.08097938, 22.39757737], [114.08108438, 22.39766087], [114.0811394, 22.39776224], [114.08114699, 22.39790173], [114.0811392, 22.39804477], [114.08115194, 22.39813777], [114.0812326, 22.39821587], [114.08196849, 22.39847025], [114.08236554, 22.3986446], [114.08242828, 22.39870775], [114.08245385, 22.39877929], [114.08248258, 22.39892653], [114.08253746, 22.39924247], [114.08259739, 22.3996812], [114.08263961, 22.39978018], [114.08324901, 22.40044809], [114.08334028, 22.40047982], [114.08350236, 22.40046015], [114.08376277, 22.40046987], [114.08386268, 22.40050569], [114.08403172, 22.40063215], [114.08414187, 22.4006799], [114.08440318, 22.40076111], [114.08450053, 22.40080885], [114.08456904, 22.40089394], [114.08480382, 22.40133951], [114.08485494, 22.40154219], [114.08488056, 22.40156128], [114.08530705, 22.40178206], [114.08544541, 22.4018036], [114.08554472, 22.40179949], [114.08580739, 22.40177103], [114.08595471, 22.40179734], [114.08599457, 22.40181168], [114.08626786, 22.40196381], [114.08642286, 22.40200682], [114.08658429, 22.40202001], [114.08672394, 22.40201414], [114.0868316, 22.4019689], [114.08688164, 22.40184614], [114.08688598, 22.40180254], [114.08697458, 22.40176096], [114.08706319, 22.40174207], [114.08710874, 22.40172234], [114.08720526, 22.40166452], [114.08725527, 22.40159779], [114.08732578, 22.4015418], [114.08767239, 22.40148418], [114.08797867, 22.40135798], [114.08808757, 22.40137473], [114.08825533, 22.40149046], [114.08838215, 22.40153225], [114.08858693, 22.40150095], [114.08880307, 22.40145201], [114.08906958, 22.40145096], [114.0892149, 22.40139779], [114.08935288, 22.401227], [114.08933564, 22.40111316], [114.08933695, 22.40106905], [114.08935621, 22.4010023], [114.08940109, 22.40093676], [114.08941332, 22.40086226], [114.08940572, 22.4006894], [114.08943301, 22.40060457], [114.08969486, 22.40034683], [114.08985585, 22.4000185], [114.08990714, 22.39994581], [114.08997894, 22.39988028], [114.09022053, 22.3997618], [114.09025643, 22.39970698], [114.09034753, 22.39947934], [114.0904129, 22.39945554], [114.0906691, 22.39952004], [114.09076967, 22.39949924], [114.09087605, 22.39944326], [114.09101923, 22.39929769], [114.09111448, 22.39924909], [114.09143585, 22.39928018], [114.09146277, 22.39933891], [114.09151593, 22.39940786], [114.09157696, 22.39945893], [114.09164214, 22.39948714], [114.09173362, 22.39948618], [114.09179907, 22.39946213], [114.09191786, 22.3993916], [114.09196854, 22.39937046], [114.09210591, 22.39935597], [114.09222538, 22.39936552], [114.09227141, 22.39938265], [114.09243487, 22.39951628], [114.0925779, 22.39959821], [114.09265941, 22.39965372], [114.09272181, 22.39968317], [114.09281942, 22.39970389], [114.09295118, 22.39968944], [114.09303892, 22.39969589], [114.09313268, 22.39971828], [114.09328442, 22.39977262], [114.09337538, 22.3998212], [114.0934248, 22.39985981], [114.09348949, 22.39992808], [114.09353633, 22.40000868], [114.09357983, 22.40016484], [114.09360075, 22.40019587], [114.09362396, 22.40021311], [114.09368278, 22.40024037], [114.09383685, 22.40028586], [114.09404744, 22.40032366], [114.09413149, 22.40035464], [114.09414406, 22.40036096], [114.09414405, 22.40036775], [114.09456754, 22.4006005], [114.09475825, 22.40069808], [114.09484811, 22.40075812], [114.09495974, 22.40084583], [114.09500316, 22.40089201], [114.09503366, 22.40095048], [114.09505018, 22.40101333], [114.09506036, 22.40112644], [114.09508037, 22.40123553], [114.09510934, 22.40130795], [114.09515267, 22.40137013], [114.0952498, 22.40146425], [114.09545909, 22.40161163], [114.09551395, 22.40165687], [114.09551562, 22.40166927], [114.09555166, 22.40169904], [114.09556623, 22.40169991], [114.09587459, 22.40195522], [114.09594043, 22.40202226], [114.09601121, 22.40211418], [114.09603683, 22.40217738], [114.0960476, 22.40225486], [114.09602012, 22.40241789], [114.09601954, 22.40249395], [114.09604336, 22.40257236], [114.09610036, 22.40266857], [114.09615706, 22.40271899], [114.09622354, 22.40275109], [114.09647241, 22.40278584], [114.09664563, 22.40283621], [114.09678945, 22.40290597], [114.09683828, 22.40294306], [114.09689385, 22.4030045], [114.09690656, 22.40306079], [114.09680806, 22.40335567], [114.09680662, 22.40343913], [114.09682438, 22.40348898], [114.0968484, 22.40352122], [114.09686673, 22.40353916], [114.09691958, 22.40356881], [114.09729591, 22.40366043], [114.09735068, 22.40368299], [114.09743874, 22.4037438], [114.09753641, 22.40387425], [114.09757066, 22.40394586], [114.09758699, 22.40402547], [114.09759325, 22.40416471], [114.09758108, 22.40422447], [114.09759325, 22.40428618], [114.09764096, 22.40436633], [114.09770139, 22.40442553], [114.09786627, 22.40454993], [114.09806614, 22.40475614], [114.09811488, 22.40479725], [114.09839299, 22.40500285], [114.09866736, 22.40522896], [114.09941562, 22.40581338], [114.09974118, 22.40623976], [114.10006026, 22.40660057], [114.10008025, 22.40668468], [114.10017864, 22.40691167], [114.10024398, 22.40698671], [114.10034899, 22.40704765], [114.10058474, 22.40703942], [114.10065063, 22.40705237], [114.1006891, 22.40714617], [114.10073514, 22.40729163], [114.10078125, 22.40733456], [114.10090177, 22.40734203], [114.100963, 22.40732532], [114.10102675, 22.40727907], [114.1012266, 22.40718754], [114.10142711, 22.40715844], [114.10153728, 22.40717755], [114.10167562, 22.40726345], [114.1019967, 22.40753839], [114.10207682, 22.40754915], [114.10220976, 22.40753454], [114.10275884, 22.40743741], [114.10318173, 22.40730409], [114.10351486, 22.40733285], [114.1038685, 22.40730679], [114.10413241, 22.40737366], [114.10432713, 22.40743336], [114.1044436, 22.4074063], [114.10457128, 22.40732081], [114.10466236, 22.40711342], [114.10473671, 22.40704431], [114.10496547, 22.40694011], [114.10507057, 22.40686386], [114.10514752, 22.40672918], [114.10518344, 22.40664814], [114.10522767, 22.40660584], [114.10534043, 22.40657729], [114.10542519, 22.40618751], [114.1054125, 22.40596338], [114.10534853, 22.40575355], [114.10526333, 22.40562694], [114.1054, 22.40555004], [114.10589593, 22.40524301], [114.1060392, 22.40513963], [114.1063768, 22.40492274], [114.10656421, 22.40482464], [114.10662013, 22.40480421], [114.10674136, 22.40479609], [114.10679286, 22.40480254], [114.10684498, 22.40481542], [114.10690275, 22.40484992], [114.10700007, 22.40493376], [114.10705908, 22.40502086], [114.10708792, 22.40511436], [114.107086, 22.40519759], [114.10705879, 22.40527923], [114.10699858, 22.40540989], [114.10699352, 22.40545432], [114.10700168, 22.40549406], [114.10702552, 22.40554725], [114.10727297, 22.40597265], [114.107337, 22.40605099], [114.10740752, 22.40610187], [114.10748664, 22.40614456], [114.10757896, 22.40616855], [114.1076826, 22.40617912], [114.10775798, 22.40616745], [114.10789262, 22.40611258], [114.10794979, 22.40608047], [114.10805661, 22.40599672], [114.10818418, 22.40587756], [114.10828282, 22.40581508], [114.10836408, 22.40571846], [114.10841247, 22.40567289], [114.10852935, 22.40557185], [114.10858276, 22.40553739], [114.10865628, 22.40549944], [114.10890436, 22.40539994], [114.10902359, 22.40537375], [114.10909153, 22.40536901], [114.10919792, 22.40538575], [114.10954912, 22.40548012], [114.10971575, 22.40551358], [114.11012743, 22.4056546], [114.11031454, 22.40576919], [114.11041319, 22.40586344], [114.11057206, 22.40605554], [114.11070558, 22.40617975], [114.11092729, 22.40631819], [114.11105546, 22.40635402], [114.11164023, 22.40640078], [114.11172868, 22.40642228], [114.11189658, 22.40649749], [114.11200679, 22.40656551], [114.11213111, 22.40662043], [114.11245049, 22.40678408], [114.11250174, 22.40681867], [114.11255044, 22.40687119], [114.11259656, 22.406938], [114.11263369, 22.40701792], [114.11265161, 22.40709067], [114.11262842, 22.40736391], [114.11264245, 22.40749393], [114.11263599, 22.40760127], [114.11265005, 22.40769311], [114.11272044, 22.40794492], [114.11276271, 22.40802842], [114.11282164, 22.40810478], [114.11290494, 22.40816803], [114.11300747, 22.40821577], [114.11341917, 22.40834009], [114.11361401, 22.40836879], [114.11432061, 22.40838338], [114.11441802, 22.40839773], [114.11459362, 22.40845386], [114.11468461, 22.40850756], [114.11476791, 22.40857916], [114.11483453, 22.40865194], [114.11509867, 22.40910777], [114.11557797, 22.40998517], [114.11571078, 22.41012207], [114.11578548, 22.4101794], [114.11619439, 22.41025347], [114.11634493, 22.41026876], [114.11656917, 22.41032028], [114.11683309, 22.41036091], [114.11696889, 22.41041818], [114.11702652, 22.41048853], [114.1170649, 22.41062682], [114.11698027, 22.41078177], [114.11685957, 22.41094344], [114.11680333, 22.41105351], [114.11678535, 22.41114649], [114.11680448, 22.4113575], [114.11689414, 22.41145528], [114.11709138, 22.41163894], [114.11725022, 22.41174629], [114.11741163, 22.41181787], [114.11756283, 22.41182031], [114.11781409, 22.41170518], [114.11793672, 22.41165668], [114.11797559, 22.41162904], [114.11819272, 22.41151358], [114.11831061, 22.41148739], [114.11834411, 22.41148807], [114.1184139, 22.41151519], [114.11859114, 22.41162473], [114.11868582, 22.41164339], [114.11876798, 22.41161988], [114.11889612, 22.41150254], [114.11903509, 22.41146262], [114.11931426, 22.41135356], [114.11945991, 22.41126703], [114.11961466, 22.4111636], [114.11974705, 22.41109984], [114.12001416, 22.41110536], [114.12011474, 22.41109085], [114.12024071, 22.41103391], [114.12038131, 22.41098216], [114.1204784, 22.41095961], [114.12068393, 22.41098622], [114.12077773, 22.4109823], [114.12088292, 22.41094093], [114.12107709, 22.41090335], [114.12119845, 22.41089211], [114.12131522, 22.41090772], [114.12145043, 22.41095352], [114.12163527, 22.41105035], [114.12174043, 22.41107297], [114.12182943, 22.411073], [114.12236316, 22.41098561], [114.12279265, 22.41094956], [114.12314599, 22.41095744], [114.12336749, 22.41099205], [114.12336383, 22.41102323], [114.12324573, 22.4111231], [114.12321156, 22.41124958], [114.12327059, 22.41154269], [114.12334735, 22.41176482], [114.12332306, 22.41185515], [114.12321625, 22.41189265], [114.12314503, 22.41198685], [114.12314096, 22.41203955], [114.12316925, 22.41209226], [114.12331014, 22.41221757], [114.12392844, 22.41272694], [114.12401336, 22.41278343], [114.12408617, 22.41279851], [114.12414281, 22.41277971], [114.12451058, 22.41243763], [114.12456497, 22.41240216], [114.1246288, 22.41237847], [114.12446517, 22.41277132], [114.12433213, 22.41303922], [114.12428679, 22.41308927], [114.12421881, 22.4131156], [114.12416217, 22.41311558], [114.1240857, 22.41309185], [114.12399228, 22.41303383], [114.12380825, 22.41288621], [114.12371198, 22.41285456], [114.12364117, 22.41285719], [114.12359584, 22.41289932], [114.123593, 22.4129494], [114.12373736, 22.41313125], [114.12377698, 22.41320505], [114.12381089, 22.41348069], [114.12385337, 22.41350705], [114.12398079, 22.41353608], [114.1242923, 22.41358625], [114.12437442, 22.41361527], [114.12442821, 22.41367325], [114.12443951, 22.41371542], [114.12441401, 22.41375493], [114.12359602, 22.4139043], [114.12352803, 22.41394115], [114.12350534, 22.41398333], [114.12351101, 22.41403339], [114.12353647, 22.41406765], [114.12359028, 22.41408348], [114.1238933, 22.4141073], [114.12404017, 22.41412756], [114.12434033, 22.41426733], [114.1244026, 22.41432531], [114.12463186, 22.41471802], [114.12470752, 22.41486901], [114.1248865, 22.41488036], [114.12494313, 22.41489883], [114.1249941, 22.41494101], [114.12502523, 22.41498581], [114.12506452, 22.41541946], [114.12510131, 22.41549061], [114.12536742, 22.41575947], [114.12557297, 22.41593487], [114.12557942, 22.41620504], [114.12559686, 22.41629071], [114.12565041, 22.41642621], [114.12566241, 22.41654715], [114.12563828, 22.41665744], [114.12556113, 22.41682817], [114.12555568, 22.41694071], [114.12559538, 22.417065], [114.12565615, 22.41718932], [114.12578485, 22.41761485], [114.12584984, 22.41776492], [114.12584902, 22.41779118], [114.12594303, 22.41817533], [114.12602544, 22.41838307], [114.12605548, 22.41857232], [114.12604218, 22.41872963], [114.12602289, 22.4187901], [114.12592832, 22.41888636], [114.12590118, 22.41897424], [114.12589694, 22.4190655], [114.12593785, 22.41915062], [114.12595461, 22.41940425], [114.12592808, 22.41952237], [114.12593045, 22.4196405], [114.12594245, 22.41975416], [114.12600199, 22.41994397], [114.12600497, 22.42002962], [114.12597001, 22.42009737], [114.12527059, 22.42089887], [114.12517661, 22.42103378], [114.12506452, 22.42125545], [114.12499463, 22.42134612], [114.12492052, 22.42147319], [114.12482586, 22.4217794], [114.12482044, 22.4217794], [114.12471498, 22.42199099], [114.12459139, 22.42233416], [114.12450762, 22.42252337], [114.12444432, 22.42264151], [114.12437145, 22.42273663], [114.12417317, 22.42289675], [114.12383177, 22.42305391], [114.12344833, 22.4231454], [114.12328553, 22.42317756], [114.12313678, 22.42321771], [114.12305065, 22.42324456], [114.12296332, 22.42329324], [114.12290669, 22.42335145], [114.12282654, 22.42349475], [114.12269641, 22.4236369], [114.12241985, 22.42403711], [114.12224693, 22.42425652], [114.12214146, 22.424467], [114.1219846, 22.42464063], [114.12151393, 22.42540798], [114.12135423, 22.42578295], [114.12139981, 22.42606446], [114.12139977, 22.42618397], [114.12134109, 22.42634148], [114.12133527, 22.42641772], [114.1213614, 22.42647882], [114.1213916, 22.42648328], [114.12139327, 22.42654634], [114.12144604, 22.42668577], [114.12145996, 22.42677495], [114.12145992, 22.42686526], [114.12144532, 22.42695443], [114.12142694, 22.42701118], [114.12131516, 22.42713737], [114.12110372, 22.42748481], [114.12101925, 22.42760053], [114.12077502, 22.42761407], [114.12045641, 22.42764452], [114.12015476, 22.42777084], [114.11997964, 22.42788142], [114.11980893, 22.42801875], [114.11952188, 22.42832062], [114.1194144, 22.42838636], [114.11932589, 22.42840044], [114.11918003, 22.42834776], [114.11896232, 22.42828847], [114.11879821, 22.42829795], [114.11863135, 22.42832273], [114.1184523, 22.42838552], [114.11832349, 22.42846535], [114.11826535, 22.42855652], [114.11820474, 22.42868108], [114.11814575, 22.42877155], [114.11795652, 22.428945], [114.1178771, 22.42914462], [114.11775317, 22.42941334], [114.11744218, 22.43003623], [114.11744215, 22.43011546], [114.11748195, 22.43016312], [114.11751669, 22.43017805], [114.11754641, 22.4302486], [114.11755791, 22.43033778], [114.11754633, 22.43042752], [114.11751291, 22.4305116], [114.11745884, 22.43058665], [114.11729608, 22.43072599], [114.11716246, 22.43085688], [114.11704159, 22.43099794], [114.11693285, 22.43114803], [114.11683807, 22.43130547], [114.11675786, 22.43146968], [114.11666487, 22.43172645], [114.11662229, 22.43190253], [114.11658818, 22.43217173], [114.11658567, 22.43235234], [114.11659895, 22.43253239], [114.11689132, 22.43454178], [114.11693352, 22.43463569], [114.11689851, 22.43480923], [114.11681477, 22.43495299], [114.11666167, 22.4350906], [114.11636714, 22.43528346], [114.11598691, 22.43548752], [114.11563132, 22.4359284], [114.11556349, 22.43604754], [114.11540527, 22.43618766], [114.1152094, 22.43632075], [114.11513646, 22.4363914], [114.11506447, 22.43655855], [114.11503442, 22.43671457], [114.11504029, 22.43702105], [114.1149743, 22.43713247], [114.11482828, 22.43725354], [114.11463521, 22.43737818], [114.1145942, 22.43743462], [114.11454468, 22.43753675], [114.11427186, 22.43800001], [114.11421962, 22.43806716], [114.11420989, 22.43810441], [114.11412861, 22.43827447], [114.11406885, 22.43850451], [114.11393819, 22.43878666], [114.11385064, 22.43906827], [114.11367848, 22.43951134], [114.1131237, 22.44034666], [114.11259702, 22.44099408], [114.11250243, 22.44112894], [114.11248309, 22.44124712], [114.11250562, 22.4413803], [114.1126712, 22.44162568], [114.11280669, 22.44178694], [114.11285732, 22.44195553], [114.11281408, 22.44209534], [114.11252015, 22.4425438], [114.11221873, 22.44290114], [114.11208307, 22.44311135], [114.11199505, 22.44331862], [114.11193978, 22.44352483], [114.11195472, 22.44379819], [114.11199816, 22.44387577], [114.11320774, 22.44558405], [114.11329084, 22.44574607], [114.11336184, 22.44583809], [114.11366156, 22.44632811], [114.1137259, 22.44639192], [114.11509908, 22.44829223], [114.11515735, 22.44835208], [114.11526648, 22.44850254], [114.11534578, 22.44858379], [114.11541802, 22.44863517], [114.11607927, 22.44906087], [114.11616654, 22.4492255], [114.11624659, 22.44932852], [114.11628874, 22.44936943], [114.11646047, 22.44950282], [114.11653379, 22.44958451], [114.11658552, 22.44973793], [114.11676077, 22.44977215], [114.11686457, 22.44981218], [114.11707779, 22.44993877], [114.11717065, 22.45004435], [114.1172159, 22.45011017], [114.11736418, 22.45042031], [114.11746996, 22.4505579], [114.11755184, 22.450624], [114.11783067, 22.45073832], [114.11791497, 22.45079377], [114.11807637, 22.45093288], [114.11809024, 22.45097164], [114.11809973, 22.45114488], [114.11806412, 22.45131002], [114.11806529, 22.45140519], [114.11808514, 22.45146735], [114.1182212, 22.45160793], [114.11837338, 22.45175041], [114.11841565, 22.45185098], [114.11842284, 22.45192208], [114.11841678, 22.45202958], [114.11835761, 22.45235987], [114.11835755, 22.45252], [114.11840146, 22.45265214], [114.11850956, 22.45279047], [114.11862974, 22.45291261], [114.11878939, 22.45303797], [114.11889926, 22.45310799], [114.11908439, 22.45326497], [114.1193291, 22.45361778], [114.11952126, 22.45386745], [114.11968805, 22.45401363], [114.12003426, 22.45424962], [114.12057672, 22.45493156], [114.12092898, 22.45516571], [114.12111868, 22.45526208], [114.12145467, 22.45539246], [114.12155484, 22.45545233], [114.12161372, 22.45549637], [114.12169811, 22.45553082], [114.12179887, 22.45564431], [114.12185934, 22.4557858], [114.1219363, 22.45614134], [114.12196327, 22.45648846], [114.12201796, 22.45681097], [114.12205754, 22.45723256], [114.12214176, 22.45748621], [114.12230004, 22.45785521], [114.12242166, 22.45800417], [114.12259455, 22.45816407], [114.12288041, 22.45851861], [114.12291851, 22.45858701], [114.12301715, 22.45869203], [114.12339666, 22.45892496], [114.12357213, 22.45900941], [114.12375543, 22.45908348], [114.12385949, 22.45915398], [114.12385946, 22.4592125], [114.1239029, 22.45948254], [114.12388102, 22.45977281], [114.12393174, 22.46002934], [114.12405148, 22.46017978], [114.1241208, 22.4602416], [114.12438164, 22.4604257], [114.12438886, 22.46052696], [114.12428815, 22.46073281], [114.12414257, 22.46098351], [114.12406989, 22.46121301], [114.12406981, 22.46140202], [114.12426569, 22.46170586], [114.12443035, 22.46201176], [114.12446128, 22.46210884], [114.12493241, 22.46233657], [114.12498715, 22.46273681], [114.12490994, 22.46288251], [114.12479568, 22.46321506], [114.1248162, 22.46355484], [114.12488478, 22.46363839], [114.12509061, 22.46372764], [114.12530615, 22.46380898], [114.12541727, 22.46383441], [114.12555633, 22.46382712], [114.12648482, 22.46381387], [114.12685827, 22.46383147], [114.1268971, 22.46391559], [114.12694141, 22.46397881], [114.12712353, 22.46415383], [114.12718787, 22.46422948], [114.12732323, 22.46436159], [114.12742156, 22.46451063], [114.12749072, 22.46467432], [114.12749794, 22.46486735], [114.12746512, 22.46496611], [114.12753424, 22.46527204], [114.12761553, 22.46549556], [114.12762701, 22.46566376], [114.12766156, 22.46584156], [114.1277275, 22.46604453], [114.12790925, 22.46650797], [114.12657739, 22.46617047], [114.12595419, 22.46569453], [114.12578235, 22.46571381], [114.12558793, 22.4657625], [114.12531625, 22.46592957], [114.12503198, 22.46602467], [114.12472087, 22.46597708], [114.1245315, 22.46595894], [114.12425914, 22.4660413], [114.12387908, 22.46622379], [114.12366977, 22.46625538], [114.12350146, 22.46617778], [114.12333454, 22.46590553], [114.12310658, 22.46579942], [114.12265441, 22.4656806], [114.12235193, 22.46572531], [114.12176692, 22.46586717], [114.12150712, 22.46594917], [114.12092104, 22.46641552], [114.12076363, 22.46660951], [114.12062563, 22.4669776], [114.12060895, 22.4671402], [114.12053777, 22.46742971], [114.1205013, 22.46751436], [114.12043143, 22.46763342], [114.1203731, 22.46770508], [114.12029838, 22.46776263], [114.12021153, 22.46780323], [114.11970624, 22.46791198], [114.11942625, 22.46798921], [114.11881602, 22.46801699], [114.11731123, 22.46894324], [114.11722325, 22.46909621], [114.11702707, 22.46925748], [114.116864, 22.46934289], [114.11657397, 22.46942977], [114.11610174, 22.46942477], [114.11607859, 22.46953369], [114.11609986, 22.46963658], [114.11618851, 22.46971041], [114.11622324, 22.4698723], [114.11620274, 22.47003646], [114.116088, 22.47026281], [114.11577034, 22.47056648], [114.11561696, 22.47081149], [114.11544884, 22.47087575], [114.11534003, 22.47094924], [114.11513223, 22.47129838], [114.11499375, 22.47139942], [114.11487507, 22.47142694], [114.11471689, 22.47138093], [114.11456861, 22.4712614], [114.11443524, 22.47100863], [114.11438581, 22.47094887], [114.11425234, 22.47093043], [114.11417322, 22.47094879], [114.11411387, 22.47099471], [114.1140298, 22.47104982], [114.11385177, 22.47113246], [114.11367868, 22.47125187], [114.11340671, 22.47132987], [114.1130755, 22.47121946], [114.1128728, 22.4712056], [114.11271022, 22.47118965], [114.11234197, 22.47121344], [114.11212324, 22.47113804], [114.11202607, 22.47103258], [114.11196131, 22.47091207], [114.11186413, 22.47079908], [114.11175884, 22.47070114], [114.11162113, 22.47064837], [114.11150771, 22.47061821], [114.11125653, 22.4706407], [114.1108676, 22.47069325], [114.11064888, 22.4705802], [114.11034918, 22.47041442], [114.11023575, 22.47040684], [114.11007371, 22.47038418], [114.10982258, 22.47030878], [114.10958767, 22.47019573], [114.10937713, 22.46993961], [114.10929623, 22.46969108], [114.10915912, 22.46934656], [114.1090869, 22.46926526], [114.10895212, 22.46919747], [114.1088659, 22.46917373], [114.10876022, 22.46919908], [114.10467532, 22.46994232], [114.10425456, 22.46998427], [114.10417187, 22.46993501], [114.10376898, 22.46974931], [114.10339081, 22.4694941], [114.10287826, 22.46937714], [114.10273588, 22.46938123], [114.10258539, 22.4693468], [114.10239787, 22.46913869], [114.10195748, 22.46874781], [114.10169496, 22.46866436], [114.1014239, 22.46850847], [114.10139803, 22.4684842], [114.1012996, 22.46844014], [114.10091842, 22.4682109], [114.10070574, 22.46788023], [114.10004476, 22.46758794], [114.0999833, 22.46755104], [114.09947016, 22.467394], [114.09908326, 22.46741636], [114.09903343, 22.467399], [114.0989537, 22.46741189], [114.09835128, 22.46738437], [114.09739905, 22.46698444], [114.09728897, 22.46691967], [114.09721689, 22.46689109], [114.0970124, 22.46686785], [114.09627885, 22.4667471], [114.09524189, 22.46673918], [114.09479279, 22.46676639], [114.09454651, 22.46682103], [114.09422614, 22.46681709], [114.09413193, 22.4667327], [114.09407041, 22.46669707], [114.09402753, 22.46665894], [114.09370715, 22.46648047], [114.09323811, 22.46639718], [114.09301265, 22.46637148], [114.09281029, 22.46628439], [114.09271606, 22.46619737], [114.09269338, 22.46616212], [114.09258631, 22.46608372], [114.09252723, 22.46605112], [114.09244075, 22.46602023], [114.09203503, 22.46604385], [114.09195616, 22.46606757], [114.09192579, 22.4660695], [114.09175733, 22.46604007], [114.09126094, 22.46591411], [114.09104441, 22.46590758], [114.09087755, 22.46595213], [114.09056797, 22.46615203], [114.09015428, 22.46623766], [114.08979524, 22.4661788], [114.08943051, 22.46598161], [114.08915953, 22.46593947], [114.08893363, 22.46609333], [114.08908646, 22.46636731], [114.0896979, 22.46729409], [114.09000324, 22.46792662], [114.09010896, 22.46825522], [114.09009814, 22.46858961], [114.08988433, 22.46945482], [114.0898653, 22.47029443], [114.08966809, 22.47073489], [114.0895545, 22.47144065], [114.08977379, 22.47312967], [114.08974428, 22.47339219], [114.08953201, 22.473924], [114.08953455, 22.47407302], [114.08956063, 22.47438599], [114.08960118, 22.4746369], [114.08953405, 22.47487504], [114.08951129, 22.47532598], [114.08946358, 22.47586609], [114.08941293, 22.47627243], [114.0893484, 22.47651057], [114.08932825, 22.47668721], [114.08936889, 22.47677021], [114.08944225, 22.47696496], [114.08944644, 22.47707051], [114.08941217, 22.4774746], [114.08941686, 22.47775003], [114.08951451, 22.47815664], [114.08952903, 22.47824526], [114.08964474, 22.47929094], [114.08955184, 22.48069802], [114.08944523, 22.48092254], [114.0894233, 22.48103428], [114.0893404, 22.48123093], [114.08926523, 22.48157941], [114.08946164, 22.4817471], [114.08964074, 22.48196566], [114.08980397, 22.48219546], [114.08987012, 22.48227], [114.09002183, 22.482471], [114.09002182, 22.48249019], [114.09010616, 22.48261215], [114.09021416, 22.48279338], [114.0902791, 22.48285719], [114.09035311, 22.48298027], [114.09037252, 22.48303446], [114.09044229, 22.48314681], [114.09046534, 22.48320158], [114.09071116, 22.48343085], [114.0907579, 22.48348336], [114.0910302, 22.4841179], [114.09124809, 22.48435957], [114.09134157, 22.48443525], [114.09158625, 22.48455052], [114.09169497, 22.48455905], [114.09195119, 22.48467375], [114.09218371, 22.48481442], [114.09229117, 22.48489575], [114.09233841, 22.48510967], [114.09230859, 22.48520899], [114.09231281, 22.48526939], [114.09228724, 22.48535968], [114.09225556, 22.48552447], [114.09219682, 22.48605003], [114.09219295, 22.48626168], [114.0920978, 22.48713098], [114.09230018, 22.48816567], [114.09243163, 22.48855803], [114.09248096, 22.48875883], [114.09239591, 22.48950667], [114.09240834, 22.48983973], [114.09265474, 22.49057695], [114.0924585, 22.49108669], [114.09248535, 22.49122834], [114.09260657, 22.49141544], [114.09299179, 22.49169043], [114.09319835, 22.49201458], [114.09316194, 22.49210583], [114.09253715, 22.49239807], [114.09245849, 22.49251342], [114.09248282, 22.49256056], [114.09256395, 22.4926669], [114.09266653, 22.49275894], [114.09277627, 22.49283973], [114.09278795, 22.49286611], [114.09275322, 22.49290936], [114.09271719, 22.49293561], [114.09264287, 22.49296241], [114.09261079, 22.49298315], [114.09253608, 22.49305173], [114.09242309, 22.4931351], [114.09233288, 22.49323081], [114.09230225, 22.49327501], [114.09229748, 22.49329658], [114.09230361, 22.49339347], [114.09229314, 22.49342008], [114.09216145, 22.49347989], [114.0921131, 22.4935266], [114.09206789, 22.4936757], [114.09207666, 22.49371843], [114.09213652, 22.49386092], [114.09213789, 22.49389719], [114.09210702, 22.49396299], [114.09207401, 22.49400906], [114.09202465, 22.49405944], [114.09193151, 22.49412578], [114.09181412, 22.49416504], [114.09167651, 22.49417058], [114.09153004, 22.49413485], [114.09148556, 22.49413083], [114.09142968, 22.49413505], [114.09138263, 22.49416248], [114.09135777, 22.49420558], [114.09134572, 22.49425162], [114.09131072, 22.49431198], [114.09123752, 22.49439971], [114.09122856, 22.49442104], [114.09118308, 22.49457612], [114.09118282, 22.49465647], [114.09116926, 22.49472393], [114.09109726, 22.49498223], [114.09105515, 22.49508681], [114.09100787, 22.49517329], [114.09091397, 22.4952568], [114.09084671, 22.49534386], [114.09081959, 22.49539889], [114.09076995, 22.49553926], [114.09075341, 22.49561245], [114.09071146, 22.49566629], [114.09068083, 22.49573609], [114.09060597, 22.49583319], [114.09057041, 22.49590061], [114.09047025, 22.4960371], [114.0897971, 22.49637077], [114.08970308, 22.49653195], [114.08993081, 22.49682906], [114.09031544, 22.49709439], [114.09041942, 22.49740981], [114.09036484, 22.49761851], [114.09024456, 22.49781123], [114.09029111, 22.49840759], [114.09039193, 22.49877651], [114.09106132, 22.49939957], [114.0913055, 22.50033951], [114.0916985, 22.50126329], [114.0916225, 22.50198417], [114.09155294, 22.50225064], [114.09140989, 22.50273312], [114.09131685, 22.5029199], [114.09129309, 22.50303106], [114.09122495, 22.50320035], [114.0912404, 22.50349746], [114.09132202, 22.50426073], [114.09136783, 22.50485225], [114.09116987, 22.50486248], [114.09050542, 22.5047436], [114.09025886, 22.50464808], [114.09007424, 22.50459267], [114.08988597, 22.50454798], [114.08959868, 22.50450211], [114.0893111, 22.50448261], [114.08931845, 22.5047141], [114.08935888, 22.50481826], [114.08968424, 22.50538317], [114.089762, 22.50546726], [114.08994935, 22.50562057], [114.09000564, 22.50569969], [114.09002821, 22.50575068], [114.09037706, 22.50681375], [114.09043811, 22.50703596], [114.09043803, 22.50709583], [114.09041555, 22.5071814], [114.09037734, 22.50723678], [114.09028463, 22.5072979], [114.09020696, 22.5073768], [114.09004524, 22.50766358], [114.09000952, 22.50770709], [114.08998398, 22.50777916], [114.08982376, 22.50798005], [114.08975114, 22.50809363], [114.08970851, 22.50817909], [114.08966907, 22.5083109], [114.08966424, 22.50835775], [114.09020185, 22.50841485], [114.09087787, 22.50850664], [114.09141021, 22.50853459], [114.09164217, 22.50868546], [114.09182436, 22.50886557], [114.09204619, 22.50891096], [114.09235607, 22.50903627], [114.09257588, 22.50917691], [114.09263293, 22.50925257], [114.09281671, 22.50971999], [114.0929144, 22.50990009], [114.09313227, 22.51024392], [114.09326895, 22.51039092], [114.09316454, 22.51054745], [114.09292528, 22.51073588], [114.09276036, 22.51092255], [114.09243923, 22.5111826], [114.09226355, 22.51133671], [114.09214866, 22.51148226], [114.09204287, 22.51163402], [114.0919474, 22.51179088], [114.09182394, 22.51203633], [114.09175519, 22.51220504], [114.09169738, 22.51237772], [114.0916511, 22.51255323], [114.09161576, 22.51273043], [114.09158522, 22.5130002], [114.0915808, 22.51327054], [114.09159224, 22.51345115], [114.09164556, 22.51379763], [114.09155225, 22.51426217], [114.09148289, 22.51443089], [114.09144032, 22.51451214], [114.09122114, 22.5147976], [114.09085376, 22.5149304], [114.09052715, 22.51492724], [114.09066516, 22.51511559], [114.09073156, 22.5155127], [114.09097125, 22.51569998], [114.09104935, 22.51583904], [114.09111603, 22.51607745], [114.0911488, 22.51642273], [114.09119162, 22.51647918], [114.09126244, 22.51653029], [114.09135066, 22.51654664], [114.09131454, 22.51658936], [114.09130116, 22.51666881], [114.09130863, 22.51672429], [114.09133979, 22.51681728], [114.09135151, 22.51688076], [114.09135002, 22.51701107], [114.0912971, 22.51722263], [114.09126297, 22.51730539], [114.09122127, 22.51744828], [114.09119438, 22.51749981], [114.09118164, 22.51756251], [114.09119244, 22.51772694], [114.09118453, 22.51776674], [114.09118594, 22.51784832], [114.09115814, 22.51794948], [114.09119974, 22.51811775], [114.09130207, 22.51831056], [114.09154286, 22.5186251], [114.09166574, 22.51888187], [114.09175037, 22.5190924], [114.09175804, 22.51945926], [114.0917215, 22.51959525], [114.0916698, 22.51971488], [114.09164114, 22.51987854], [114.09166049, 22.52002416], [114.09173143, 22.52025956], [114.09168877, 22.52047683], [114.09165468, 22.52059477], [114.09166123, 22.52080247], [114.08966591, 22.52095183], [114.08973537, 22.5213596], [114.08975533, 22.52153146], [114.08968083, 22.52171507], [114.08928914, 22.52237434], [114.08928902, 22.52244338], [114.08931816, 22.5226626], [114.08933997, 22.52275066], [114.0893788, 22.52283308], [114.08943282, 22.52290817], [114.08952349, 22.52300771], [114.08953112, 22.52308206], [114.08947094, 22.52315145], [114.08941559, 22.52316969], [114.08931836, 22.52310315], [114.08912137, 22.5230065], [114.08906354, 22.52295982], [114.08897727, 22.52287136], [114.08888205, 22.5227358], [114.08873738, 22.52255643], [114.08869546, 22.52252774], [114.08866595, 22.52252422], [114.08864696, 22.52249969], [114.08865985, 22.5223061], [114.08864847, 22.52203518], [114.08860308, 22.5217682], [114.08855338, 22.52159321], [114.0884897, 22.52142273], [114.08836714, 22.52117715], [114.08826822, 22.52102189], [114.08809583, 22.52080337], [114.08796591, 22.52066954], [114.08782505, 22.52054472], [114.08751239, 22.5202251], [114.08730171, 22.5200376], [114.0870807, 22.51986083], [114.08692829, 22.51974899], [114.08669147, 22.51959139], [114.08652872, 22.51949253], [114.08627792, 22.51935468], [114.08597855, 22.519166], [114.08588684, 22.5191366], [114.08579087, 22.51912017], [114.08569427, 22.5191173], [114.08559768, 22.51912853], [114.08550411, 22.51915275], [114.08543119, 22.51918318], [114.08521727, 22.51932077], [114.08507563, 22.51944486], [114.08496557, 22.51957522], [114.08490731, 22.51962859], [114.08487721, 22.51968456], [114.08485161, 22.51975035], [114.08482796, 22.51981115], [114.08475664, 22.51999446], [114.08475145, 22.52007449], [114.08472311, 22.52018616], [114.08465465, 22.52029681], [114.08463689, 22.52031355], [114.08455741, 22.52035754], [114.08411422, 22.52048477], [114.08460517, 22.52115438], [114.08468437, 22.5212624], [114.08507504, 22.52192925], [114.0853191, 22.52250511], [114.08533506, 22.52302024], [114.08530221, 22.52341413], [114.08512268, 22.52380794], [114.08482908, 22.52421684], [114.08419278, 22.52475334], [114.08386039, 22.52496915], [114.08373665, 22.5250495], [114.08273597, 22.52560618], [114.08261116, 22.52567561], [114.08191654, 22.52606202], [114.08060659, 22.52662026], [114.07967719, 22.52730148], [114.07868278, 22.52846379], [114.07840489, 22.52890667], [114.07823248, 22.52918143], [114.07805807, 22.52945939], [114.07802285, 22.52941908], [114.07771897, 22.52888275], [114.07750922, 22.52842791], [114.07697245, 22.52691569], [114.07681672, 22.52647697], [114.07672577, 22.52622072], [114.07537208, 22.5224069], [114.07479208, 22.52077274], [114.07454765, 22.5203455], [114.07430404, 22.5199197], [114.07360203, 22.51912442], [114.07318028, 22.51878728], [114.07293227, 22.51861062], [114.07254093, 22.51840138], [114.07213813, 22.5182512], [114.07165511, 22.51807444], [114.07152781, 22.51804358], [114.07136286, 22.51799836], [114.07077793, 22.51783518], [114.0701054, 22.51763803], [114.06953354, 22.51746884], [114.06939927, 22.51743318], [114.06925584, 22.51739902], [114.06904824, 22.51735648], [114.06859919, 22.51728701], [114.0673033, 22.51710422], [114.06682282, 22.51703645], [114.06634904, 22.51697099], [114.06569771, 22.51688194], [114.06545774, 22.51684556], [114.0650656, 22.51675494], [114.06475734, 22.51666036], [114.06446206, 22.51654462], [114.06422371, 22.51643412], [114.06409, 22.51636395], [114.06363164, 22.51607863], [114.06359221, 22.51605235], [114.06181455, 22.51486889], [114.06132812, 22.51454557], [114.06067598, 22.51410478], [114.06025273, 22.51377261], [114.05976275, 22.51334078], [114.05931486, 22.51287328], [114.05888176, 22.51234496], [114.05849951, 22.51177211], [114.05799844, 22.51075261], [114.05768454, 22.50991005], [114.05748112, 22.50913626], [114.05740226, 22.50859157], [114.05738791, 22.50847345], [114.05735947, 22.50795182], [114.05734455, 22.50779684], [114.05722961, 22.50660295], [114.05714727, 22.50616713], [114.05710149, 22.50592481], [114.05697598, 22.50555256], [114.0568533, 22.50528135], [114.05655089, 22.50481878], [114.05610616, 22.50431068], [114.05567155, 22.50393242], [114.05516279, 22.50361487], [114.05428058, 22.50323623], [114.05365244, 22.5029261], [114.0536046, 22.50290604], [114.05348403, 22.5028555], [114.05334586, 22.50279758], [114.05329802, 22.50277753], [114.05248283, 22.50255641], [114.05148914, 22.50236872], [114.0506598, 22.50235626], [114.04969562, 22.50246965], [114.04899239, 22.50264782], [114.04846676, 22.50282306], [114.04812202, 22.50299326], [114.04655858, 22.50373467], [114.04535266, 22.50407475], [114.04306562, 22.50444195], [114.0422707, 22.50464821], [114.04084824, 22.50506936], [114.03714744, 22.50568013], [114.03180285, 22.50633681], [114.02791177, 22.50666588], [114.02542476, 22.50676771], [114.02453835, 22.50661817], [114.02256926, 22.50524723], [114.02154147, 22.50453944], [114.02042427, 22.50383154], [114.01912813, 22.50316504], [114.01749666, 22.50237347], [114.01664747, 22.50195685], [114.01444592, 22.50115283], [114.01338422, 22.50087257], [114.01244531, 22.50070531], [114.01219037, 22.50069436], [114.01199888, 22.50065566], [114.01162596, 22.50065527], [114.01119406, 22.50072778], [114.00985887, 22.50116411], [114.00852342, 22.50180104], [114.00756089, 22.50243835], [114.00630342, 22.50349481], [114.005463, 22.50425833], [114.00532183, 22.50437997], [114.00511815, 22.50456878], [114.0046747, 22.50510205], [114.00427919, 22.50557977], [114.00391968, 22.50596856], [114.0034284, 22.50646842], [114.00293717, 22.50691267], [114.00251784, 22.50729028], [114.00214645, 22.50760122], [114.00170321, 22.50795658], [114.00117617, 22.50832294], [114.00075694, 22.50861159], [114.00042158, 22.5088225], [114.00012214, 22.5090112], [113.99978682, 22.50918875], [113.99951136, 22.50935524], [113.99916407, 22.50953277], [113.99887665, 22.509677], [113.99850861, 22.50985847], [113.99835674, 22.50991341], [113.9980718, 22.50999755], [113.99779294, 22.51005918], [113.99755047, 22.51010959], [113.99715646, 22.51017109], [113.99690797, 22.5101877], [113.99672614, 22.51020439], [113.99653825, 22.51021545], [113.99635037, 22.51022086], [113.99619885, 22.51022633], [113.99597462, 22.51022607], [113.99576253, 22.51021457], [113.99542336, 22.5101915], [113.99522456, 22.51015768], [113.99505745, 22.51006352], [113.97019574, 22.49022858], [113.94780637, 22.47235798], [113.93143387, 22.46330433], [113.90654813, 22.44953762], [113.89740419, 22.44447758], [113.87421746, 22.43164262], [113.87423216, 22.43164074], [113.93051879, 22.42442268], [113.93791654, 22.4234725], [113.93810541, 22.42343045], [113.93828885, 22.42337146], [113.93846563, 22.42329609], [113.93855069, 22.42325219], [113.93871295, 22.42315366], [113.93886491, 22.42304101], [113.93900414, 22.42291479], [113.93912943, 22.42277726], [113.93923957, 22.42262842], [113.93937413, 22.42238874], [113.93942595, 22.42226635], [113.93944742, 22.42213261], [113.93945926, 22.42195259], [113.93945242, 22.42169464], [113.93929255, 22.42074734], [113.93923532, 22.42048763], [113.93917316, 22.42026968], [113.93908072, 22.42001275], [113.93898941, 22.41980321], [113.93893197, 22.41964152], [113.93936025, 22.41957342], [113.93990626, 22.41951779], [113.93997532, 22.41953335], [113.94001486, 22.41956497], [113.94004698, 22.41960978], [113.94005952, 22.4196486], [113.94006378, 22.4197016], [113.94004987, 22.41978368], [113.93995847, 22.42010205], [113.93995247, 22.42015017], [113.93995682, 22.42019692], [113.939973, 22.42024506], [113.94000394, 22.4202946], [113.94004819, 22.42034966], [113.94014115, 22.42043503], [113.94021682, 22.42048453], [113.94030058, 22.42052314], [113.94042266, 22.42055183], [113.94078717, 22.42058417], [113.94084475, 22.42062826], [113.94088888, 22.42074655], [113.94089909, 22.42082768], [113.94089153, 22.42093491], [113.94080813, 22.42130708], [113.94080804, 22.42135932], [113.94084922, 22.42147625], [113.94088606, 22.42154229], [113.94092736, 22.42159184], [113.94154032, 22.42213116], [113.94172819, 22.42227889], [113.94184691, 22.42231862], [113.94218252, 22.42232404], [113.94226374, 22.42234962], [113.9423255, 22.42238423], [113.94238281, 22.422441], [113.94244486, 22.4225706], [113.94259832, 22.42297157], [113.94264715, 22.42307013], [113.9426868, 22.42312936], [113.94271768, 22.42316162], [113.94278602, 22.42320234], [113.94282621, 22.42321058], [113.94289246, 22.42320739], [113.94297287, 22.42318121], [113.94323139, 22.42307229], [113.94331002, 22.42305352], [113.94346991, 22.42303649], [113.94394667, 22.42288385], [113.94406151, 22.42286266], [113.94417252, 22.42286058], [113.94425623, 22.42287608], [113.94437617, 22.4229238], [113.94444662, 22.42297026], [113.94447505, 22.42301601], [113.94448208, 22.42307629], [113.94447047, 22.42311139], [113.94440319, 22.42320792], [113.94432886, 22.42328423], [113.94420859, 22.42338265], [113.94408127, 22.42346054], [113.94401848, 22.42351271], [113.94394546, 22.42360791], [113.94383455, 22.42391062], [113.94381939, 22.42400098], [113.94382529, 22.42416582], [113.94385159, 22.42424025], [113.94389209, 22.42429176], [113.94394093, 22.42432785], [113.94396215, 22.42433045], [113.94451526, 22.42432456], [113.94493963, 22.42433258], [113.94502178, 22.42432201], [113.94510126, 22.42433527], [113.9451648, 22.42436412], [113.94523448, 22.42442092], [113.94527944, 22.42446536], [113.94541033, 22.42463612], [113.9454844, 22.42470607], [113.94555451, 22.42475577], [113.94571028, 22.42483836], [113.94591943, 22.42490953], [113.94598594, 22.42495071], [113.94600239, 22.42497319], [113.9460301, 22.42505162], [113.9460344, 22.42511818], [113.9460132, 22.42529023], [113.94588629, 22.42570336], [113.94585204, 22.425765], [113.94583214, 22.42582575], [113.94580864, 22.42593581], [113.94581672, 22.42606979], [113.94582544, 22.42613587], [113.94584434, 22.42618866], [113.94610684, 22.42683736], [113.946172, 22.42696066], [113.946269, 22.4271146], [113.94632822, 22.42718941], [113.94636343, 22.42721859], [113.94648437, 22.42727803], [113.9465787, 22.4273385], [113.94668637, 22.42745958], [113.94673621, 22.42753378], [113.94678128, 22.42761832], [113.94686039, 22.42782608], [113.9468634, 22.4279056], [113.94690426, 22.42805456], [113.94695815, 22.42815831], [113.94708492, 22.42834548], [113.9471955, 22.42848308], [113.94724695, 22.4285223], [113.94733836, 22.42855904], [113.94791075, 22.42874426], [113.94800198, 22.42879683], [113.94806153, 22.42886338], [113.94807281, 22.42889594], [113.9480717, 22.42896928], [113.94803573, 22.42908423], [113.94800178, 22.42946336], [113.94796419, 22.42972922], [113.94797165, 22.42986754], [113.94803552, 22.42993713], [113.94812469, 22.42998466], [113.94826485, 22.43003397], [113.94835039, 22.43007473], [113.94840551, 22.43014818], [113.9484175, 22.4302368], [113.94835479, 22.43035185], [113.94827693, 22.43044148], [113.94817937, 22.43059878], [113.94819716, 22.43069896], [113.94839668, 22.43096395], [113.9484529, 22.43106658], [113.94848354, 22.43114294], [113.94847355, 22.431237], [113.95021736, 22.43335088], [113.95465932, 22.43336104], [113.97036315, 22.43339596], [113.97041412, 22.43054861], [113.97488416, 22.43046452], [113.98098404, 22.43034956], [113.98098276, 22.43083043], [113.98105191, 22.43087511], [113.98137608, 22.43088847], [113.98155277, 22.4308791], [113.98163657, 22.43086452], [113.98184904, 22.43087437], [113.98190672, 22.43086485], [113.98199723, 22.43083278], [113.98207623, 22.4307804], [113.98213946, 22.43071217], [113.98218328, 22.43063208], [113.98223133, 22.43057006], [113.98227022, 22.43054245], [113.98231396, 22.43052387], [113.98236132, 22.43051434], [113.98241837, 22.43052908], [113.98250696, 22.43056587], [113.9826853, 22.43067107], [113.9827332, 22.43071515], [113.98277993, 22.43072649], [113.98301675, 22.43068952], [113.9832869, 22.43069888], [113.98333485, 22.43070571], [113.98350295, 22.43075615], [113.98359948, 22.43075626], [113.98413484, 22.43083366], [113.98421861, 22.43083602], [113.98431154, 22.43081073], [113.98439053, 22.4307589], [113.98442215, 22.43072451], [113.98446536, 22.43064442], [113.98447763, 22.43055525], [113.98447411, 22.43046212], [113.98444272, 22.43033001], [113.9844052, 22.43024701], [113.98441135, 22.43019226], [113.98445629, 22.4301816], [113.98453572, 22.43025111], [113.98457576, 22.43027599], [113.98466313, 22.43031504], [113.98475719, 22.43033603], [113.98480576, 22.43034004], [113.9851057, 22.43031669], [113.98519378, 22.43027955], [113.98539498, 22.43009805], [113.98543941, 22.43001796], [113.98546928, 22.42992825], [113.98551483, 22.42991758], [113.98557735, 22.42992443], [113.98562286, 22.42993972], [113.98566411, 22.42996404], [113.98569928, 22.42999512], [113.98572655, 22.43003184], [113.985851, 22.43003651], [113.98589357, 22.4299818], [113.98600042, 22.42998306], [113.98603749, 22.42995432], [113.98616929, 22.42991497], [113.98636055, 22.42988754], [113.98650626, 22.42988941], [113.98655243, 22.42986463], [113.98664415, 22.42983482], [113.98689493, 22.42979109], [113.98713117, 22.42973888], [113.98756905, 22.42961748], [113.98771417, 22.42960354], [113.98781069, 22.42960874], [113.98799034, 22.42964337], [113.988184, 22.4296515], [113.98814631, 22.42968983], [113.98809642, 22.4297671], [113.9880708, 22.42985399], [113.9880671, 22.42989914], [113.98809708, 22.43017573], [113.98838128, 22.43012357], [113.98845512, 22.43029072], [113.98878839, 22.43030352], [113.98883574, 22.43031205], [113.98887942, 22.43033129], [113.98891642, 22.43036068], [113.98905731, 22.43032698], [113.9890515, 22.43013282], [113.98916327, 22.43008723], [113.98923403, 22.42983616], [113.98944665, 22.4297365], [113.98950009, 22.42972415], [113.98954195, 22.42974508], [113.98962322, 22.42980613], [113.98966021, 22.42984286], [113.98979556, 22.42986446], [113.98988414, 22.42990012], [113.98995996, 22.42995608], [113.98999148, 22.42999055], [113.99003873, 22.43006905], [113.99010236, 22.43015266], [113.99020241, 22.43025098], [113.99028428, 22.43031034], [113.99071589, 22.43079792], [113.99078806, 22.43085782], [113.99089058, 22.43091382], [113.99092089, 22.43094885], [113.99103106, 22.4311928], [113.99108557, 22.43128824], [113.99117528, 22.43139502], [113.99138995, 22.43158039], [113.99144327, 22.43165551], [113.99146265, 22.4316973], [113.9916799, 22.43176867], [113.9917825, 22.43177104], [113.9918784, 22.4317847], [113.99197247, 22.43180851], [113.99206228, 22.43184192], [113.99200684, 22.43199029], [113.99278471, 22.43200807], [113.99287956, 22.43111274], [113.99292468, 22.43087664], [113.99299258, 22.43066902], [113.99305879, 22.43054719], [113.99325142, 22.43031894], [113.9933106, 22.43037951], [113.99339502, 22.43044823], [113.99364249, 22.4306219], [113.99398277, 22.43087785], [113.99477123, 22.43152665], [113.99574239, 22.43222977], [113.99642622, 22.43269844], [113.99645725, 22.4327197], [113.99648481, 22.43258999], [113.99652432, 22.43247276], [113.99653175, 22.43242247], [113.99651803, 22.43230424], [113.99593625, 22.43088005], [113.99567611, 22.43027862], [113.99565566, 22.43023135], [113.99555294, 22.43004249], [113.99524737, 22.42940389], [113.99476449, 22.42912938], [113.99465698, 22.42900524], [113.9946694, 22.42833395], [113.99468766, 22.42808358], [113.99451761, 22.4277531], [113.99440741, 22.4276275], [113.99378727, 22.42751845], [113.99373289, 22.42748181], [113.99365772, 22.42743115], [113.9935851, 22.42727986], [113.99358345, 22.42707655], [113.99366678, 22.42609413], [113.99369628, 22.42594571], [113.99373511, 22.42579114], [113.99375697, 22.42570415], [113.99378719, 22.42565964], [113.9938257, 22.42562515], [113.99394241, 22.42555488], [113.99406551, 22.42551924], [113.99466036, 22.42542215], [113.9953812, 22.42519861], [113.99561042, 22.42505554], [113.99581261, 22.42485372], [113.99589539, 22.42474494], [113.99604211, 22.42453773], [113.99625022, 22.42417118], [113.99626547, 22.42406296], [113.99633843, 22.42388124], [113.9964919, 22.42367064], [113.99649838, 22.42349579], [113.9965546, 22.42332328], [113.99676827, 22.42303863], [113.99697288, 22.42295228], [113.99708387, 22.42275818], [113.99734666, 22.42236616], [113.99745444, 22.42236358], [113.99757892, 22.42238025], [113.99768707, 22.42243535], [113.99786321, 22.42246187], [113.99798971, 22.42244213], [113.99818107, 22.42237214], [113.99826478, 22.42236404], [113.99837926, 22.42238991], [113.99844587, 22.42244322], [113.9985377, 22.42248075], [113.9986547, 22.42250486], [113.99872891, 22.42253946], [113.99884453, 22.42265132], [113.99892068, 22.42264672], [113.99911211, 22.42252994], [113.99916316, 22.42246507], [113.99924437, 22.42243006], [113.99933632, 22.42236054], [113.99949121, 22.42227882], [113.99996827, 22.42218691], [114.00006149, 22.42211213], [114.00077826, 22.42203043], [114.00108667, 22.42195472], [114.00119491, 22.4219408], [114.00185116, 22.42195321], [114.00213166, 22.42187435], [114.00676908, 22.42191381], [114.00694142, 22.41477377], [114.01216627, 22.41469], [114.01216984, 22.40909255], [114.01217272, 22.40457476], [114.02305557, 22.404578], [114.04206849, 22.40458191], [114.04210839, 22.40458192], [114.0516095, 22.40458303], [114.05162133, 22.4077213], [114.0516247, 22.40861684], [114.05977745, 22.40860207], [114.05972594, 22.40487357], [114.05744547, 22.40487359], [114.05737379, 22.39783089], [114.06581856, 22.39770427], [114.06596212, 22.39181707]]]]}, "properties": {"GmlID": "DCD.1", "OBJECTID": 1, "AREA_ID": "M", "AREA_CODE": "YL", "NAME_TC": "元朗區", "NAME_EN": "Yuen Long District", "REGION": "NT", "Shape_Length": 86242.93413994, "Shape_Area": 188468497.45274544}}, {"type": "Feature", "geometry": {"type": "MultiPolygon", "coordinates": [[[[114.16338399, 22.2588223], [114.16305402, 22.25870338], [114.16282772, 22.25847147], [114.1627628, 22.25844317], [114.16268181, 22.25842763], [114.16232206, 22.25847198], [114.16225059, 22.2584986], [114.1621529, 22.25856072], [114.16206236, 22.2586295], [114.16202185, 22.25867166], [114.16195037, 22.25882254], [114.16188177, 22.25894514], [114.16177905, 22.25897965], [114.15831301, 22.25787518], [114.15515799, 22.25933267], [114.1551993, 22.25917659], [114.15520373, 22.25896604], [114.1551956, 22.25879878], [114.15515601, 22.25865425], [114.15516417, 22.25861828], [114.15519564, 22.25855242], [114.15522617, 22.25842768], [114.15525256, 22.25818593], [114.15524747, 22.25809613], [114.15522719, 22.25803189], [114.15512004, 22.25787756], [114.15499835, 22.25772352], [114.15479162, 22.25754738], [114.15475195, 22.2574986], [114.15466379, 22.25733523], [114.15462984, 22.25729305], [114.15449384, 22.25716498], [114.15441876, 22.25708053], [114.15423874, 22.25682837], [114.15419617, 22.25672948], [114.15418764, 22.25665687], [114.15420191, 22.25662391], [114.15429835, 22.25655655], [114.15430961, 22.25652359], [114.15428973, 22.25650246], [114.15424298, 22.25641684], [114.15420178, 22.25624002], [114.154172, 22.25619251], [114.15413368, 22.25616081], [114.15395082, 22.25607761], [114.15391823, 22.25604988], [114.15386575, 22.25598133], [114.15383598, 22.25592714], [114.15383424, 22.25615299], [114.15381514, 22.25619419], [114.15379045, 22.25622601], [114.15375063, 22.25625977], [114.15370039, 22.25627768], [114.15364976, 22.25628258], [114.15359196, 22.2562754], [114.15352713, 22.25624866], [114.15348675, 22.25620948], [114.15335782, 22.25601619], [114.15323717, 22.25586502], [114.15322097, 22.25581332], [114.1532012, 22.25578317], [114.15303088, 22.25562749], [114.15296349, 22.25555109], [114.15290088, 22.25543286], [114.15285852, 22.25538221], [114.1527122, 22.25526676], [114.15259034, 22.25517798], [114.15248636, 22.25511944], [114.15236471, 22.25509243], [114.1523167, 22.25505542], [114.15227197, 22.25494508], [114.15225307, 22.25484143], [114.1521688, 22.254647], [114.15213767, 22.25459625], [114.15207068, 22.2545145], [114.15203058, 22.25442491], [114.15196927, 22.25432083], [114.15193181, 22.25427927], [114.15174938, 22.25413628], [114.15170205, 22.25411688], [114.15165294, 22.25410858], [114.15147248, 22.25411484], [114.15137214, 22.25413406], [114.15129243, 22.2541307], [114.15111007, 22.25409014], [114.15103294, 22.25408443], [114.15086652, 22.25409424], [114.15081946, 22.25407852], [114.15080319, 22.25405993], [114.15077304, 22.25396785], [114.15072021, 22.25390215], [114.15047429, 22.25371113], [114.15041436, 22.25368697], [114.15024717, 22.25367409], [114.15005601, 22.2535586], [114.14997244, 22.25352321], [114.14990648, 22.25350665], [114.14980366, 22.25350018], [114.14971232, 22.25343896], [114.14959128, 22.25338974], [114.14947275, 22.25336038], [114.14942033, 22.25336547], [114.14939105, 22.25337891], [114.14930936, 22.25348737], [114.14915873, 22.25355718], [114.1490706, 22.25358216], [114.14903087, 22.25357942], [114.14897033, 22.25356096], [114.14892087, 22.25352713], [114.14889547, 22.25349194], [114.14887454, 22.25344259], [114.1488669, 22.25339076], [114.14880987, 22.25329369], [114.14862029, 22.25303183], [114.14854103, 22.2529724], [114.14848475, 22.25295067], [114.1483595, 22.25287233], [114.14826582, 22.25285379], [114.14822162, 22.25283359], [114.14818234, 22.25277972], [114.14818241, 22.25264015], [114.14817493, 22.25258756], [114.1481374, 22.25248469], [114.14810286, 22.25242688], [114.14800386, 22.25235018], [114.14762722, 22.25233217], [114.14742657, 22.25229151], [114.14733991, 22.25226057], [114.14725412, 22.25224634], [114.14719904, 22.2522291], [114.14715831, 22.25218761], [114.14706727, 22.25212435], [114.14700476, 22.25209348], [114.14693934, 22.2520809], [114.14682936, 22.25209196], [114.14676611, 22.25212168], [114.14660393, 22.25222556], [114.14656265, 22.25224309], [114.14645624, 22.25234656], [114.14644729, 22.25239919], [114.1464057, 22.2525027], [114.14634416, 22.25261484], [114.1462869, 22.25264286], [114.1461415, 22.25266008], [114.14610223, 22.25267611], [114.14599053, 22.2528172], [114.14595539, 22.25290601], [114.14596918, 22.25315152], [114.14600427, 22.25323733], [114.14600459, 22.25329891], [114.1459029, 22.25348283], [114.14586583, 22.25351611], [114.14577332, 22.25357467], [114.14573076, 22.25362624], [114.14566638, 22.25387912], [114.14563603, 22.25392172], [114.14561261, 22.2539368], [114.14550237, 22.2539724], [114.14546164, 22.25399823], [114.14543206, 22.25403493], [114.14541564, 22.25408821], [114.1454158, 22.25415309], [114.14537777, 22.25431197], [114.14530852, 22.25450939], [114.14529327, 22.25473011], [114.14531585, 22.25477098], [114.14543397, 22.25485409], [114.14547352, 22.25486331], [114.14569918, 22.25485393], [114.14599562, 22.25475798], [114.14603536, 22.25476239], [114.14606539, 22.25478714], [114.14607535, 22.25481633], [114.14607852, 22.25492821], [114.14618414, 22.25521639], [114.14618715, 22.25526828], [114.14615944, 22.25545323], [114.14617307, 22.25550145], [114.14620904, 22.25554794], [114.14632641, 22.25566109], [114.14636185, 22.25571476], [114.14636193, 22.25574866], [114.14634561, 22.25577885], [114.14620975, 22.25591458], [114.1461873, 22.25595342], [114.1461837, 22.25599056], [114.14619787, 22.25604269], [114.14624395, 22.25609881], [114.14635661, 22.25616866], [114.14648852, 22.25622156], [114.14658922, 22.25624772], [114.14679037, 22.25625198], [114.14680935, 22.25626166], [114.14684264, 22.25630912], [114.14684036, 22.25634749], [114.14676709, 22.25662482], [114.14674456, 22.25667579], [114.1466721, 22.25678166], [114.14666665, 22.25680951], [114.1466873, 22.2568994], [114.14667371, 22.25694295], [114.14650963, 22.25717955], [114.14649806, 22.25721138], [114.14649723, 22.25729212], [114.14649051, 22.25731572], [114.14645329, 22.25734692], [114.14629625, 22.2573925], [114.14626537, 22.25741534], [114.14625066, 22.25745338], [114.14624603, 22.2575756], [114.14619787, 22.25767459], [114.14607228, 22.25786027], [114.14600385, 22.25791643], [114.14597747, 22.2579499], [114.14595614, 22.25800255], [114.14592192, 22.25804739], [114.14587939, 22.25806081], [114.1457711, 22.25807724], [114.14572577, 22.25809438], [114.14568645, 22.25813349], [114.1456696, 22.2581757], [114.14566922, 22.25821494], [114.14571952, 22.25833493], [114.14571623, 22.25836004], [114.14570291, 22.2583844], [114.14566365, 22.25842311], [114.14557095, 22.25849304], [114.14545491, 22.25851508], [114.14530067, 22.25858548], [114.14528332, 22.25860494], [114.14525622, 22.25871066], [114.14520884, 22.25876926], [114.14495857, 22.25900179], [114.1447438, 22.25918106], [114.14469533, 22.25920804], [114.14456069, 22.25924502], [114.14450946, 22.25924554], [114.14442249, 22.25920875], [114.14431014, 22.25911962], [114.14423671, 22.25908902], [114.14418248, 22.25908508], [114.14413325, 22.25909089], [114.14408828, 22.25911041], [114.14398982, 22.25917434], [114.14388815, 22.25921135], [114.14384796, 22.2592352], [114.14368835, 22.25952254], [114.14365654, 22.25954931], [114.14359378, 22.25957692], [114.14353834, 22.25962983], [114.14349318, 22.25965425], [114.14345365, 22.25966183], [114.14340301, 22.25965915], [114.14337628, 22.25966667], [114.14334396, 22.25969115], [114.1433307, 22.25971381], [114.14330582, 22.2598237], [114.14329434, 22.25984051], [114.14326501, 22.25985802], [114.14320649, 22.25986197], [114.14316829, 22.25984811], [114.143161, 22.25993973], [114.14319781, 22.26018295], [114.14324954, 22.26036932], [114.14333508, 22.26055033], [114.14303476, 22.26182634], [114.14007998, 22.26648857], [114.13635448, 22.27206834], [114.1296801, 22.27555225], [114.12926647, 22.27560375], [114.12916483, 22.27544894], [114.12900547, 22.27526909], [114.12881662, 22.27509962], [114.12850901, 22.27488189], [114.12839221, 22.27481024], [114.12815939, 22.27468898], [114.12785184, 22.27457718], [114.1277491, 22.27455521], [114.1268683, 22.27446653], [114.12671346, 22.27443731], [114.12649264, 22.27437936], [114.12636924, 22.27433507], [114.12618307, 22.27425301], [114.12596831, 22.27408786], [114.12573997, 22.27384162], [114.12550635, 22.27357387], [114.1254241, 22.273496], [114.12532864, 22.27343249], [114.12517691, 22.27337663], [114.12467167, 22.27316822], [114.12422464, 22.27297112], [114.12375899, 22.27274322], [114.12366013, 22.27271474], [114.12357892, 22.27270487], [114.12349664, 22.27270484], [114.12341194, 22.27271466], [114.12326039, 22.27276669], [114.12307942, 22.27284548], [114.1229616, 22.27287668], [114.12285209, 22.27287023], [114.12273381, 22.27284539], [114.12247437, 22.27270117], [114.12226147, 22.27255694], [114.12215724, 22.27250263], [114.12200251, 22.27246397], [114.12177856, 22.2724455], [114.12156549, 22.27246479], [114.1214106, 22.2725088], [114.12125185, 22.27258119], [114.12114055, 22.27264621], [114.12105871, 22.27270492], [114.12063238, 22.27315918], [114.12057147, 22.27320583], [114.12046496, 22.27327193], [114.12033075, 22.27333704], [114.12023449, 22.27336859], [114.12004565, 22.27341593], [114.11993717, 22.27343232], [114.11945151, 22.27346913], [114.11924869, 22.27353248], [114.11905848, 22.27363816], [114.11858277, 22.27414742], [114.11853244, 22.27423548], [114.11773019, 22.27382253], [114.11628327, 22.27303546], [114.1101052, 22.27302925], [114.11024129, 22.26119788], [114.2000123, 22.1926441], [114.30906868, 22.19282836], [114.26158245, 22.24573543], [114.25017874, 22.24580112], [114.24738185, 22.2533914], [114.24732661, 22.25335829], [114.24729073, 22.25334766], [114.24695666, 22.25333741], [114.24692018, 22.2533486], [114.24689318, 22.25337076], [114.24683967, 22.2534542], [114.24680392, 22.2534817], [114.24675726, 22.25348071], [114.24663047, 22.25336162], [114.24654743, 22.25333088], [114.24647229, 22.25333638], [114.24627676, 22.25338376], [114.24577825, 22.25341391], [114.2457432, 22.25342949], [114.24564947, 22.25351813], [114.245615, 22.25352178], [114.24548616, 22.25348261], [114.24532629, 22.25350398], [114.245277, 22.25352823], [114.24518406, 22.25362142], [114.24514769, 22.25363602], [114.24485232, 22.25363172], [114.24456973, 22.25351437], [114.24450831, 22.25350097], [114.24444671, 22.2535157], [114.24437833, 22.25357309], [114.24432898, 22.2535941], [114.24411636, 22.25363208], [114.24408944, 22.25364424], [114.24404911, 22.25368396], [114.24401511, 22.25375375], [114.24398831, 22.25393357], [114.24397757, 22.25395218], [114.24393486, 22.25397858], [114.24387788, 22.2539806], [114.2437537, 22.25403161], [114.2437156, 22.2540609], [114.24367769, 22.25411221], [114.24362697, 22.25413418], [114.2435098, 22.25411927], [114.24345379, 22.25412298], [114.24341668, 22.2541375], [114.24338109, 22.25416438], [114.24309032, 22.25446094], [114.24303851, 22.25448796], [114.24294517, 22.25450507], [114.24289655, 22.25453757], [114.24271494, 22.2547871], [114.24270435, 22.25482607], [114.24271868, 22.25487705], [114.2427171, 22.25490218], [114.24262776, 22.25507671], [114.24261934, 22.25512398], [114.24262985, 22.25515142], [114.24267596, 22.2551909], [114.24272778, 22.25521012], [114.24274541, 22.25523694], [114.24274571, 22.25526646], [114.2426835, 22.25536878], [114.24266198, 22.25539042], [114.24261166, 22.25540884], [114.24254384, 22.25539574], [114.24250768, 22.25540121], [114.24237063, 22.25551109], [114.24231881, 22.25554248], [114.242126, 22.2556078], [114.24208559, 22.2556123], [114.24198192, 22.25560195], [114.24193579, 22.255604], [114.24168246, 22.2556683], [114.24163974, 22.2556692], [114.241503, 22.25561481], [114.24145283, 22.25561031], [114.24140982, 22.25562416], [114.24117856, 22.25573971], [114.24062707, 22.25590429], [114.24043058, 22.25592967], [114.24032228, 22.25592861], [114.24022308, 22.25591828], [114.23993435, 22.25610026], [114.23970661, 22.2562148], [114.2395592, 22.25626068], [114.23946518, 22.2562697], [114.2393511, 22.25624855], [114.23925688, 22.25621267], [114.23912571, 22.25617778], [114.23905745, 22.25617581], [114.2387594, 22.25623328], [114.23871156, 22.2562555], [114.23829502, 22.25654518], [114.23825234, 22.25658237], [114.23819473, 22.25665379], [114.23813475, 22.25669173], [114.23807648, 22.25670974], [114.23801005, 22.25674223], [114.23795185, 22.25679172], [114.23764449, 22.25713819], [114.23756109, 22.25719791], [114.23750726, 22.25721822], [114.23745542, 22.25722745], [114.23740816, 22.25722351], [114.2373639, 22.25720758], [114.23730276, 22.25716618], [114.23718899, 22.25705299], [114.23712813, 22.25697182], [114.23706787, 22.25691874], [114.23701724, 22.25689829], [114.23695037, 22.2568994], [114.23691592, 22.25691262], [114.23688458, 22.25693534], [114.23686563, 22.25696023], [114.23684072, 22.25702088], [114.23683349, 22.25709752], [114.23681567, 22.25717261], [114.23677199, 22.2572283], [114.23674121, 22.25724789], [114.23670778, 22.25725789], [114.23665815, 22.25726061], [114.23659237, 22.25724519], [114.23655082, 22.25721547], [114.23651776, 22.25717962], [114.23649562, 22.25712677], [114.23648473, 22.25707095], [114.2364822, 22.25670762], [114.23646055, 22.25658888], [114.23642543, 22.25652355], [114.23637934, 22.25646245], [114.236344, 22.25643613], [114.23628504, 22.256419], [114.23622168, 22.25642601], [114.23614279, 22.25645094], [114.23604554, 22.25649767], [114.23601122, 22.25652581], [114.23597264, 22.25658418], [114.23590477, 22.2567446], [114.23586056, 22.25679548], [114.23584062, 22.2568043], [114.23578434, 22.2568079], [114.2357361, 22.25678908], [114.23558947, 22.25668791], [114.23550114, 22.25660166], [114.23543071, 22.25648984], [114.23535739, 22.25627937], [114.23531474, 22.25618281], [114.23527038, 22.25615318], [114.23519514, 22.25615045], [114.23498481, 22.25621383], [114.23489589, 22.25620806], [114.23483223, 22.25618882], [114.23473108, 22.25612898], [114.23468591, 22.25608299], [114.23464766, 22.25602623], [114.23458271, 22.25587697], [114.23455944, 22.25577694], [114.23453757, 22.25558273], [114.23447392, 22.25537122], [114.23446938, 22.25528093], [114.2344504, 22.25523762], [114.23440129, 22.25519804], [114.23427963, 22.25515865], [114.23418523, 22.25510661], [114.23414847, 22.25506845], [114.23411654, 22.25501953], [114.2340837, 22.25487191], [114.23403046, 22.25470572], [114.23401366, 22.25468704], [114.23397502, 22.25466218], [114.23373315, 22.25460853], [114.23364161, 22.25462852], [114.23323357, 22.25491565], [114.23315753, 22.25494871], [114.23305876, 22.25496973], [114.23298886, 22.25497181], [114.23282434, 22.25496136], [114.23262883, 22.25493702], [114.23228309, 22.25494354], [114.23214092, 22.25496799], [114.2320412, 22.25500592], [114.23195899, 22.25505776], [114.23187742, 22.25514329], [114.23181737, 22.25525251], [114.23159491, 22.25559726], [114.23152324, 22.2556841], [114.23144596, 22.25574201], [114.23075756, 22.2561343], [114.23049298, 22.25579734], [114.2302028, 22.25624398], [114.23010895, 22.25635148], [114.23003737, 22.25640801], [114.22993276, 22.25645721], [114.22968191, 22.25651719], [114.22961488, 22.25653984], [114.2294523, 22.25662633], [114.2289866, 22.25695216], [114.22878874, 22.2570629], [114.2286636, 22.25710553], [114.22841781, 22.25715167], [114.22825429, 22.25719625], [114.22288278, 22.25669177], [114.2219152, 22.2567615], [114.22184434, 22.25675241], [114.22174585, 22.25671123], [114.22167576, 22.25669352], [114.2216208, 22.25668874], [114.22136176, 22.25669799], [114.22130735, 22.25671098], [114.22128167, 22.25672595], [114.22122591, 22.25679644], [114.221154, 22.25685926], [114.22085711, 22.25699054], [114.22079561, 22.2569975], [114.22068353, 22.25699407], [114.22062272, 22.25701086], [114.2205251, 22.25705459], [114.22036634, 22.25716143], [114.22022536, 22.25728314], [114.22015092, 22.25732466], [114.22001187, 22.25738267], [114.2198319, 22.25743213], [114.21968254, 22.25744271], [114.21937716, 22.25757349], [114.21924488, 22.25765045], [114.21917852, 22.25767477], [114.21911553, 22.25768368], [114.2188972, 22.25767616], [114.21880918, 22.2576813], [114.2187311, 22.25769824], [114.2186067, 22.25774726], [114.21855831, 22.25777666], [114.2185205, 22.25781735], [114.21844399, 22.25798074], [114.21836938, 22.25808592], [114.21828841, 22.25815158], [114.21820588, 22.25818191], [114.21816466, 22.25817651], [114.21813332, 22.2581536], [114.21805498, 22.25803008], [114.21781767, 22.25777513], [114.21780104, 22.25774385], [114.21779263, 22.25767388], [114.21776208, 22.25763308], [114.21771512, 22.25761207], [114.21766451, 22.2576142], [114.2175269, 22.2577198], [114.21748126, 22.25771641], [114.21740875, 22.25767837], [114.2173686, 22.25763554], [114.21727197, 22.25745429], [114.21725442, 22.25743699], [114.21719195, 22.2574104], [114.2171373, 22.25741101], [114.21708685, 22.25743514], [114.21705383, 22.2574748], [114.21696779, 22.25772769], [114.21694281, 22.25776892], [114.21690321, 22.25779446], [114.21677626, 22.25782664], [114.21669365, 22.2578361], [114.21663651, 22.25785766], [114.21658684, 22.25790388], [114.21650501, 22.25801193], [114.21644813, 22.25809176], [114.21639735, 22.25818192], [114.21627527, 22.25824188], [114.21621993, 22.25825421], [114.21617359, 22.25827963], [114.21612981, 22.25832502], [114.21609011, 22.25839622], [114.21605283, 22.25843639], [114.21532065, 22.25899859], [114.21524967, 22.25902783], [114.21521589, 22.25905348], [114.2151875, 22.2590883], [114.2151675, 22.25912786], [114.21514812, 22.25920167], [114.2150606, 22.25941949], [114.21500107, 22.25948359], [114.21495589, 22.25951735], [114.21478783, 22.25958903], [114.21473695, 22.25962532], [114.21470685, 22.2596747], [114.21469256, 22.25977604], [114.21467106, 22.25981367], [114.2146301, 22.25985743], [114.21456194, 22.25988669], [114.21447566, 22.25989057], [114.21429097, 22.25985004], [114.21410191, 22.25977659], [114.21406619, 22.25976914], [114.21401576, 22.25976968], [114.21377179, 22.2598401], [114.21371744, 22.25986217], [114.21344851, 22.26005324], [114.21341936, 22.26006494], [114.21328904, 22.26008125], [114.21318727, 22.26007132], [114.21316564, 22.26008467], [114.2130803, 22.26019323], [114.21300049, 22.26024718], [114.21293942, 22.26026756], [114.21283683, 22.26027559], [114.21269557, 22.26025886], [114.21265627, 22.26026421], [114.21246818, 22.2604035], [114.21238304, 22.26042484], [114.21210291, 22.26042781], [114.21203741, 22.2603957], [114.21199415, 22.26034386], [114.21193794, 22.26029855], [114.21183626, 22.26025015], [114.21167563, 22.26015741], [114.21165931, 22.26011876], [114.2116658, 22.26008801], [114.21170417, 22.26003601], [114.21178694, 22.25986656], [114.21187511, 22.25977129], [114.21188372, 22.25974203], [114.21188126, 22.25971449], [114.21180393, 22.25963676], [114.21171554, 22.2595226], [114.21169597, 22.25944325], [114.2116779, 22.25941211], [114.21160654, 22.25934531], [114.21150138, 22.25921553], [114.21141045, 22.25914212], [114.21139693, 22.25910972], [114.21140428, 22.25907903], [114.21140866, 22.2588674], [114.2116326, 22.25872233], [114.21173549, 22.25862651], [114.21176489, 22.25859001], [114.21184327, 22.25853982], [114.21207357, 22.25843486], [114.21208826, 22.2583938], [114.21190691, 22.25822506], [114.2112697, 22.25767781], [114.21125499, 22.25767781], [114.2112207, 22.25770063], [114.2111913, 22.25773713], [114.21098553, 22.25793788], [114.21091203, 22.25798351], [114.21079934, 22.25802914], [114.21074543, 22.25803373], [114.21064741, 22.25802006], [114.21060821, 22.25800182], [114.21054448, 22.25795166], [114.21048566, 22.25787869], [114.21044153, 22.25776922], [114.21040231, 22.25769624], [114.21037287, 22.25758219], [114.21037894, 22.25733663], [114.21056585, 22.25686377], [114.21061278, 22.25665159], [114.21065197, 22.25660596], [114.21077447, 22.25653751], [114.21092148, 22.25649644], [114.21106848, 22.25646903], [114.21118609, 22.25643251], [114.21133308, 22.25633213], [114.21148008, 22.25624998], [114.21157807, 22.25620891], [114.21172508, 22.25617239], [114.21180839, 22.25618605], [114.21190498, 22.25623634], [114.21194346, 22.25626596], [114.21232281, 22.25615088], [114.2124107, 22.25608405], [114.21254745, 22.25596432], [114.2127247, 22.25586199], [114.21260708, 22.25579815], [114.21231789, 22.25560662], [114.21213658, 22.25561122], [114.21205817, 22.25562948], [114.21194057, 22.25563864], [114.21178375, 22.25562498], [114.21162692, 22.25556572], [114.21147984, 22.25543361], [114.21141538, 22.25524077], [114.21133706, 22.25480795], [114.21128181, 22.25467082], [114.2112266, 22.25463655], [114.2111944, 22.25464513], [114.21103341, 22.25482087], [114.21095521, 22.25482517], [114.21090001, 22.25487232], [114.21096522, 22.25504128], [114.21108777, 22.2551781], [114.21124059, 22.25538653], [114.21131818, 22.25554298], [114.21135252, 22.25567981], [114.21135744, 22.25578474], [114.21127417, 22.25590791], [114.21113952, 22.25601225], [114.21090178, 22.25613151], [114.21086258, 22.25615889], [114.21069599, 22.25623646], [114.21059309, 22.25630491], [114.210549, 22.25634598], [114.21050981, 22.25639616], [114.21047554, 22.2565467], [114.21043636, 22.25663795], [114.2103756, 22.25674229], [114.21020248, 22.25669311], [114.21013266, 22.25692499], [114.21009338, 22.25700228], [114.21002353, 22.2570389], [114.20994929, 22.25703078], [114.20982263, 22.25695352], [114.20952129, 22.25689664], [114.20942524, 22.25691293], [114.20935101, 22.25695768], [114.20924626, 22.2572099], [114.2092157, 22.25724651], [114.20914584, 22.25728313], [114.20899737, 22.25730757], [114.20888384, 22.25735641], [114.20883145, 22.25741742], [114.20877909, 22.25762489], [114.20874854, 22.25765336], [114.20870505, 22.25765301], [114.20867486, 22.25763454], [114.2085894, 22.25752303], [114.20852931, 22.25748621], [114.20843991, 22.25745349], [114.20824352, 22.2574126], [114.20808672, 22.25740513], [114.20772032, 22.25730016], [114.20767103, 22.25729243], [114.2076192, 22.25730836], [114.20757085, 22.25733429], [114.20751684, 22.25738219], [114.2074072, 22.25744837], [114.20735057, 22.25747074], [114.20724226, 22.25749546], [114.20711212, 22.25751009], [114.20707701, 22.25752468], [114.20686016, 22.25765363], [114.2068074, 22.25766181], [114.20674732, 22.25766047], [114.20642636, 22.25755277], [114.20635895, 22.25755278], [114.206293, 22.25756644], [114.20623146, 22.25759236], [114.20586367, 22.25784888], [114.20580799, 22.257898], [114.20574378, 22.25798], [114.20568805, 22.25809064], [114.20562081, 22.25833034], [114.20539619, 22.25855826], [114.20534888, 22.25863685], [114.20520147, 22.25913761], [114.20515725, 22.2592536], [114.20511571, 22.25928819], [114.20507558, 22.25930956], [114.20502126, 22.25931618], [114.20478074, 22.25929486], [114.20471779, 22.25929627], [114.20446403, 22.25937752], [114.20440617, 22.2593888], [114.20436457, 22.259384], [114.20415143, 22.25923951], [114.20410249, 22.25922657], [114.20403776, 22.25922119], [114.20333685, 22.25922023], [114.20229809, 22.25910715], [114.20217811, 22.25905107], [114.20208338, 22.25898422], [114.20193813, 22.2589055], [114.20180078, 22.25887317], [114.20157978, 22.25888075], [114.20147457, 22.25890328], [114.20079404, 22.25923331], [114.20070966, 22.25924529], [114.20040866, 22.25923487], [114.20036272, 22.25921524], [114.20003189, 22.25902527], [114.19992004, 22.25899454], [114.19976449, 22.258977], [114.19968736, 22.2589454], [114.19965779, 22.25891817], [114.19956392, 22.25879609], [114.19951378, 22.25876272], [114.19945851, 22.25873814], [114.19929138, 22.25870215], [114.19921167, 22.2586477], [114.19897363, 22.25831393], [114.19892108, 22.25826479], [114.19883553, 22.25821512], [114.19874241, 22.25817662], [114.19866807, 22.25815743], [114.19851491, 22.25814089], [114.19823378, 22.25814093], [114.19806536, 22.25811385], [114.1979695, 22.25807536], [114.19771836, 22.25789633], [114.19761449, 22.25783759], [114.19746967, 22.25781302], [114.19740537, 22.25782427], [114.19733634, 22.25785171], [114.19723039, 22.25792083], [114.19707307, 22.25806236], [114.19698156, 22.25811393], [114.19684028, 22.25813479], [114.19654968, 22.25813922], [114.19646941, 22.25812168], [114.19635863, 22.25807452], [114.19629922, 22.25803065], [114.1957613, 22.25754256], [114.19569386, 22.25750197], [114.19554133, 22.25743069], [114.19509178, 22.25731118], [114.19441583, 22.25704907], [114.19437729, 22.25704469], [114.19374373, 22.25714043], [114.19361889, 22.25713619], [114.1934943, 22.25710517], [114.19328302, 22.2570981], [114.19315092, 22.25711088], [114.19285928, 22.25735918], [114.19268842, 22.25745182], [114.19256275, 22.25750201], [114.19244269, 22.25730712], [114.19235812, 22.25711123], [114.19196124, 22.25723476], [114.19178696, 22.25721687], [114.19147237, 22.25702876], [114.1914267, 22.25701457], [114.19136752, 22.25701315], [114.19131119, 22.25702592], [114.19111654, 22.25715204], [114.19098961, 22.25721913], [114.19089982, 22.25723585], [114.19081227, 22.25723586], [114.19037474, 22.25716204], [114.19030492, 22.25716346], [114.19025172, 22.25717605], [114.19017593, 22.25720993], [114.19003344, 22.25729205], [114.1898987, 22.25733204], [114.18981789, 22.25733205], [114.18964953, 22.25729655], [114.18898507, 22.25684111], [114.18893316, 22.25677732], [114.18835208, 22.25566335], [114.18832478, 22.25559232], [114.18830646, 22.25546169], [114.18831268, 22.25467234], [114.18830128, 22.25461109], [114.18828269, 22.25456645], [114.18822973, 22.25449607], [114.18814706, 22.2544397], [114.18783211, 22.25435119], [114.18711357, 22.25403686], [114.18557862, 22.25439822], [114.18555363, 22.25452401], [114.18547116, 22.25460439], [114.18544178, 22.25461693], [114.18531656, 22.25462358], [114.18525892, 22.25465083], [114.18520042, 22.25469853], [114.18513175, 22.2547726], [114.18508682, 22.25483823], [114.18501594, 22.25503896], [114.1849799, 22.25507294], [114.18491576, 22.25509941], [114.1848484, 22.25511027], [114.18480401, 22.25509764], [114.18474727, 22.2550561], [114.18470429, 22.25503593], [114.18466073, 22.25503105], [114.18457132, 22.25505022], [114.1845074, 22.25509675], [114.18446102, 22.25516552], [114.18443277, 22.25523689], [114.18439655, 22.25526687], [114.18423171, 22.25525849], [114.18419715, 22.25526627], [114.18409838, 22.25532058], [114.18405361, 22.25532113], [114.18374163, 22.25524311], [114.18362834, 22.2552433], [114.18350025, 22.25516434], [114.18343066, 22.25514823], [114.18336319, 22.25516189], [114.18329614, 22.25520428], [114.18321008, 22.25524498], [114.18314228, 22.25526716], [114.18310807, 22.25528996], [114.18308305, 22.25532139], [114.18306921, 22.25536065], [114.1830747, 22.25557763], [114.183063, 22.25562848], [114.18303334, 22.25566804], [114.18299926, 22.25568914], [114.18284728, 22.25571697], [114.18262652, 22.25577215], [114.18246617, 22.25582304], [114.18240732, 22.25582477], [114.18193124, 22.25578535], [114.1817628, 22.25578947], [114.18144817, 22.2558291], [114.18119075, 22.25580451], [114.18113163, 22.25581179], [114.18071666, 22.2559313], [114.18059166, 22.25594973], [114.18039131, 22.2559401], [114.18032287, 22.25595142], [114.18024827, 22.25598209], [114.17989273, 22.25623273], [114.17982956, 22.25624171], [114.17976964, 22.25623866], [114.17972001, 22.25625517], [114.17959779, 22.25630836], [114.17950241, 22.25636282], [114.17948258, 22.25638513], [114.17942439, 22.25649843], [114.17938195, 22.25654593], [114.17931066, 22.2565828], [114.17918376, 22.25661595], [114.17909724, 22.25664836], [114.17901311, 22.25670096], [114.17890245, 22.25682198], [114.17881831, 22.25685827], [114.17863399, 22.25691958], [114.17859917, 22.25691577], [114.17857077, 22.25690306], [114.17826648, 22.25659737], [114.17826748, 22.25658173], [114.17830707, 22.25651151], [114.17833653, 22.2564346], [114.17834045, 22.2563838], [114.17832355, 22.25631317], [114.17827188, 22.25620806], [114.17820802, 22.25612505], [114.17814174, 22.2560571], [114.17812317, 22.25602059], [114.17811733, 22.25589476], [114.17809485, 22.25582019], [114.17805458, 22.25575942], [114.177975, 22.25568303], [114.17794531, 22.25561992], [114.17793491, 22.25518687], [114.17792441, 22.25514822], [114.17787945, 22.25508081], [114.17746013, 22.25475835], [114.1773907, 22.25472589], [114.17732097, 22.25472521], [114.1772259, 22.25474278], [114.17717567, 22.25473557], [114.17713106, 22.25471291], [114.17709736, 22.25467746], [114.17689153, 22.25432529], [114.17686528, 22.25429477], [114.17679809, 22.25424828], [114.17649373, 22.25412735], [114.17638561, 22.25410949], [114.17610798, 22.25411181], [114.17602316, 22.25413426], [114.17474023, 22.25472751], [114.17467339, 22.25478666], [114.17444139, 22.25505213], [114.17438491, 22.25508893], [114.17433579, 22.25510308], [114.17428728, 22.25509937], [114.17415987, 22.25503498], [114.17409084, 22.25502412], [114.1740179, 22.25503306], [114.17395072, 22.25506368], [114.17301027, 22.25580187], [114.17295029, 22.25582727], [114.17288481, 22.25583422], [114.17281668, 22.2558208], [114.17275003, 22.25578175], [114.17259873, 22.25564051], [114.17251843, 22.25558083], [114.17244584, 22.2555411], [114.17233297, 22.25549974], [114.17216269, 22.25546472], [114.171985, 22.2554614], [114.17142338, 22.25552752], [114.17127054, 22.2555616], [114.17115012, 22.25560819], [114.17107287, 22.25565642], [114.17100455, 22.25571511], [114.170941, 22.25579093], [114.17089647, 22.25586689], [114.17084689, 22.25601952], [114.17080661, 22.25608851], [114.17076147, 22.25612715], [114.17031288, 22.25637097], [114.16976165, 22.2566047], [114.16972197, 22.25664612], [114.16966228, 22.25675248], [114.16964004, 22.25677576], [114.16960427, 22.25679233], [114.16945927, 22.25678307], [114.16930742, 22.25678931], [114.16921071, 22.25680983], [114.1691366, 22.25683987], [114.16904215, 22.25689835], [114.16896315, 22.2569676], [114.16891773, 22.25703937], [114.16884365, 22.25713183], [114.16875374, 22.25719953], [114.16864117, 22.25724767], [114.16786993, 22.25737654], [114.16768021, 22.25745165], [114.1676549, 22.25735904], [114.16762128, 22.25729644], [114.1676255, 22.25728891], [114.16761081, 22.25724328], [114.167601, 22.25724328], [114.16759611, 22.25716117], [114.16760101, 22.25714749], [114.16759121, 22.25713837], [114.1675471, 22.25714293], [114.1675471, 22.25715205], [114.16753241, 22.25715205], [114.16744418, 22.25724327], [114.16741969, 22.25724783], [114.16741968, 22.25725696], [114.16740008, 22.25725696], [114.16739028, 22.25726608], [114.16731678, 22.25728432], [114.16719916, 22.25729344], [114.16712075, 22.25731167], [114.16706684, 22.25730711], [114.16696884, 22.25723412], [114.16691494, 22.25722044], [114.16679732, 22.25722499], [114.16664051, 22.25720217], [114.1665621, 22.25721129], [114.16648369, 22.25723865], [114.16644448, 22.25726602], [114.16632686, 22.25732074], [114.16613084, 22.25738916], [114.16601322, 22.25741197], [114.16595932, 22.25741196], [114.16584661, 22.25732529], [114.16581721, 22.25731615], [114.16562118, 22.25731613], [114.16542517, 22.25727051], [114.16526836, 22.25727506], [114.16522915, 22.25725682], [114.16519975, 22.2572112], [114.16521716, 22.25708667], [114.16525051, 22.25700988], [114.16530318, 22.25694288], [114.16537691, 22.25688406], [114.16542958, 22.25686283], [114.16558583, 22.25674845], [114.16581726, 22.25663648], [114.16588097, 22.25657719], [114.16590057, 22.25652245], [114.16590547, 22.25643122], [114.16585648, 22.25636735], [114.16576828, 22.25629892], [114.16569967, 22.25626698], [114.16562127, 22.25626242], [114.16550366, 22.25628522], [114.16534685, 22.25624871], [114.16527334, 22.25624414], [114.16520962, 22.25629432], [114.1650969, 22.25643572], [114.16503809, 22.25647677], [114.16493518, 22.25648133], [114.16478327, 22.25646307], [114.16474896, 22.256495], [114.16472446, 22.25653148], [114.16465752, 22.25658848], [114.16458234, 22.25660902], [114.16450393, 22.25660901], [114.16442552, 22.25659077], [114.16430792, 22.25653601], [114.16419031, 22.25650408], [114.1641119, 22.25649495], [114.16387666, 22.25651318], [114.16379826, 22.25650405], [114.16368065, 22.25646755], [114.16348464, 22.25647665], [114.16334041, 22.25645531], [114.16315632, 22.25770098], [114.16316337, 22.25776688], [114.16328366, 22.25794484], [114.1633544, 22.25807667], [114.1634039, 22.25848531], [114.16338399, 22.2588223]]]]}, "properties": {"GmlID": "DCD.2", "OBJECTID": 2, "AREA_ID": "D", "AREA_CODE": "STH", "NAME_TC": "南區", "NAME_EN": "Southern District", "REGION": "HK", "Shape_Length": 55137.91925686, "Shape_Area": 93991667.02214974}}, {"type": "Feature", "geometry": {"type": "MultiPolygon", "coordinates": [[[[114.19771836, 22.25789633], [114.19777877, 22.25807111], [114.19779035, 22.25816513], [114.19778337, 22.25820115], [114.19776208, 22.25825556], [114.19765648, 22.25837003], [114.19745282, 22.25850549], [114.19743643, 22.25853094], [114.19737366, 22.25914608], [114.19754591, 22.25976797], [114.19837174, 22.26635007], [114.2031393, 22.26750292], [114.20716461, 22.27045129], [114.20458103, 22.27522276], [114.20342607, 22.27679654], [114.20254994, 22.2777624], [114.2022, 22.27766312], [114.20072652, 22.27437051], [114.19778688, 22.27316255], [114.19764996, 22.27323308], [114.19757423, 22.27334426], [114.19747811, 22.27356393], [114.19742859, 22.27361545], [114.19735575, 22.27367241], [114.19733828, 22.27370495], [114.19732954, 22.27377003], [114.19734382, 22.27386911], [114.19734383, 22.27392587], [114.19732896, 22.27395772], [114.19729922, 22.27398957], [114.19690042, 22.27426325], [114.19678306, 22.27437039], [114.19650582, 22.27471274], [114.19579969, 22.27548035], [114.19572156, 22.27554434], [114.19562206, 22.2756111], [114.19546049, 22.27569533], [114.19537194, 22.27577487], [114.19532419, 22.2758357], [114.19529639, 22.27589305], [114.19528005, 22.27600191], [114.19529605, 22.27608707], [114.19529728, 22.27619487], [114.1952741, 22.27628292], [114.19594015, 22.27654304], [114.19597108, 22.27656562], [114.19600505, 22.27660512], [114.1960184, 22.27663447], [114.19601657, 22.27666156], [114.19595777, 22.27676204], [114.19593412, 22.2768467], [114.19590502, 22.27689976], [114.19575768, 22.27704934], [114.19565823, 22.27711088], [114.19559214, 22.27719159], [114.1954933, 22.27725652], [114.19527018, 22.27761325], [114.19525684, 22.27764881], [114.19518166, 22.27777017], [114.19523321, 22.27785934], [114.19526719, 22.27794513], [114.19528054, 22.27802528], [114.19527025, 22.27818557], [114.19533455, 22.27825047], [114.19530362, 22.278312], [114.19513807, 22.27838595], [114.19499434, 22.27839331], [114.19488762, 22.27849209], [114.19464144, 22.27879295], [114.1945432, 22.278824], [114.19449954, 22.27888383], [114.19428307, 22.27907576], [114.19437648, 22.27916098], [114.1945008, 22.27920499], [114.19471002, 22.27917787], [114.19481312, 22.27920664], [114.19481738, 22.27934549], [114.19471371, 22.27955208], [114.19465483, 22.27961301], [114.19444413, 22.27971109], [114.19438067, 22.27976558], [114.1942981, 22.27988048], [114.19425486, 22.27991694], [114.19418899, 22.27994524], [114.19413066, 22.27996078], [114.19407317, 22.27996905], [114.19401065, 22.27996669], [114.19400482, 22.28002062], [114.19398421, 22.28007142], [114.19395208, 22.28011657], [114.19354641, 22.28054106], [114.19349487, 22.28061556], [114.19345364, 22.2807166], [114.19344031, 22.28079675], [114.19344213, 22.28087803], [114.19345913, 22.2809576], [114.19349128, 22.28103323], [114.193723, 22.28145313], [114.19379639, 22.28156939], [114.19388131, 22.28167945], [114.19401778, 22.28182054], [114.19464796, 22.2823719], [114.19472136, 22.28245543], [114.19477959, 22.28254968], [114.19481114, 22.28262474], [114.19520678, 22.28440656], [114.19522317, 22.28454935], [114.19514615, 22.28454089], [114.19500182, 22.28455559], [114.19491812, 22.2845776], [114.19484656, 22.28460696], [114.19475196, 22.28466963], [114.19467737, 22.28475204], [114.19463614, 22.28482372], [114.19461735, 22.28487509], [114.19460583, 22.28492814], [114.19460099, 22.28500885], [114.19460889, 22.28510367], [114.19463983, 22.28523518], [114.19467744, 22.28530855], [114.19472718, 22.28537515], [114.19478784, 22.28543327], [114.19485881, 22.28548124], [114.19496373, 22.28552694], [114.19538706, 22.28562962], [114.19547682, 22.28565783], [114.19557691, 22.28571257], [114.19562118, 22.28574756], [114.19567881, 22.28580851], [114.1957243, 22.28587792], [114.19588506, 22.28621261], [114.19589538, 22.28626566], [114.19588932, 22.28631927], [114.19586749, 22.28636951], [114.19583172, 22.28641185], [114.19544118, 22.28664217], [114.19519005, 22.28626856], [114.19514758, 22.28619406], [114.1950942, 22.28612972], [114.19500625, 22.28605919], [114.19490314, 22.28600953], [114.19484734, 22.28599316], [114.19476122, 22.28598019], [114.19467389, 22.28598076], [114.19461688, 22.28598924], [114.19450651, 22.28602425], [114.19429244, 22.28612699], [114.19423603, 22.28613942], [114.19417781, 22.28614055], [114.19409411, 22.28612024], [114.19404317, 22.28609371], [114.19398191, 22.28603615], [114.1935385, 22.2854272], [114.19348633, 22.28533068], [114.19344993, 22.28522741], [114.19343112, 22.28512073], [114.19331512, 22.28378365], [114.1932417, 22.28340041], [114.19314099, 22.28312781], [114.19239078, 22.28306129], [114.19246236, 22.28322778], [114.19251696, 22.28340105], [114.19281399, 22.28481866], [114.19290167, 22.28518851], [114.19292898, 22.28534598], [114.19295327, 22.2855565], [114.19296603, 22.28588838], [114.19294245, 22.2864257], [114.19292003, 22.28665091], [114.19290854, 22.2869032], [114.19248643, 22.28688292], [114.19248037, 22.28698735], [114.1919455, 22.28741691], [114.19164889, 22.28708676], [114.19156458, 22.28697614], [114.19153304, 22.28692026], [114.19150331, 22.28683448], [114.19149481, 22.28679045], [114.19149238, 22.28670015], [114.19134501, 22.28675943], [114.18949146, 22.28819944], [114.18882955, 22.28938511], [114.18632713, 22.29386741], [114.18136511, 22.2914666], [114.17430163, 22.28804861], [114.16744001, 22.2906587], [114.16743623, 22.28246209], [114.16763017, 22.28125588], [114.16770876, 22.28087252], [114.16742073, 22.2805556], [114.1672772, 22.28038047], [114.16655216, 22.27955415], [114.16747116, 22.27965947], [114.16757091, 22.27967971], [114.16775869, 22.27970074], [114.167933, 22.27971049], [114.16820025, 22.27970239], [114.16806623, 22.27952361], [114.16722507, 22.27852907], [114.16717834, 22.27794297], [114.16755621, 22.27771699], [114.16793025, 22.27751145], [114.16807031, 22.27742249], [114.16785599, 22.27712816], [114.16769371, 22.27700053], [114.16753779, 22.27692193], [114.16731801, 22.27685247], [114.16717349, 22.27674173], [114.1671242, 22.27668953], [114.16708263, 22.27660698], [114.16703971, 22.27638943], [114.167115, 22.27627134], [114.16709569, 22.27617452], [114.16710071, 22.27615273], [114.16712077, 22.27615429], [114.16715921, 22.27619786], [114.16718095, 22.27621032], [114.16723614, 22.27622432], [114.16731807, 22.27621966], [114.16736823, 22.27619321], [114.1673883, 22.27617143], [114.16740502, 22.27613252], [114.16738162, 22.27591465], [114.1673114, 22.2759162], [114.16731141, 22.27581998], [114.16728498, 22.27580831], [114.16724259, 22.2757717], [114.1671952, 22.27566742], [114.16716294, 22.27562248], [114.1670955, 22.27557154], [114.16700549, 22.27554013], [114.16714296, 22.27538492], [114.16708564, 22.2753634], [114.16705662, 22.27536389], [114.16700367, 22.27538494], [114.16682232, 22.27554144], [114.16674665, 22.27558169], [114.16667228, 22.27560495], [114.16661445, 22.27561032], [114.16655668, 22.27560446], [114.16650765, 22.27557572], [114.16647166, 22.27553346], [114.16641683, 22.27542598], [114.16630098, 22.27527419], [114.16627528, 22.27519942], [114.16626907, 22.2751456], [114.16627773, 22.27506493], [114.16639271, 22.27473134], [114.16640899, 22.27465157], [114.16641159, 22.27457042], [114.16638891, 22.27443067], [114.16636724, 22.27435195], [114.16630881, 22.27420264], [114.16622224, 22.27407594], [114.16615764, 22.27401142], [114.16613439, 22.27397534], [114.16608796, 22.2738493], [114.16606525, 22.2737351], [114.1660684, 22.27370881], [114.1661857, 22.27347726], [114.16619678, 22.27340913], [114.16619151, 22.27322417], [114.16616988, 22.27309625], [114.1661185, 22.27295386], [114.16608283, 22.27289251], [114.16603344, 22.27284423], [114.16598503, 22.27282731], [114.16546825, 22.27278493], [114.16556919, 22.26916721], [114.16574266, 22.26899736], [114.16579717, 22.26895754], [114.16589531, 22.26891357], [114.16598155, 22.26886037], [114.16612924, 22.26873308], [114.16623513, 22.2687054], [114.16629393, 22.26870694], [114.16643039, 22.26875124], [114.16647433, 22.26874938], [114.16672428, 22.26859795], [114.16673387, 22.26857673], [114.16673701, 22.26848433], [114.16677204, 22.26843095], [114.1668014, 22.26841258], [114.16689429, 22.26839599], [114.16710306, 22.2683968], [114.16715455, 22.26837419], [114.16719049, 22.26833618], [114.16690436, 22.26814542], [114.16678674, 22.2680998], [114.16667402, 22.26804505], [114.16660622, 22.26798963], [114.16657111, 22.26794469], [114.16653681, 22.2678717], [114.16652212, 22.26779872], [114.16653193, 22.26761625], [114.16651724, 22.26750677], [114.16647804, 22.26739729], [114.16636533, 22.26726957], [114.16620361, 22.2671555], [114.16613563, 22.26711852], [114.16606837, 22.26710287], [114.16607128, 22.26706883], [114.16605659, 22.26698672], [114.1660566, 22.26692286], [114.1660174, 22.26678145], [114.1659733, 22.26672215], [114.16592429, 22.26670389], [114.16578707, 22.2666902], [114.16576596, 22.26667056], [114.16581376, 22.266565], [114.16581757, 22.26622428], [114.1658371, 22.2661457], [114.16600661, 22.26597037], [114.16617358, 22.26585485], [114.16624885, 22.26576258], [114.16622272, 22.26537064], [114.16631238, 22.2649311], [114.16619862, 22.26485203], [114.16608651, 22.26474898], [114.16604597, 22.26464792], [114.16609665, 22.26456437], [114.16622057, 22.26449094], [114.16624084, 22.26442355], [114.16622638, 22.26436696], [114.1662032, 22.26432923], [114.1661337, 22.26429419], [114.16595416, 22.26427262], [114.16591073, 22.26424836], [114.16589914, 22.26420523], [114.16593969, 22.26412708], [114.16607292, 22.26391956], [114.16606713, 22.26386454], [114.1659484, 22.26382141], [114.16587311, 22.26378097], [114.16584126, 22.26373247], [114.16584706, 22.26364892], [114.16574862, 22.26343329], [114.16571965, 22.26340904], [114.16565015, 22.26340095], [114.16558066, 22.26343327], [114.16553432, 22.26343598], [114.16545613, 22.26337399], [114.1653866, 22.26329316], [114.16526499, 22.26321498], [114.16523024, 22.26316917], [114.16520708, 22.26311795], [114.16521288, 22.263029], [114.16529108, 22.26281607], [114.16529108, 22.26275408], [114.16519263, 22.26275407], [114.16513183, 22.26273791], [114.16509739, 22.26270688], [114.16510867, 22.26259237], [114.16507392, 22.2625088], [114.16511737, 22.26237134], [114.16511449, 22.26228778], [114.16503341, 22.26220962], [114.16494655, 22.26216649], [114.16488284, 22.26214492], [114.16479018, 22.26214491], [114.16475544, 22.26213683], [114.16472648, 22.26211256], [114.16474395, 22.26201982], [114.16479899, 22.2618554], [114.16486562, 22.26170986], [114.16485401, 22.26166133], [114.16457601, 22.26162627], [114.1645123, 22.26159933], [114.16450652, 22.26153464], [114.16464554, 22.26139719], [114.16467741, 22.26131633], [114.16464555, 22.26126079], [114.16446597, 22.26117454], [114.16444281, 22.26112601], [114.16445151, 22.2610155], [114.16439649, 22.26094002], [114.1642119, 22.26080983], [114.16406059, 22.26075941], [114.16393607, 22.26079173], [114.16389264, 22.26078095], [114.1638434, 22.26072434], [114.16384631, 22.26064078], [114.16387817, 22.26053297], [114.1638695, 22.26047906], [114.16385212, 22.26044132], [114.16380579, 22.26040897], [114.16360887, 22.26043591], [114.16357123, 22.26040626], [114.16353941, 22.2603254], [114.1636176, 22.2602176], [114.16361761, 22.26006663], [114.16356551, 22.25993993], [114.16361186, 22.25972699], [114.16361477, 22.25962454], [114.16358245, 22.25955986], [114.16348979, 22.25949516], [114.16343477, 22.25942505], [114.16339422, 22.25932262], [114.16337714, 22.25887375], [114.16338399, 22.2588223], [114.1634039, 22.25848531], [114.1633544, 22.25807667], [114.16328366, 22.25794484], [114.16316337, 22.25776688], [114.16315632, 22.25770098], [114.16334041, 22.25645531], [114.16348464, 22.25647665], [114.16368065, 22.25646755], [114.16379826, 22.25650405], [114.16387666, 22.25651318], [114.1641119, 22.25649495], [114.16419031, 22.25650408], [114.16430792, 22.25653601], [114.16442552, 22.25659077], [114.16450393, 22.25660901], [114.16458234, 22.25660902], [114.16465752, 22.25658848], [114.16472446, 22.25653148], [114.16474896, 22.256495], [114.16478327, 22.25646307], [114.16493518, 22.25648133], [114.16503809, 22.25647677], [114.1650969, 22.25643572], [114.16520962, 22.25629432], [114.16527334, 22.25624414], [114.16534685, 22.25624871], [114.16550366, 22.25628522], [114.16562127, 22.25626242], [114.16569967, 22.25626698], [114.16576828, 22.25629892], [114.16585648, 22.25636735], [114.16590547, 22.25643122], [114.16590057, 22.25652245], [114.16588097, 22.25657719], [114.16581726, 22.25663648], [114.16558583, 22.25674845], [114.16542958, 22.25686283], [114.16537691, 22.25688406], [114.16530318, 22.25694288], [114.16525051, 22.25700988], [114.16521716, 22.25708667], [114.16519975, 22.2572112], [114.16522915, 22.25725682], [114.16526836, 22.25727506], [114.16542517, 22.25727051], [114.16562118, 22.25731613], [114.16581721, 22.25731615], [114.16584661, 22.25732529], [114.16595932, 22.25741196], [114.16601322, 22.25741197], [114.16613084, 22.25738916], [114.16632686, 22.25732074], [114.16644448, 22.25726602], [114.16648369, 22.25723865], [114.1665621, 22.25721129], [114.16664051, 22.25720217], [114.16679732, 22.25722499], [114.16691494, 22.25722044], [114.16696884, 22.25723412], [114.16706684, 22.25730711], [114.16712075, 22.25731167], [114.16719916, 22.25729344], [114.16731678, 22.25728432], [114.16739028, 22.25726608], [114.16740008, 22.25725696], [114.16741968, 22.25725696], [114.16741969, 22.25724783], [114.16744418, 22.25724327], [114.16753241, 22.25715205], [114.1675471, 22.25715205], [114.1675471, 22.25714293], [114.16759121, 22.25713837], [114.16760101, 22.25714749], [114.16759611, 22.25716117], [114.167601, 22.25724328], [114.16761081, 22.25724328], [114.1676255, 22.25728891], [114.16762128, 22.25729644], [114.1676549, 22.25735904], [114.16768021, 22.25745165], [114.16786993, 22.25737654], [114.16864117, 22.25724767], [114.16875374, 22.25719953], [114.16884365, 22.25713183], [114.16891773, 22.25703937], [114.16896315, 22.2569676], [114.16904215, 22.25689835], [114.1691366, 22.25683987], [114.16921071, 22.25680983], [114.16930742, 22.25678931], [114.16945927, 22.25678307], [114.16960427, 22.25679233], [114.16964004, 22.25677576], [114.16966228, 22.25675248], [114.16972197, 22.25664612], [114.16976165, 22.2566047], [114.17031288, 22.25637097], [114.17076147, 22.25612715], [114.17080661, 22.25608851], [114.17084689, 22.25601952], [114.17089647, 22.25586689], [114.170941, 22.25579093], [114.17100455, 22.25571511], [114.17107287, 22.25565642], [114.17115012, 22.25560819], [114.17127054, 22.2555616], [114.17142338, 22.25552752], [114.171985, 22.2554614], [114.17216269, 22.25546472], [114.17233297, 22.25549974], [114.17244584, 22.2555411], [114.17251843, 22.25558083], [114.17259873, 22.25564051], [114.17275003, 22.25578175], [114.17281668, 22.2558208], [114.17288481, 22.25583422], [114.17295029, 22.25582727], [114.17301027, 22.25580187], [114.17395072, 22.25506368], [114.1740179, 22.25503306], [114.17409084, 22.25502412], [114.17415987, 22.25503498], [114.17428728, 22.25509937], [114.17433579, 22.25510308], [114.17438491, 22.25508893], [114.17444139, 22.25505213], [114.17467339, 22.25478666], [114.17474023, 22.25472751], [114.17602316, 22.25413426], [114.17610798, 22.25411181], [114.17638561, 22.25410949], [114.17649373, 22.25412735], [114.17679809, 22.25424828], [114.17686528, 22.25429477], [114.17689153, 22.25432529], [114.17709736, 22.25467746], [114.17713106, 22.25471291], [114.17717567, 22.25473557], [114.1772259, 22.25474278], [114.17732097, 22.25472521], [114.1773907, 22.25472589], [114.17746013, 22.25475835], [114.17787945, 22.25508081], [114.17792441, 22.25514822], [114.17793491, 22.25518687], [114.17794531, 22.25561992], [114.177975, 22.25568303], [114.17805458, 22.25575942], [114.17809485, 22.25582019], [114.17811733, 22.25589476], [114.17812317, 22.25602059], [114.17814174, 22.2560571], [114.17820802, 22.25612505], [114.17827188, 22.25620806], [114.17832355, 22.25631317], [114.17834045, 22.2563838], [114.17833653, 22.2564346], [114.17830707, 22.25651151], [114.17826748, 22.25658173], [114.17826648, 22.25659737], [114.17857077, 22.25690306], [114.17859917, 22.25691577], [114.17863399, 22.25691958], [114.17881831, 22.25685827], [114.17890245, 22.25682198], [114.17901311, 22.25670096], [114.17909724, 22.25664836], [114.17918376, 22.25661595], [114.17931066, 22.2565828], [114.17938195, 22.25654593], [114.17942439, 22.25649843], [114.17948258, 22.25638513], [114.17950241, 22.25636282], [114.17959779, 22.25630836], [114.17972001, 22.25625517], [114.17976964, 22.25623866], [114.17982956, 22.25624171], [114.17989273, 22.25623273], [114.18024827, 22.25598209], [114.18032287, 22.25595142], [114.18039131, 22.2559401], [114.18059166, 22.25594973], [114.18071666, 22.2559313], [114.18113163, 22.25581179], [114.18119075, 22.25580451], [114.18144817, 22.2558291], [114.1817628, 22.25578947], [114.18193124, 22.25578535], [114.18240732, 22.25582477], [114.18246617, 22.25582304], [114.18262652, 22.25577215], [114.18284728, 22.25571697], [114.18299926, 22.25568914], [114.18303334, 22.25566804], [114.183063, 22.25562848], [114.1830747, 22.25557763], [114.18306921, 22.25536065], [114.18308305, 22.25532139], [114.18310807, 22.25528996], [114.18314228, 22.25526716], [114.18321008, 22.25524498], [114.18329614, 22.25520428], [114.18336319, 22.25516189], [114.18343066, 22.25514823], [114.18350025, 22.25516434], [114.18362834, 22.2552433], [114.18374163, 22.25524311], [114.18405361, 22.25532113], [114.18409838, 22.25532058], [114.18419715, 22.25526627], [114.18423171, 22.25525849], [114.18439655, 22.25526687], [114.18443277, 22.25523689], [114.18446102, 22.25516552], [114.1845074, 22.25509675], [114.18457132, 22.25505022], [114.18466073, 22.25503105], [114.18470429, 22.25503593], [114.18474727, 22.2550561], [114.18480401, 22.25509764], [114.1848484, 22.25511027], [114.18491576, 22.25509941], [114.1849799, 22.25507294], [114.18501594, 22.25503896], [114.18508682, 22.25483823], [114.18513175, 22.2547726], [114.18520042, 22.25469853], [114.18525892, 22.25465083], [114.18531656, 22.25462358], [114.18544178, 22.25461693], [114.18547116, 22.25460439], [114.18555363, 22.25452401], [114.18557862, 22.25439822], [114.18711357, 22.25403686], [114.18783211, 22.25435119], [114.18814706, 22.2544397], [114.18822973, 22.25449607], [114.18828269, 22.25456645], [114.18830128, 22.25461109], [114.18831268, 22.25467234], [114.18830646, 22.25546169], [114.18832478, 22.25559232], [114.18835208, 22.25566335], [114.18893316, 22.25677732], [114.18898507, 22.25684111], [114.18964953, 22.25729655], [114.18981789, 22.25733205], [114.1898987, 22.25733204], [114.19003344, 22.25729205], [114.19017593, 22.25720993], [114.19025172, 22.25717605], [114.19030492, 22.25716346], [114.19037474, 22.25716204], [114.19081227, 22.25723586], [114.19089982, 22.25723585], [114.19098961, 22.25721913], [114.19111654, 22.25715204], [114.19131119, 22.25702592], [114.19136752, 22.25701315], [114.1914267, 22.25701457], [114.19147237, 22.25702876], [114.19178696, 22.25721687], [114.19196124, 22.25723476], [114.19235812, 22.25711123], [114.19244269, 22.25730712], [114.19256275, 22.25750201], [114.19268842, 22.25745182], [114.19285928, 22.25735918], [114.19315092, 22.25711088], [114.19328302, 22.2570981], [114.1934943, 22.25710517], [114.19361889, 22.25713619], [114.19374373, 22.25714043], [114.19437729, 22.25704469], [114.19441583, 22.25704907], [114.19509178, 22.25731118], [114.19554133, 22.25743069], [114.19569386, 22.25750197], [114.1957613, 22.25754256], [114.19629922, 22.25803065], [114.19635863, 22.25807452], [114.19646941, 22.25812168], [114.19654968, 22.25813922], [114.19684028, 22.25813479], [114.19698156, 22.25811393], [114.19707307, 22.25806236], [114.19723039, 22.25792083], [114.19733634, 22.25785171], [114.19740537, 22.25782427], [114.19746967, 22.25781302], [114.19761449, 22.25783759], [114.19771836, 22.25789633]]]]}, "properties": {"GmlID": "DCD.3", "OBJECTID": 3, "AREA_ID": "B", "AREA_CODE": "WC", "NAME_TC": "灣仔區", "NAME_EN": "Wan Chai District", "REGION": "HK", "Shape_Length": 19729.40455147, "Shape_Area": 12342655.28361372}}, {"type": "Feature", "geometry": {"type": "MultiPolygon", "coordinates": [[[[114.14950899, 22.29747766], [114.10986023, 22.29760514], [114.1101052, 22.27302925], [114.11628327, 22.27303546], [114.11773019, 22.27382253], [114.11853244, 22.27423548], [114.11858277, 22.27414742], [114.11905848, 22.27363816], [114.11924869, 22.27353248], [114.11945151, 22.27346913], [114.11993717, 22.27343232], [114.12004565, 22.27341593], [114.12023449, 22.27336859], [114.12033075, 22.27333704], [114.12046496, 22.27327193], [114.12057147, 22.27320583], [114.12063238, 22.27315918], [114.12105871, 22.27270492], [114.12114055, 22.27264621], [114.12125185, 22.27258119], [114.1214106, 22.2725088], [114.12156549, 22.27246479], [114.12177856, 22.2724455], [114.12200251, 22.27246397], [114.12215724, 22.27250263], [114.12226147, 22.27255694], [114.12247437, 22.27270117], [114.12273381, 22.27284539], [114.12285209, 22.27287023], [114.1229616, 22.27287668], [114.12307942, 22.27284548], [114.12326039, 22.27276669], [114.12341194, 22.27271466], [114.12349664, 22.27270484], [114.12357892, 22.27270487], [114.12366013, 22.27271474], [114.12375899, 22.27274322], [114.12422464, 22.27297112], [114.12467167, 22.27316822], [114.12517691, 22.27337663], [114.12532864, 22.27343249], [114.1254241, 22.273496], [114.12550635, 22.27357387], [114.12573997, 22.27384162], [114.12596831, 22.27408786], [114.12618307, 22.27425301], [114.12636924, 22.27433507], [114.12649264, 22.27437936], [114.12671346, 22.27443731], [114.1268683, 22.27446653], [114.1277491, 22.27455521], [114.12785184, 22.27457718], [114.12815939, 22.27468898], [114.12839221, 22.27481024], [114.12850901, 22.27488189], [114.12881662, 22.27509962], [114.12900547, 22.27526909], [114.12916483, 22.27544894], [114.12926647, 22.27560375], [114.1296801, 22.27555225], [114.13635448, 22.27206834], [114.14007998, 22.26648857], [114.14303476, 22.26182634], [114.14333508, 22.26055033], [114.14324954, 22.26036932], [114.14319781, 22.26018295], [114.143161, 22.25993973], [114.14316829, 22.25984811], [114.14320649, 22.25986197], [114.14326501, 22.25985802], [114.14329434, 22.25984051], [114.14330582, 22.2598237], [114.1433307, 22.25971381], [114.14334396, 22.25969115], [114.14337628, 22.25966667], [114.14340301, 22.25965915], [114.14345365, 22.25966183], [114.14349318, 22.25965425], [114.14353834, 22.25962983], [114.14359378, 22.25957692], [114.14365654, 22.25954931], [114.14368835, 22.25952254], [114.14384796, 22.2592352], [114.14388815, 22.25921135], [114.14398982, 22.25917434], [114.14408828, 22.25911041], [114.14413325, 22.25909089], [114.14418248, 22.25908508], [114.14423671, 22.25908902], [114.14431014, 22.25911962], [114.14442249, 22.25920875], [114.14450946, 22.25924554], [114.14456069, 22.25924502], [114.14469533, 22.25920804], [114.1447438, 22.25918106], [114.14495857, 22.25900179], [114.14520884, 22.25876926], [114.14525622, 22.25871066], [114.14528332, 22.25860494], [114.14530067, 22.25858548], [114.14545491, 22.25851508], [114.14557095, 22.25849304], [114.14566365, 22.25842311], [114.14570291, 22.2583844], [114.14571623, 22.25836004], [114.14571952, 22.25833493], [114.14566922, 22.25821494], [114.1456696, 22.2581757], [114.14568645, 22.25813349], [114.14572577, 22.25809438], [114.1457711, 22.25807724], [114.14587939, 22.25806081], [114.14592192, 22.25804739], [114.14595614, 22.25800255], [114.14597747, 22.2579499], [114.14600385, 22.25791643], [114.14607228, 22.25786027], [114.14619787, 22.25767459], [114.14624603, 22.2575756], [114.14625066, 22.25745338], [114.14626537, 22.25741534], [114.14629625, 22.2573925], [114.14645329, 22.25734692], [114.14649051, 22.25731572], [114.14649723, 22.25729212], [114.14649806, 22.25721138], [114.14650963, 22.25717955], [114.14667371, 22.25694295], [114.1466873, 22.2568994], [114.14666665, 22.25680951], [114.1466721, 22.25678166], [114.14674456, 22.25667579], [114.14676709, 22.25662482], [114.14684036, 22.25634749], [114.14684264, 22.25630912], [114.14680935, 22.25626166], [114.14679037, 22.25625198], [114.14658922, 22.25624772], [114.14648852, 22.25622156], [114.14635661, 22.25616866], [114.14624395, 22.25609881], [114.14619787, 22.25604269], [114.1461837, 22.25599056], [114.1461873, 22.25595342], [114.14620975, 22.25591458], [114.14634561, 22.25577885], [114.14636193, 22.25574866], [114.14636185, 22.25571476], [114.14632641, 22.25566109], [114.14620904, 22.25554794], [114.14617307, 22.25550145], [114.14615944, 22.25545323], [114.14618715, 22.25526828], [114.14618414, 22.25521639], [114.14607852, 22.25492821], [114.14607535, 22.25481633], [114.14606539, 22.25478714], [114.14603536, 22.25476239], [114.14599562, 22.25475798], [114.14569918, 22.25485393], [114.14547352, 22.25486331], [114.14543397, 22.25485409], [114.14531585, 22.25477098], [114.14529327, 22.25473011], [114.14530852, 22.25450939], [114.14537777, 22.25431197], [114.1454158, 22.25415309], [114.14541564, 22.25408821], [114.14543206, 22.25403493], [114.14546164, 22.25399823], [114.14550237, 22.2539724], [114.14561261, 22.2539368], [114.14563603, 22.25392172], [114.14566638, 22.25387912], [114.14573076, 22.25362624], [114.14577332, 22.25357467], [114.14586583, 22.25351611], [114.1459029, 22.25348283], [114.14600459, 22.25329891], [114.14600427, 22.25323733], [114.14596918, 22.25315152], [114.14595539, 22.25290601], [114.14599053, 22.2528172], [114.14610223, 22.25267611], [114.1461415, 22.25266008], [114.1462869, 22.25264286], [114.14634416, 22.25261484], [114.1464057, 22.2525027], [114.14644729, 22.25239919], [114.14645624, 22.25234656], [114.14656265, 22.25224309], [114.14660393, 22.25222556], [114.14676611, 22.25212168], [114.14682936, 22.25209196], [114.14693934, 22.2520809], [114.14700476, 22.25209348], [114.14706727, 22.25212435], [114.14715831, 22.25218761], [114.14719904, 22.2522291], [114.14725412, 22.25224634], [114.14733991, 22.25226057], [114.14742657, 22.25229151], [114.14762722, 22.25233217], [114.14800386, 22.25235018], [114.14810286, 22.25242688], [114.1481374, 22.25248469], [114.14817493, 22.25258756], [114.14818241, 22.25264015], [114.14818234, 22.25277972], [114.14822162, 22.25283359], [114.14826582, 22.25285379], [114.1483595, 22.25287233], [114.14848475, 22.25295067], [114.14854103, 22.2529724], [114.14862029, 22.25303183], [114.14880987, 22.25329369], [114.1488669, 22.25339076], [114.14887454, 22.25344259], [114.14889547, 22.25349194], [114.14892087, 22.25352713], [114.14897033, 22.25356096], [114.14903087, 22.25357942], [114.1490706, 22.25358216], [114.14915873, 22.25355718], [114.14930936, 22.25348737], [114.14939105, 22.25337891], [114.14942033, 22.25336547], [114.14947275, 22.25336038], [114.14959128, 22.25338974], [114.14971232, 22.25343896], [114.14980366, 22.25350018], [114.14990648, 22.25350665], [114.14997244, 22.25352321], [114.15005601, 22.2535586], [114.15024717, 22.25367409], [114.15041436, 22.25368697], [114.15047429, 22.25371113], [114.15072021, 22.25390215], [114.15077304, 22.25396785], [114.15080319, 22.25405993], [114.15081946, 22.25407852], [114.15086652, 22.25409424], [114.15103294, 22.25408443], [114.15111007, 22.25409014], [114.15129243, 22.2541307], [114.15137214, 22.25413406], [114.15147248, 22.25411484], [114.15165294, 22.25410858], [114.15170205, 22.25411688], [114.15174938, 22.25413628], [114.15193181, 22.25427927], [114.15196927, 22.25432083], [114.15203058, 22.25442491], [114.15207068, 22.2545145], [114.15213767, 22.25459625], [114.1521688, 22.254647], [114.15225307, 22.25484143], [114.15227197, 22.25494508], [114.1523167, 22.25505542], [114.15236471, 22.25509243], [114.15248636, 22.25511944], [114.15259034, 22.25517798], [114.1527122, 22.25526676], [114.15285852, 22.25538221], [114.15290088, 22.25543286], [114.15296349, 22.25555109], [114.15303088, 22.25562749], [114.1532012, 22.25578317], [114.15322097, 22.25581332], [114.15323717, 22.25586502], [114.15335782, 22.25601619], [114.15348675, 22.25620948], [114.15352713, 22.25624866], [114.15359196, 22.2562754], [114.15364976, 22.25628258], [114.15370039, 22.25627768], [114.15375063, 22.25625977], [114.15379045, 22.25622601], [114.15381514, 22.25619419], [114.15383424, 22.25615299], [114.15383598, 22.25592714], [114.15386575, 22.25598133], [114.15391823, 22.25604988], [114.15395082, 22.25607761], [114.15413368, 22.25616081], [114.154172, 22.25619251], [114.15420178, 22.25624002], [114.15424298, 22.25641684], [114.15428973, 22.25650246], [114.15430961, 22.25652359], [114.15429835, 22.25655655], [114.15420191, 22.25662391], [114.15418764, 22.25665687], [114.15419617, 22.25672948], [114.15423874, 22.25682837], [114.15441876, 22.25708053], [114.15449384, 22.25716498], [114.15462984, 22.25729305], [114.15466379, 22.25733523], [114.15475195, 22.2574986], [114.15479162, 22.25754738], [114.15499835, 22.25772352], [114.15512004, 22.25787756], [114.15522719, 22.25803189], [114.15524747, 22.25809613], [114.15525256, 22.25818593], [114.15522617, 22.25842768], [114.15519564, 22.25855242], [114.15516417, 22.25861828], [114.15515601, 22.25865425], [114.1551956, 22.25879878], [114.15520373, 22.25896604], [114.1551993, 22.25917659], [114.15515799, 22.25933267], [114.15831301, 22.25787518], [114.16177905, 22.25897965], [114.16188177, 22.25894514], [114.16195037, 22.25882254], [114.16202185, 22.25867166], [114.16206236, 22.2586295], [114.1621529, 22.25856072], [114.16225059, 22.2584986], [114.16232206, 22.25847198], [114.16268181, 22.25842763], [114.1627628, 22.25844317], [114.16282772, 22.25847147], [114.16305402, 22.25870338], [114.16338399, 22.2588223], [114.16337714, 22.25887375], [114.16339422, 22.25932262], [114.16343477, 22.25942505], [114.16348979, 22.25949516], [114.16358245, 22.25955986], [114.16361477, 22.25962454], [114.16361186, 22.25972699], [114.16356551, 22.25993993], [114.16361761, 22.26006663], [114.1636176, 22.2602176], [114.16353941, 22.2603254], [114.16357123, 22.26040626], [114.16360887, 22.26043591], [114.16380579, 22.26040897], [114.16385212, 22.26044132], [114.1638695, 22.26047906], [114.16387817, 22.26053297], [114.16384631, 22.26064078], [114.1638434, 22.26072434], [114.16389264, 22.26078095], [114.16393607, 22.26079173], [114.16406059, 22.26075941], [114.1642119, 22.26080983], [114.16439649, 22.26094002], [114.16445151, 22.2610155], [114.16444281, 22.26112601], [114.16446597, 22.26117454], [114.16464555, 22.26126079], [114.16467741, 22.26131633], [114.16464554, 22.26139719], [114.16450652, 22.26153464], [114.1645123, 22.26159933], [114.16457601, 22.26162627], [114.16485401, 22.26166133], [114.16486562, 22.26170986], [114.16479899, 22.2618554], [114.16474395, 22.26201982], [114.16472648, 22.26211256], [114.16475544, 22.26213683], [114.16479018, 22.26214491], [114.16488284, 22.26214492], [114.16494655, 22.26216649], [114.16503341, 22.26220962], [114.16511449, 22.26228778], [114.16511737, 22.26237134], [114.16507392, 22.2625088], [114.16510867, 22.26259237], [114.16509739, 22.26270688], [114.16513183, 22.26273791], [114.16519263, 22.26275407], [114.16529108, 22.26275408], [114.16529108, 22.26281607], [114.16521288, 22.263029], [114.16520708, 22.26311795], [114.16523024, 22.26316917], [114.16526499, 22.26321498], [114.1653866, 22.26329316], [114.16545613, 22.26337399], [114.16553432, 22.26343598], [114.16558066, 22.26343327], [114.16565015, 22.26340095], [114.16571965, 22.26340904], [114.16574862, 22.26343329], [114.16584706, 22.26364892], [114.16584126, 22.26373247], [114.16587311, 22.26378097], [114.1659484, 22.26382141], [114.16606713, 22.26386454], [114.16607292, 22.26391956], [114.16593969, 22.26412708], [114.16589914, 22.26420523], [114.16591073, 22.26424836], [114.16595416, 22.26427262], [114.1661337, 22.26429419], [114.1662032, 22.26432923], [114.16622638, 22.26436696], [114.16624084, 22.26442355], [114.16622057, 22.26449094], [114.16609665, 22.26456437], [114.16604597, 22.26464792], [114.16608651, 22.26474898], [114.16619862, 22.26485203], [114.16631238, 22.2649311], [114.16622272, 22.26537064], [114.16624885, 22.26576258], [114.16617358, 22.26585485], [114.16600661, 22.26597037], [114.1658371, 22.2661457], [114.16581757, 22.26622428], [114.16581376, 22.266565], [114.16576596, 22.26667056], [114.16578707, 22.2666902], [114.16592429, 22.26670389], [114.1659733, 22.26672215], [114.1660174, 22.26678145], [114.1660566, 22.26692286], [114.16605659, 22.26698672], [114.16607128, 22.26706883], [114.16606837, 22.26710287], [114.16613563, 22.26711852], [114.16620361, 22.2671555], [114.16636533, 22.26726957], [114.16647804, 22.26739729], [114.16651724, 22.26750677], [114.16653193, 22.26761625], [114.16652212, 22.26779872], [114.16653681, 22.2678717], [114.16657111, 22.26794469], [114.16660622, 22.26798963], [114.16667402, 22.26804505], [114.16678674, 22.2680998], [114.16690436, 22.26814542], [114.16719049, 22.26833618], [114.16715455, 22.26837419], [114.16710306, 22.2683968], [114.16689429, 22.26839599], [114.1668014, 22.26841258], [114.16677204, 22.26843095], [114.16673701, 22.26848433], [114.16673387, 22.26857673], [114.16672428, 22.26859795], [114.16647433, 22.26874938], [114.16643039, 22.26875124], [114.16629393, 22.26870694], [114.16623513, 22.2687054], [114.16612924, 22.26873308], [114.16598155, 22.26886037], [114.16589531, 22.26891357], [114.16579717, 22.26895754], [114.16574266, 22.26899736], [114.16556919, 22.26916721], [114.16546825, 22.27278493], [114.16598503, 22.27282731], [114.16603344, 22.27284423], [114.16608283, 22.27289251], [114.1661185, 22.27295386], [114.16616988, 22.27309625], [114.16619151, 22.27322417], [114.16619678, 22.27340913], [114.1661857, 22.27347726], [114.1660684, 22.27370881], [114.16606525, 22.2737351], [114.16608796, 22.2738493], [114.16613439, 22.27397534], [114.16615764, 22.27401142], [114.16622224, 22.27407594], [114.16630881, 22.27420264], [114.16636724, 22.27435195], [114.16638891, 22.27443067], [114.16641159, 22.27457042], [114.16640899, 22.27465157], [114.16639271, 22.27473134], [114.16627773, 22.27506493], [114.16626907, 22.2751456], [114.16627528, 22.27519942], [114.16630098, 22.27527419], [114.16641683, 22.27542598], [114.16647166, 22.27553346], [114.16650765, 22.27557572], [114.16655668, 22.27560446], [114.16661445, 22.27561032], [114.16667228, 22.27560495], [114.16674665, 22.27558169], [114.16682232, 22.27554144], [114.16700367, 22.27538494], [114.16705662, 22.27536389], [114.16708564, 22.2753634], [114.16714296, 22.27538492], [114.16700549, 22.27554013], [114.1670955, 22.27557154], [114.16716294, 22.27562248], [114.1671952, 22.27566742], [114.16724259, 22.2757717], [114.16728498, 22.27580831], [114.16731141, 22.27581998], [114.1673114, 22.2759162], [114.16738162, 22.27591465], [114.16740502, 22.27613252], [114.1673883, 22.27617143], [114.16736823, 22.27619321], [114.16731807, 22.27621966], [114.16723614, 22.27622432], [114.16718095, 22.27621032], [114.16715921, 22.27619786], [114.16712077, 22.27615429], [114.16710071, 22.27615273], [114.16709569, 22.27617452], [114.167115, 22.27627134], [114.16703971, 22.27638943], [114.16708263, 22.27660698], [114.1671242, 22.27668953], [114.16717349, 22.27674173], [114.16731801, 22.27685247], [114.16753779, 22.27692193], [114.16769371, 22.27700053], [114.16785599, 22.27712816], [114.16807031, 22.27742249], [114.16793025, 22.27751145], [114.16755621, 22.27771699], [114.16717834, 22.27794297], [114.16722507, 22.27852907], [114.16806623, 22.27952361], [114.16820025, 22.27970239], [114.167933, 22.27971049], [114.16775869, 22.27970074], [114.16757091, 22.27967971], [114.16747116, 22.27965947], [114.16655216, 22.27955415], [114.1672772, 22.28038047], [114.16742073, 22.2805556], [114.16770876, 22.28087252], [114.16763017, 22.28125588], [114.16743623, 22.28246209], [114.16744001, 22.2906587], [114.14950899, 22.29747766]]]]}, "properties": {"GmlID": "DCD.4", "OBJECTID": 4, "AREA_ID": "A", "AREA_CODE": "CW", "NAME_TC": "中西區", "NAME_EN": "Central and Western District", "REGION": "HK", "Shape_Length": 21739.94041829, "Shape_Area": 19755013.10250715}}, {"type": "Feature", "geometry": {"type": "MultiPolygon", "coordinates": [[[[114.21938622, 22.29567744], [114.21086575, 22.3002749], [114.19954258, 22.3002604], [114.18685775, 22.29412413], [114.18632713, 22.29386741], [114.18882955, 22.28938511], [114.18949146, 22.28819944], [114.19134501, 22.28675943], [114.19149238, 22.28670015], [114.19149481, 22.28679045], [114.19150331, 22.28683448], [114.19153304, 22.28692026], [114.19156458, 22.28697614], [114.19164889, 22.28708676], [114.1919455, 22.28741691], [114.19248037, 22.28698735], [114.19248643, 22.28688292], [114.19290854, 22.2869032], [114.19292003, 22.28665091], [114.19294245, 22.2864257], [114.19296603, 22.28588838], [114.19295327, 22.2855565], [114.19292898, 22.28534598], [114.19290167, 22.28518851], [114.19281399, 22.28481866], [114.19251696, 22.28340105], [114.19246236, 22.28322778], [114.19239078, 22.28306129], [114.19314099, 22.28312781], [114.1932417, 22.28340041], [114.19331512, 22.28378365], [114.19343112, 22.28512073], [114.19344993, 22.28522741], [114.19348633, 22.28533068], [114.1935385, 22.2854272], [114.19398191, 22.28603615], [114.19404317, 22.28609371], [114.19409411, 22.28612024], [114.19417781, 22.28614055], [114.19423603, 22.28613942], [114.19429244, 22.28612699], [114.19450651, 22.28602425], [114.19461688, 22.28598924], [114.19467389, 22.28598076], [114.19476122, 22.28598019], [114.19484734, 22.28599316], [114.19490314, 22.28600953], [114.19500625, 22.28605919], [114.1950942, 22.28612972], [114.19514758, 22.28619406], [114.19519005, 22.28626856], [114.19544118, 22.28664217], [114.19583172, 22.28641185], [114.19586749, 22.28636951], [114.19588932, 22.28631927], [114.19589538, 22.28626566], [114.19588506, 22.28621261], [114.1957243, 22.28587792], [114.19567881, 22.28580851], [114.19562118, 22.28574756], [114.19557691, 22.28571257], [114.19547682, 22.28565783], [114.19538706, 22.28562962], [114.19496373, 22.28552694], [114.19485881, 22.28548124], [114.19478784, 22.28543327], [114.19472718, 22.28537515], [114.19467744, 22.28530855], [114.19463983, 22.28523518], [114.19460889, 22.28510367], [114.19460099, 22.28500885], [114.19460583, 22.28492814], [114.19461735, 22.28487509], [114.19463614, 22.28482372], [114.19467737, 22.28475204], [114.19475196, 22.28466963], [114.19484656, 22.28460696], [114.19491812, 22.2845776], [114.19500182, 22.28455559], [114.19514615, 22.28454089], [114.19522317, 22.28454935], [114.19520678, 22.28440656], [114.19481114, 22.28262474], [114.19477959, 22.28254968], [114.19472136, 22.28245543], [114.19464796, 22.2823719], [114.19401778, 22.28182054], [114.19388131, 22.28167945], [114.19379639, 22.28156939], [114.193723, 22.28145313], [114.19349128, 22.28103323], [114.19345913, 22.2809576], [114.19344213, 22.28087803], [114.19344031, 22.28079675], [114.19345364, 22.2807166], [114.19349487, 22.28061556], [114.19354641, 22.28054106], [114.19395208, 22.28011657], [114.19398421, 22.28007142], [114.19400482, 22.28002062], [114.19401065, 22.27996669], [114.19407317, 22.27996905], [114.19413066, 22.27996078], [114.19418899, 22.27994524], [114.19425486, 22.27991694], [114.1942981, 22.27988048], [114.19438067, 22.27976558], [114.19444413, 22.27971109], [114.19465483, 22.27961301], [114.19471371, 22.27955208], [114.19481738, 22.27934549], [114.19481312, 22.27920664], [114.19471002, 22.27917787], [114.1945008, 22.27920499], [114.19437648, 22.27916098], [114.19428307, 22.27907576], [114.19449954, 22.27888383], [114.1945432, 22.278824], [114.19464144, 22.27879295], [114.19488762, 22.27849209], [114.19499434, 22.27839331], [114.19513807, 22.27838595], [114.19530362, 22.278312], [114.19533455, 22.27825047], [114.19527025, 22.27818557], [114.19528054, 22.27802528], [114.19526719, 22.27794513], [114.19523321, 22.27785934], [114.19518166, 22.27777017], [114.19525684, 22.27764881], [114.19527018, 22.27761325], [114.1954933, 22.27725652], [114.19559214, 22.27719159], [114.19565823, 22.27711088], [114.19575768, 22.27704934], [114.19590502, 22.27689976], [114.19593412, 22.2768467], [114.19595777, 22.27676204], [114.19601657, 22.27666156], [114.1960184, 22.27663447], [114.19600505, 22.27660512], [114.19597108, 22.27656562], [114.19594015, 22.27654304], [114.1952741, 22.27628292], [114.19529728, 22.27619487], [114.19529605, 22.27608707], [114.19528005, 22.27600191], [114.19529639, 22.27589305], [114.19532419, 22.2758357], [114.19537194, 22.27577487], [114.19546049, 22.27569533], [114.19562206, 22.2756111], [114.19572156, 22.27554434], [114.19579969, 22.27548035], [114.19650582, 22.27471274], [114.19678306, 22.27437039], [114.19690042, 22.27426325], [114.19729922, 22.27398957], [114.19732896, 22.27395772], [114.19734383, 22.27392587], [114.19734382, 22.27386911], [114.19732954, 22.27377003], [114.19733828, 22.27370495], [114.19735575, 22.27367241], [114.19742859, 22.27361545], [114.19747811, 22.27356393], [114.19757423, 22.27334426], [114.19764996, 22.27323308], [114.19778688, 22.27316255], [114.20072652, 22.27437051], [114.2022, 22.27766312], [114.20254994, 22.2777624], [114.20342607, 22.27679654], [114.20458103, 22.27522276], [114.20716461, 22.27045129], [114.2031393, 22.26750292], [114.19837174, 22.26635007], [114.19754591, 22.25976797], [114.19737366, 22.25914608], [114.19743643, 22.25853094], [114.19745282, 22.25850549], [114.19765648, 22.25837003], [114.19776208, 22.25825556], [114.19778337, 22.25820115], [114.19779035, 22.25816513], [114.19777877, 22.25807111], [114.19771836, 22.25789633], [114.1979695, 22.25807536], [114.19806536, 22.25811385], [114.19823378, 22.25814093], [114.19851491, 22.25814089], [114.19866807, 22.25815743], [114.19874241, 22.25817662], [114.19883553, 22.25821512], [114.19892108, 22.25826479], [114.19897363, 22.25831393], [114.19921167, 22.2586477], [114.19929138, 22.25870215], [114.19945851, 22.25873814], [114.19951378, 22.25876272], [114.19956392, 22.25879609], [114.19965779, 22.25891817], [114.19968736, 22.2589454], [114.19976449, 22.258977], [114.19992004, 22.25899454], [114.20003189, 22.25902527], [114.20036272, 22.25921524], [114.20040866, 22.25923487], [114.20070966, 22.25924529], [114.20079404, 22.25923331], [114.20147457, 22.25890328], [114.20157978, 22.25888075], [114.20180078, 22.25887317], [114.20193813, 22.2589055], [114.20208338, 22.25898422], [114.20217811, 22.25905107], [114.20229809, 22.25910715], [114.20333685, 22.25922023], [114.20403776, 22.25922119], [114.20410249, 22.25922657], [114.20415143, 22.25923951], [114.20436457, 22.259384], [114.20440617, 22.2593888], [114.20446403, 22.25937752], [114.20471779, 22.25929627], [114.20478074, 22.25929486], [114.20502126, 22.25931618], [114.20507558, 22.25930956], [114.20511571, 22.25928819], [114.20515725, 22.2592536], [114.20520147, 22.25913761], [114.20534888, 22.25863685], [114.20539619, 22.25855826], [114.20562081, 22.25833034], [114.20568805, 22.25809064], [114.20574378, 22.25798], [114.20580799, 22.257898], [114.20586367, 22.25784888], [114.20623146, 22.25759236], [114.206293, 22.25756644], [114.20635895, 22.25755278], [114.20642636, 22.25755277], [114.20674732, 22.25766047], [114.2068074, 22.25766181], [114.20686016, 22.25765363], [114.20707701, 22.25752468], [114.20711212, 22.25751009], [114.20724226, 22.25749546], [114.20735057, 22.25747074], [114.2074072, 22.25744837], [114.20751684, 22.25738219], [114.20757085, 22.25733429], [114.2076192, 22.25730836], [114.20767103, 22.25729243], [114.20772032, 22.25730016], [114.20808672, 22.25740513], [114.20824352, 22.2574126], [114.20843991, 22.25745349], [114.20852931, 22.25748621], [114.2085894, 22.25752303], [114.20867486, 22.25763454], [114.20870505, 22.25765301], [114.20874854, 22.25765336], [114.20877909, 22.25762489], [114.20883145, 22.25741742], [114.20888384, 22.25735641], [114.20899737, 22.25730757], [114.20914584, 22.25728313], [114.2092157, 22.25724651], [114.20924626, 22.2572099], [114.20935101, 22.25695768], [114.20942524, 22.25691293], [114.20952129, 22.25689664], [114.20982263, 22.25695352], [114.20994929, 22.25703078], [114.21002353, 22.2570389], [114.21009338, 22.25700228], [114.21013266, 22.25692499], [114.21020248, 22.25669311], [114.2103756, 22.25674229], [114.21043636, 22.25663795], [114.21047554, 22.2565467], [114.21050981, 22.25639616], [114.210549, 22.25634598], [114.21059309, 22.25630491], [114.21069599, 22.25623646], [114.21086258, 22.25615889], [114.21090178, 22.25613151], [114.21113952, 22.25601225], [114.21127417, 22.25590791], [114.21135744, 22.25578474], [114.21135252, 22.25567981], [114.21131818, 22.25554298], [114.21124059, 22.25538653], [114.21108777, 22.2551781], [114.21096522, 22.25504128], [114.21090001, 22.25487232], [114.21095521, 22.25482517], [114.21103341, 22.25482087], [114.2111944, 22.25464513], [114.2112266, 22.25463655], [114.21128181, 22.25467082], [114.21133706, 22.25480795], [114.21141538, 22.25524077], [114.21147984, 22.25543361], [114.21162692, 22.25556572], [114.21178375, 22.25562498], [114.21194057, 22.25563864], [114.21205817, 22.25562948], [114.21213658, 22.25561122], [114.21231789, 22.25560662], [114.21260708, 22.25579815], [114.2127247, 22.25586199], [114.21254745, 22.25596432], [114.2124107, 22.25608405], [114.21232281, 22.25615088], [114.21194346, 22.25626596], [114.21190498, 22.25623634], [114.21180839, 22.25618605], [114.21172508, 22.25617239], [114.21157807, 22.25620891], [114.21148008, 22.25624998], [114.21133308, 22.25633213], [114.21118609, 22.25643251], [114.21106848, 22.25646903], [114.21092148, 22.25649644], [114.21077447, 22.25653751], [114.21065197, 22.25660596], [114.21061278, 22.25665159], [114.21056585, 22.25686377], [114.21037894, 22.25733663], [114.21037287, 22.25758219], [114.21040231, 22.25769624], [114.21044153, 22.25776922], [114.21048566, 22.25787869], [114.21054448, 22.25795166], [114.21060821, 22.25800182], [114.21064741, 22.25802006], [114.21074543, 22.25803373], [114.21079934, 22.25802914], [114.21091203, 22.25798351], [114.21098553, 22.25793788], [114.2111913, 22.25773713], [114.2112207, 22.25770063], [114.21125499, 22.25767781], [114.2112697, 22.25767781], [114.21190691, 22.25822506], [114.21208826, 22.2583938], [114.21207357, 22.25843486], [114.21184327, 22.25853982], [114.21176489, 22.25859001], [114.21173549, 22.25862651], [114.2116326, 22.25872233], [114.21140866, 22.2588674], [114.21140428, 22.25907903], [114.21139693, 22.25910972], [114.21141045, 22.25914212], [114.21150138, 22.25921553], [114.21160654, 22.25934531], [114.2116779, 22.25941211], [114.21169597, 22.25944325], [114.21171554, 22.2595226], [114.21180393, 22.25963676], [114.21188126, 22.25971449], [114.21188372, 22.25974203], [114.21187511, 22.25977129], [114.21178694, 22.25986656], [114.21170417, 22.26003601], [114.2116658, 22.26008801], [114.21165931, 22.26011876], [114.21167563, 22.26015741], [114.21183626, 22.26025015], [114.21193794, 22.26029855], [114.21199415, 22.26034386], [114.21203741, 22.2603957], [114.21210291, 22.26042781], [114.21238304, 22.26042484], [114.21246818, 22.2604035], [114.21265627, 22.26026421], [114.21269557, 22.26025886], [114.21283683, 22.26027559], [114.21293942, 22.26026756], [114.21300049, 22.26024718], [114.2130803, 22.26019323], [114.21316564, 22.26008467], [114.21318727, 22.26007132], [114.21328904, 22.26008125], [114.21341936, 22.26006494], [114.21344851, 22.26005324], [114.21371744, 22.25986217], [114.21377179, 22.2598401], [114.21401576, 22.25976968], [114.21406619, 22.25976914], [114.21410191, 22.25977659], [114.21429097, 22.25985004], [114.21447566, 22.25989057], [114.21456194, 22.25988669], [114.2146301, 22.25985743], [114.21467106, 22.25981367], [114.21469256, 22.25977604], [114.21470685, 22.2596747], [114.21473695, 22.25962532], [114.21478783, 22.25958903], [114.21495589, 22.25951735], [114.21500107, 22.25948359], [114.2150606, 22.25941949], [114.21514812, 22.25920167], [114.2151675, 22.25912786], [114.2151875, 22.2590883], [114.21521589, 22.25905348], [114.21524967, 22.25902783], [114.21532065, 22.25899859], [114.21605283, 22.25843639], [114.21609011, 22.25839622], [114.21612981, 22.25832502], [114.21617359, 22.25827963], [114.21621993, 22.25825421], [114.21627527, 22.25824188], [114.21639735, 22.25818192], [114.21644813, 22.25809176], [114.21650501, 22.25801193], [114.21658684, 22.25790388], [114.21663651, 22.25785766], [114.21669365, 22.2578361], [114.21677626, 22.25782664], [114.21690321, 22.25779446], [114.21694281, 22.25776892], [114.21696779, 22.25772769], [114.21705383, 22.2574748], [114.21708685, 22.25743514], [114.2171373, 22.25741101], [114.21719195, 22.2574104], [114.21725442, 22.25743699], [114.21727197, 22.25745429], [114.2173686, 22.25763554], [114.21740875, 22.25767837], [114.21748126, 22.25771641], [114.2175269, 22.2577198], [114.21766451, 22.2576142], [114.21771512, 22.25761207], [114.21776208, 22.25763308], [114.21779263, 22.25767388], [114.21780104, 22.25774385], [114.21781767, 22.25777513], [114.21805498, 22.25803008], [114.21813332, 22.2581536], [114.21816466, 22.25817651], [114.21820588, 22.25818191], [114.21828841, 22.25815158], [114.21836938, 22.25808592], [114.21844399, 22.25798074], [114.2185205, 22.25781735], [114.21855831, 22.25777666], [114.2186067, 22.25774726], [114.2187311, 22.25769824], [114.21880918, 22.2576813], [114.2188972, 22.25767616], [114.21911553, 22.25768368], [114.21917852, 22.25767477], [114.21924488, 22.25765045], [114.21937716, 22.25757349], [114.21968254, 22.25744271], [114.2198319, 22.25743213], [114.22001187, 22.25738267], [114.22015092, 22.25732466], [114.22022536, 22.25728314], [114.22036634, 22.25716143], [114.2205251, 22.25705459], [114.22062272, 22.25701086], [114.22068353, 22.25699407], [114.22079561, 22.2569975], [114.22085711, 22.25699054], [114.221154, 22.25685926], [114.22122591, 22.25679644], [114.22128167, 22.25672595], [114.22130735, 22.25671098], [114.22136176, 22.25669799], [114.2216208, 22.25668874], [114.22167576, 22.25669352], [114.22174585, 22.25671123], [114.22184434, 22.25675241], [114.2219152, 22.2567615], [114.22288278, 22.25669177], [114.22825429, 22.25719625], [114.22841781, 22.25715167], [114.2286636, 22.25710553], [114.22878874, 22.2570629], [114.2289866, 22.25695216], [114.2294523, 22.25662633], [114.22961488, 22.25653984], [114.22968191, 22.25651719], [114.22993276, 22.25645721], [114.23003737, 22.25640801], [114.23010895, 22.25635148], [114.2302028, 22.25624398], [114.23049298, 22.25579734], [114.23075756, 22.2561343], [114.23144596, 22.25574201], [114.23152324, 22.2556841], [114.23159491, 22.25559726], [114.23181737, 22.25525251], [114.23187742, 22.25514329], [114.23195899, 22.25505776], [114.2320412, 22.25500592], [114.23214092, 22.25496799], [114.23228309, 22.25494354], [114.23262883, 22.25493702], [114.23282434, 22.25496136], [114.23298886, 22.25497181], [114.23305876, 22.25496973], [114.23315753, 22.25494871], [114.23323357, 22.25491565], [114.23364161, 22.25462852], [114.23373315, 22.25460853], [114.23397502, 22.25466218], [114.23401366, 22.25468704], [114.23403046, 22.25470572], [114.2340837, 22.25487191], [114.23411654, 22.25501953], [114.23414847, 22.25506845], [114.23418523, 22.25510661], [114.23427963, 22.25515865], [114.23440129, 22.25519804], [114.2344504, 22.25523762], [114.23446938, 22.25528093], [114.23447392, 22.25537122], [114.23453757, 22.25558273], [114.23455944, 22.25577694], [114.23458271, 22.25587697], [114.23464766, 22.25602623], [114.23468591, 22.25608299], [114.23473108, 22.25612898], [114.23483223, 22.25618882], [114.23489589, 22.25620806], [114.23498481, 22.25621383], [114.23519514, 22.25615045], [114.23527038, 22.25615318], [114.23531474, 22.25618281], [114.23535739, 22.25627937], [114.23543071, 22.25648984], [114.23550114, 22.25660166], [114.23558947, 22.25668791], [114.2357361, 22.25678908], [114.23578434, 22.2568079], [114.23584062, 22.2568043], [114.23586056, 22.25679548], [114.23590477, 22.2567446], [114.23597264, 22.25658418], [114.23601122, 22.25652581], [114.23604554, 22.25649767], [114.23614279, 22.25645094], [114.23622168, 22.25642601], [114.23628504, 22.256419], [114.236344, 22.25643613], [114.23637934, 22.25646245], [114.23642543, 22.25652355], [114.23646055, 22.25658888], [114.2364822, 22.25670762], [114.23648473, 22.25707095], [114.23649562, 22.25712677], [114.23651776, 22.25717962], [114.23655082, 22.25721547], [114.23659237, 22.25724519], [114.23665815, 22.25726061], [114.23670778, 22.25725789], [114.23674121, 22.25724789], [114.23677199, 22.2572283], [114.23681567, 22.25717261], [114.23683349, 22.25709752], [114.23684072, 22.25702088], [114.23686563, 22.25696023], [114.23688458, 22.25693534], [114.23691592, 22.25691262], [114.23695037, 22.2568994], [114.23701724, 22.25689829], [114.23706787, 22.25691874], [114.23712813, 22.25697182], [114.23718899, 22.25705299], [114.23730276, 22.25716618], [114.2373639, 22.25720758], [114.23740816, 22.25722351], [114.23745542, 22.25722745], [114.23750726, 22.25721822], [114.23756109, 22.25719791], [114.23764449, 22.25713819], [114.23795185, 22.25679172], [114.23801005, 22.25674223], [114.23807648, 22.25670974], [114.23813475, 22.25669173], [114.23819473, 22.25665379], [114.23825234, 22.25658237], [114.23829502, 22.25654518], [114.23871156, 22.2562555], [114.2387594, 22.25623328], [114.23905745, 22.25617581], [114.23912571, 22.25617778], [114.23925688, 22.25621267], [114.2393511, 22.25624855], [114.23946518, 22.2562697], [114.2395592, 22.25626068], [114.23970661, 22.2562148], [114.23993435, 22.25610026], [114.24022308, 22.25591828], [114.24032228, 22.25592861], [114.24043058, 22.25592967], [114.24062707, 22.25590429], [114.24117856, 22.25573971], [114.24140982, 22.25562416], [114.24145283, 22.25561031], [114.241503, 22.25561481], [114.24163974, 22.2556692], [114.24168246, 22.2556683], [114.24193579, 22.255604], [114.24198192, 22.25560195], [114.24208559, 22.2556123], [114.242126, 22.2556078], [114.24231881, 22.25554248], [114.24237063, 22.25551109], [114.24250768, 22.25540121], [114.24254384, 22.25539574], [114.24261166, 22.25540884], [114.24266198, 22.25539042], [114.2426835, 22.25536878], [114.24274571, 22.25526646], [114.24274541, 22.25523694], [114.24272778, 22.25521012], [114.24267596, 22.2551909], [114.24262985, 22.25515142], [114.24261934, 22.25512398], [114.24262776, 22.25507671], [114.2427171, 22.25490218], [114.24271868, 22.25487705], [114.24270435, 22.25482607], [114.24271494, 22.2547871], [114.24289655, 22.25453757], [114.24294517, 22.25450507], [114.24303851, 22.25448796], [114.24309032, 22.25446094], [114.24338109, 22.25416438], [114.24341668, 22.2541375], [114.24345379, 22.25412298], [114.2435098, 22.25411927], [114.24362697, 22.25413418], [114.24367769, 22.25411221], [114.2437156, 22.2540609], [114.2437537, 22.25403161], [114.24387788, 22.2539806], [114.24393486, 22.25397858], [114.24397757, 22.25395218], [114.24398831, 22.25393357], [114.24401511, 22.25375375], [114.24404911, 22.25368396], [114.24408944, 22.25364424], [114.24411636, 22.25363208], [114.24432898, 22.2535941], [114.24437833, 22.25357309], [114.24444671, 22.2535157], [114.24450831, 22.25350097], [114.24456973, 22.25351437], [114.24485232, 22.25363172], [114.24514769, 22.25363602], [114.24518406, 22.25362142], [114.245277, 22.25352823], [114.24532629, 22.25350398], [114.24548616, 22.25348261], [114.245615, 22.25352178], [114.24564947, 22.25351813], [114.2457432, 22.25342949], [114.24577825, 22.25341391], [114.24627676, 22.25338376], [114.24647229, 22.25333638], [114.24654743, 22.25333088], [114.24663047, 22.25336162], [114.24675726, 22.25348071], [114.24680392, 22.2534817], [114.24683967, 22.2534542], [114.24689318, 22.25337076], [114.24692018, 22.2533486], [114.24695666, 22.25333741], [114.24729073, 22.25334766], [114.24732661, 22.25335829], [114.24738185, 22.2533914], [114.25017874, 22.24580112], [114.26158245, 22.24573543], [114.26159887, 22.27300665], [114.24423372, 22.28228996], [114.21938622, 22.29567744]]]]}, "properties": {"GmlID": "DCD.5", "OBJECTID": 5, "AREA_ID": "C", "AREA_CODE": "EST", "NAME_TC": "東區", "NAME_EN": "Eastern District", "REGION": "HK", "Shape_Length": 29473.75620405, "Shape_Area": 26093909.46049147}}, {"type": "Feature", "geometry": {"type": "MultiPolygon", "coordinates": [[[[113.93955092, 22.14847528], [113.9706982, 22.14850053], [113.97076354, 22.14850058], [114.04340449, 22.14853633], [114.11611099, 22.14853971], [114.18881756, 22.1485107], [114.23598957, 22.14847454], [114.25515921, 22.13855969], [114.26151947, 22.14074771], [114.28399525, 22.14847716], [114.30924373, 22.14849202], [114.30906868, 22.19282836], [114.2000123, 22.1926441], [114.11024129, 22.26119788], [114.1101052, 22.27302925], [114.10986023, 22.29760514], [114.10987012, 22.31172692], [114.07269294, 22.31253], [114.01046456, 22.31385515], [114.01024051, 22.31389196], [114.01018307, 22.31392554], [114.01013306, 22.3139682], [114.01009213, 22.31401856], [114.01006161, 22.31407493], [114.01004352, 22.31413629], [114.01003719, 22.31419914], [114.01004259, 22.31426208], [114.01005959, 22.3143232], [114.01008767, 22.31438068], [114.01012599, 22.31443278], [114.01013736, 22.31449684], [114.01013897, 22.31462304], [114.01011356, 22.31474702], [114.01009098, 22.31480661], [114.01003384, 22.31487182], [114.00998449, 22.3149152], [114.00987182, 22.31498541], [114.0098099, 22.31501134], [114.00963633, 22.31481778], [114.00945841, 22.31458804], [114.00940495, 22.31453156], [114.00935207, 22.31449192], [114.00923305, 22.31443154], [114.00910207, 22.31439905], [114.00896654, 22.31439629], [114.00850094, 22.31449449], [114.00830019, 22.31452687], [114.0080292, 22.31454366], [114.00796127, 22.3145431], [114.00787278, 22.31452687], [114.00774231, 22.31449178], [114.00761646, 22.31444425], [114.00743933, 22.31435082], [114.00728, 22.31423287], [114.00710656, 22.31407477], [114.00696615, 22.31392893], [113.99460004, 22.31418915], [113.99458112, 22.32463511], [113.95778758, 22.32456289], [113.88981011, 22.3244075], [113.8857325, 22.32439727], [113.88572443, 22.32439725], [113.88384077, 22.32439249], [113.87350439, 22.32436598], [113.87232246, 22.32436291], [113.86927639, 22.32435495], [113.86586908, 22.32434598], [113.86586861, 22.32434598], [113.86586434, 22.32434597], [113.86492887, 22.32175396], [113.86463467, 22.32093877], [113.86366556, 22.31825344], [113.86081197, 22.3103457], [113.85979142, 22.3075174], [113.85730529, 22.30062692], [113.85333303, 22.28961606], [113.84762768, 22.27379805], [113.84737923, 22.27310913], [113.83898968, 22.26771872], [113.82952962, 22.24638669], [113.82637958, 22.23928191], [113.82506818, 22.23613975], [113.81710459, 22.2170555], [113.82023231, 22.21026257], [113.82515937, 22.19956024], [113.82854685, 22.19220108], [113.83238355, 22.18386495], [113.89654981, 22.14252808], [113.89800451, 22.14220158], [113.9159159, 22.13818029], [113.92238431, 22.13672753], [113.92452668, 22.13819383], [113.93955092, 22.14847528]]]]}, "properties": {"GmlID": "DCD.6", "OBJECTID": 6, "AREA_ID": "T", "AREA_CODE": "ILD", "NAME_TC": "離島區", "NAME_EN": "Islands District", "REGION": "NT", "Shape_Length": 128862.90713106, "Shape_Area": 664736622.3982143}}, {"type": "Feature", "geometry": {"type": "MultiPolygon", "coordinates": [[[[114.17447434, 22.32664808], [114.17416868, 22.32675549], [114.17411166, 22.32676678], [114.17399518, 22.32677411], [114.16785058, 22.32652919], [114.16345115, 22.32632376], [114.1618773, 22.32626773], [114.16058711, 22.32620969], [114.16189154, 22.32522923], [114.1619232, 22.32461547], [114.16185541, 22.32475093], [114.16176338, 22.32489512], [114.161652, 22.32495819], [114.16094747, 22.32497274], [114.16041174, 22.32500592], [114.15909924, 22.32499469], [114.15873019, 22.32492266], [114.15836711, 22.32475646], [114.15807911, 22.32447989], [114.15892425, 22.32376908], [114.159005, 22.32364847], [114.15904905, 22.32351648], [114.15905886, 22.32329797], [114.15905575, 22.32298286], [114.15901244, 22.32278588], [114.15891463, 22.32252186], [114.15867078, 22.32213827], [114.15860627, 22.32207014], [114.15850982, 22.32201243], [114.1583927, 22.32198036], [114.15818821, 22.32198236], [114.15795339, 22.32195958], [114.15767456, 22.3218321], [114.15734917, 22.32229408], [114.15688922, 22.32291309], [114.15673819, 22.32313561], [114.15647942, 22.32343951], [114.15560946, 22.32440339], [114.15497308, 22.32505633], [114.15269548, 22.32261319], [114.14952626, 22.32261269], [114.14952498, 22.31379637], [114.14950899, 22.29747766], [114.16744001, 22.2906587], [114.17430163, 22.28804861], [114.18136511, 22.2914666], [114.18632713, 22.29386741], [114.18685775, 22.29412413], [114.18685818, 22.30024482], [114.18672878, 22.30060619], [114.18658941, 22.301088], [114.18624095, 22.30111582], [114.18571326, 22.30127336], [114.18560374, 22.30145868], [114.18554403, 22.30172739], [114.18547437, 22.3023945], [114.18537484, 22.30284852], [114.18518569, 22.30330252], [114.18460824, 22.30402805], [114.18423389, 22.30387982], [114.1839551, 22.30385203], [114.18371614, 22.30386131], [114.1834971, 22.30392618], [114.18317193, 22.3041007], [114.18260771, 22.30459583], [114.18248395, 22.30472656], [114.18241703, 22.30485175], [114.18222165, 22.30531416], [114.18209416, 22.30573733], [114.18200083, 22.30637873], [114.18196988, 22.30654073], [114.18192733, 22.30669193], [114.18183835, 22.30686834], [114.1817339, 22.30703755], [114.18149017, 22.30730755], [114.18132933, 22.30745624], [114.1806383, 22.30815005], [114.17881716, 22.31001903], [114.17849578, 22.31035885], [114.17782169, 22.31102157], [114.17740323, 22.31145251], [114.17707028, 22.31181662], [114.17670233, 22.31223613], [114.17652497, 22.31245985], [114.17609885, 22.3130672], [114.17583932, 22.31348815], [114.17560356, 22.31393617], [114.17534631, 22.31457102], [114.17457844, 22.31627917], [114.17385757, 22.31784258], [114.17312971, 22.31965179], [114.17293984, 22.32038838], [114.17288925, 22.32055138], [114.17276312, 22.32110544], [114.17273776, 22.32177402], [114.17281705, 22.32291352], [114.17288042, 22.32324206], [114.1729596, 22.32355914], [114.17323589, 22.32425456], [114.17447434, 22.32664808]]]]}, "properties": {"GmlID": "DCD.7", "OBJECTID": 7, "AREA_ID": "E", "AREA_CODE": "YTM", "NAME_TC": "油尖旺區", "NAME_EN": "Yau Tsim Mong District", "REGION": "KLN", "Shape_Length": 14892.69164693, "Shape_Area": 11457238.54671322}}, {"type": "Feature", "geometry": {"type": "MultiPolygon", "coordinates": [[[[114.22403468, 22.3345172], [114.22397644, 22.33451664], [114.22386176, 22.33449749], [114.22181826, 22.33395342], [114.22165506, 22.33392298], [114.22153917, 22.33390947], [114.22136506, 22.3339033], [114.21881935, 22.33373579], [114.21864463, 22.33374092], [114.21847112, 22.33376184], [114.21833099, 22.33380026], [114.21814508, 22.33386745], [114.21828402, 22.33304934], [114.21468502, 22.33232578], [114.21439623, 22.33229198], [114.21413475, 22.33229487], [114.21390362, 22.3323237], [114.21362274, 22.33239375], [114.21351598, 22.3324395], [114.21341468, 22.33249371], [114.21327213, 22.33258743], [114.21312049, 22.33271389], [114.21302345, 22.33281438], [114.21248557, 22.33349861], [114.21224351, 22.33381412], [114.21213191, 22.33393888], [114.21196147, 22.33408736], [114.21182317, 22.33418672], [114.21172491, 22.33424431], [114.21151501, 22.33433862], [114.21128631, 22.3344047], [114.21105699, 22.33444313], [114.21094112, 22.33445218], [114.21076694, 22.33445244], [114.21056375, 22.33443364], [114.2083899, 22.33404802], [114.20818481, 22.33391373], [114.20805131, 22.33380821], [114.20794694, 22.33371398], [114.20717689, 22.3329025], [114.20526797, 22.33447134], [114.20493071, 22.33476151], [114.20477179, 22.33488006], [114.20464751, 22.33496028], [114.20470868, 22.33478059], [114.20476064, 22.33455947], [114.20479089, 22.33435177], [114.20479684, 22.33249933], [114.20477395, 22.33202231], [114.2048221, 22.32890475], [114.20486162, 22.32876341], [114.20492913, 22.32863775], [114.20501326, 22.32851115], [114.20507958, 22.3283774], [114.20513838, 22.32821051], [114.20514846, 22.32808487], [114.20513477, 22.32796591], [114.20511633, 22.32789048], [114.20505525, 22.32775209], [114.20502784, 22.32770876], [114.20496944, 22.32764201], [114.20175469, 22.32447941], [114.20175295, 22.32417358], [114.20173387, 22.32393017], [114.20171005, 22.32376643], [114.20215171, 22.32363836], [114.20210042, 22.32353976], [114.20205639, 22.32341368], [114.20203906, 22.32329445], [114.20203903, 22.32314787], [114.20207941, 22.32301793], [114.2021509, 22.32290228], [114.20225518, 22.32281905], [114.20242269, 22.32273976], [114.20251858, 22.32272534], [114.20263408, 22.32273501], [114.20291672, 22.32279774], [114.20310994, 22.32280879], [114.20327083, 22.32279558], [114.20344795, 22.32273436], [114.20357495, 22.32265776], [114.20437121, 22.32194711], [114.20493798, 22.32138451], [114.20495917, 22.32133967], [114.20497835, 22.32088222], [114.20500339, 22.32084635], [114.20554405, 22.32036659], [114.20599107, 22.32037907], [114.20640727, 22.32000228], [114.20841787, 22.3174479], [114.2085943, 22.31728369], [114.20877874, 22.31714186], [114.20898726, 22.3170448], [114.20917974, 22.31697758], [114.20938827, 22.31691785], [114.20966096, 22.31685809], [114.20997378, 22.31683564], [114.21086389, 22.31602947], [114.21056705, 22.31573101], [114.21081379, 22.31548652], [114.20982773, 22.31451733], [114.21049185, 22.31387995], [114.20896775, 22.31245503], [114.21160067, 22.31008676], [114.21189868, 22.30985516], [114.21234372, 22.30956902], [114.21256529, 22.30946158], [114.21285027, 22.3093794], [114.21310886, 22.30962571], [114.21296297, 22.30976309], [114.21319975, 22.30998499], [114.2140961, 22.30917802], [114.21529214, 22.30812784], [114.21534115, 22.30807309], [114.21539995, 22.30797271], [114.21543913, 22.30786324], [114.21544892, 22.3078085], [114.21544396, 22.30759866], [114.21541942, 22.3074527], [114.2154194, 22.30740708], [114.21531629, 22.30685971], [114.217281, 22.30497657], [114.21933157, 22.30310545], [114.21938622, 22.29567744], [114.24423372, 22.28228996], [114.24422758, 22.28563477], [114.24368104, 22.2862056], [114.24346718, 22.2864692], [114.24338218, 22.28651777], [114.24317037, 22.2865965], [114.24292053, 22.28655095], [114.24250971, 22.28649027], [114.24243312, 22.28646956], [114.2422787, 22.28635295], [114.24219947, 22.28631763], [114.24213727, 22.28631159], [114.24196664, 22.28634524], [114.24192334, 22.28702084], [114.24208843, 22.28713108], [114.24225503, 22.2872014], [114.24233681, 22.28726915], [114.24234805, 22.28729352], [114.24217992, 22.28743436], [114.24166531, 22.28798715], [114.2414863, 22.28833529], [114.24138967, 22.28846326], [114.24124901, 22.28885597], [114.2410703, 22.28921307], [114.24110254, 22.28942537], [114.2412136, 22.28971309], [114.24127, 22.28978846], [114.24143502, 22.28994765], [114.24150736, 22.29007333], [114.24151768, 22.29010626], [114.24152037, 22.29017939], [114.24150576, 22.290255], [114.24146852, 22.29033434], [114.24129729, 22.29053207], [114.24126011, 22.29063086], [114.24124939, 22.29068401], [114.24125746, 22.29075643], [114.241292, 22.2908587], [114.24130399, 22.29093058], [114.24130138, 22.29100371], [114.24128809, 22.29106692], [114.24125763, 22.29114296], [114.24121774, 22.29120494], [114.24110334, 22.29133265], [114.24106611, 22.2913872], [114.24103832, 22.29146168], [114.24111719, 22.29160058], [114.24120037, 22.29169989], [114.24121097, 22.29174971], [114.24120232, 22.29183923], [114.24118052, 22.29188921], [114.24106004, 22.29204041], [114.24105787, 22.29212572], [114.24109719, 22.29217567], [114.24116531, 22.29221012], [114.24137675, 22.29221536], [114.24148029, 22.29224167], [114.2415239, 22.29227257], [114.24153748, 22.29232453], [114.24147156, 22.29244122], [114.24146028, 22.29257675], [114.24148595, 22.29272266], [114.24155514, 22.29282405], [114.24161122, 22.29285674], [114.24166729, 22.29286629], [114.24188861, 22.29280901], [114.24194361, 22.29282598], [114.24198096, 22.29287106], [114.24208635, 22.2930807], [114.24213432, 22.29330798], [114.24222366, 22.2933706], [114.24224975, 22.29341875], [114.24225907, 22.2935142], [114.24223282, 22.29359009], [114.24223442, 22.29366998], [114.24221389, 22.29377473], [114.24222582, 22.29392861], [114.24213942, 22.29409794], [114.2421341, 22.29415278], [114.24215506, 22.29420884], [114.24232035, 22.29419961], [114.24256172, 22.29419834], [114.24264428, 22.29421179], [114.24272435, 22.29428389], [114.24315302, 22.29457518], [114.24315302, 22.29458691], [114.243668, 22.29484063], [114.24415269, 22.29500405], [114.24447981, 22.29508132], [114.24465438, 22.29510588], [114.24466003, 22.29506248], [114.24463921, 22.29500795], [114.24413369, 22.29479704], [114.24447967, 22.29477931], [114.24497681, 22.29462838], [114.24515327, 22.29464121], [114.24515327, 22.29465294], [114.24539092, 22.29479064], [114.24544208, 22.29501289], [114.24542959, 22.29524924], [114.24531244, 22.29537654], [114.24519398, 22.29542879], [114.24516312, 22.29545812], [114.24515999, 22.29549507], [114.24513226, 22.29549801], [114.24509203, 22.29570855], [114.24486584, 22.29581598], [114.24482177, 22.29590747], [114.24482376, 22.29610746], [114.24507089, 22.29631202], [114.245294, 22.2963436], [114.24535578, 22.29638404], [114.24543652, 22.29653706], [114.24541832, 22.2966872], [114.24541224, 22.29713173], [114.24525551, 22.29753058], [114.24521972, 22.29779509], [114.24514858, 22.29794876], [114.24504337, 22.298018], [114.24481084, 22.29807851], [114.24477054, 22.29812486], [114.24476744, 22.29824566], [114.24485638, 22.29839282], [114.24482049, 22.29847083], [114.24468695, 22.29859815], [114.24448173, 22.29906386], [114.24438035, 22.29925567], [114.24437094, 22.29934834], [114.24440826, 22.29961985], [114.24438689, 22.29974653], [114.24428422, 22.29984217], [114.24413235, 22.29991142], [114.2440423, 22.30002934], [114.2438067, 22.30024115], [114.24374875, 22.30030979], [114.2437053, 22.30038194], [114.24363361, 22.30070509], [114.24366149, 22.30101415], [114.24376427, 22.30116423], [114.24386278, 22.3012199], [114.24385849, 22.3015593], [114.24387438, 22.30162172], [114.24387329, 22.30172507], [114.24389989, 22.30186097], [114.24385134, 22.30191861], [114.24372486, 22.30220378], [114.24365713, 22.30229097], [114.24357619, 22.30236509], [114.2435139, 22.30238795], [114.24343106, 22.30238228], [114.24337797, 22.30239833], [114.24319182, 22.30250778], [114.24312822, 22.30253317], [114.24304869, 22.3025428], [114.24297092, 22.30258398], [114.24291402, 22.30260091], [114.24284211, 22.30260359], [114.2428004, 22.30261782], [114.24269388, 22.30268845], [114.24262234, 22.30270274], [114.2425834, 22.30272002], [114.24248543, 22.30278767], [114.24240976, 22.30281578], [114.24227151, 22.30282645], [114.24220509, 22.30284229], [114.24216642, 22.30287106], [114.24215983, 22.30292283], [114.24216643, 22.30297542], [114.24219446, 22.3030641], [114.2422361, 22.30314237], [114.24224312, 22.30321295], [114.24223246, 22.30323498], [114.24219368, 22.30328027], [114.24217276, 22.30329257], [114.24210346, 22.3032965], [114.24202797, 22.3032887], [114.24182571, 22.30348622], [114.24177778, 22.30355912], [114.24174376, 22.30370105], [114.24170794, 22.30378247], [114.24167929, 22.30381513], [114.2416328, 22.30384367], [114.24153979, 22.30386109], [114.24143859, 22.30391613], [114.24139242, 22.30395685], [114.2413773, 22.30398619], [114.24137153, 22.30401841], [114.24146112, 22.30418206], [114.24149381, 22.30428758], [114.24149107, 22.30437796], [114.24147035, 22.30441595], [114.24144067, 22.30443985], [114.24135248, 22.30445884], [114.24129911, 22.30448287], [114.24103735, 22.30463611], [114.24102788, 22.30464941], [114.24100833, 22.30473247], [114.24097868, 22.30475969], [114.24094311, 22.30477513], [114.24091202, 22.30477627], [114.2408705, 22.30476128], [114.24075538, 22.30467735], [114.24073931, 22.30467237], [114.24071426, 22.30467975], [114.24069185, 22.30469765], [114.24067701, 22.30472528], [114.24066412, 22.30494619], [114.24064444, 22.30498529], [114.24061692, 22.3050076], [114.24059273, 22.30501005], [114.24056195, 22.30500033], [114.24045446, 22.30493212], [114.24043399, 22.30492758], [114.24025528, 22.30496405], [114.24015172, 22.30499177], [114.24014362, 22.30500875], [114.2401386, 22.3050953], [114.2401237, 22.30514085], [114.24010761, 22.30516033], [114.2400196, 22.30519979], [114.23995844, 22.30528188], [114.23995653, 22.30532679], [114.24001642, 22.30539145], [114.24015354, 22.30545967], [114.24019911, 22.3054987], [114.24020358, 22.30553952], [114.24017542, 22.30559448], [114.24005877, 22.30571852], [114.23991712, 22.30580479], [114.23988044, 22.30585129], [114.23986004, 22.30590753], [114.23986386, 22.30593699], [114.23988714, 22.30598842], [114.23993935, 22.30605543], [114.24010318, 22.30620644], [114.2401268, 22.30626217], [114.24012662, 22.30631312], [114.24010592, 22.30633509], [114.2400103, 22.30640284], [114.24002322, 22.30658566], [114.2404037, 22.30743992], [114.24061767, 22.30823456], [114.24057996, 22.30834548], [114.24057042, 22.30846066], [114.24057591, 22.30851735], [114.24059233, 22.30857191], [114.24066093, 22.30872926], [114.24069209, 22.30877055], [114.24074469, 22.30887068], [114.24077862, 22.3089137], [114.24083316, 22.30895332], [114.24091414, 22.30897822], [114.24095499, 22.30899944], [114.24098669, 22.30902647], [114.2410265, 22.30907996], [114.2410649, 22.3091058], [114.24112789, 22.30912358], [114.24118175, 22.30912651], [114.2412445, 22.30911313], [114.2413368, 22.30907493], [114.24141006, 22.30906918], [114.24176748, 22.3091634], [114.2418223, 22.30919117], [114.24185611, 22.30921758], [114.24186865, 22.3092447], [114.24185658, 22.30935952], [114.24186321, 22.30948614], [114.24189105, 22.3096637], [114.24181468, 22.30984592], [114.24180883, 22.30988585], [114.24187245, 22.31000291], [114.24187702, 22.31011578], [114.2418518, 22.31019613], [114.24181989, 22.31027862], [114.2418127, 22.31033425], [114.24181376, 22.31038411], [114.24182614, 22.31042919], [114.24183852, 22.31046083], [114.24185334, 22.31051705], [114.24186925, 22.31057552], [114.2418972, 22.31062015], [114.24196308, 22.31062148], [114.24201432, 22.31059244], [114.242194, 22.31043328], [114.24224994, 22.31040609], [114.24230958, 22.31039568], [114.24237229, 22.31040952], [114.24241178, 22.31044859], [114.24247522, 22.31061342], [114.24253842, 22.3107129], [114.24258078, 22.31075405], [114.24263453, 22.3107834], [114.24269607, 22.31079791], [114.24275436, 22.31078921], [114.24281139, 22.31076189], [114.24285548, 22.31072424], [114.24289454, 22.31067465], [114.24298451, 22.31061077], [114.24314311, 22.31064662], [114.24337201, 22.31068779], [114.24349939, 22.31078394], [114.24352824, 22.3108309], [114.24350668, 22.31094946], [114.2435115, 22.31100091], [114.24359564, 22.31108363], [114.24362689, 22.31114179], [114.24360052, 22.31123575], [114.24354049, 22.31134539], [114.24353812, 22.31139461], [114.24356776, 22.31143135], [114.24379066, 22.31151107], [114.24389783, 22.31157088], [114.2439493, 22.31166264], [114.24400553, 22.31181225], [114.24406559, 22.31193992], [114.2439928, 22.31207961], [114.24383429, 22.31221933], [114.24377864, 22.31234705], [114.24379154, 22.31246676], [114.24388161, 22.31259441], [114.24407455, 22.31276192], [114.24435745, 22.31281768], [114.2444389, 22.31286552], [114.24449729, 22.31292696], [114.24445358, 22.31305669], [114.24442576, 22.31316047], [114.24447754, 22.31324198], [114.24465274, 22.31336791], [114.24471649, 22.31350499], [114.24478932, 22.31353573], [114.24503893, 22.31357897], [114.24517171, 22.3135008], [114.24527372, 22.31346399], [114.24532545, 22.31347139], [114.24546878, 22.3135195], [114.2455757, 22.31359721], [114.24544473, 22.31374202], [114.24541483, 22.31379562], [114.24534138, 22.31398689], [114.24529244, 22.31403705], [114.24522808, 22.31407743], [114.24518318, 22.31413148], [114.24499315, 22.31426138], [114.24491506, 22.3143627], [114.24486713, 22.31444198], [114.24476298, 22.31460014], [114.24462578, 22.31473248], [114.24455718, 22.31480549], [114.244518, 22.31487849], [114.24447396, 22.31506097], [114.24445927, 22.31509747], [114.24442499, 22.31515679], [114.24440048, 22.31518416], [114.24438579, 22.3152161], [114.24436618, 22.31522524], [114.24435149, 22.31523893], [114.24432207, 22.31524806], [114.24430248, 22.31526632], [114.24422404, 22.31528003], [114.24418483, 22.31529829], [114.2441456, 22.31530742], [114.2441064, 22.3153257], [114.24402797, 22.31533941], [114.2439103, 22.31533946], [114.24383187, 22.31535317], [114.24375343, 22.31535777], [114.24371421, 22.31536691], [114.24363579, 22.31539432], [114.24355734, 22.31540803], [114.24343969, 22.31540808], [114.24316514, 22.31538539], [114.24304747, 22.31539], [114.24292983, 22.31540373], [114.24285139, 22.31542201], [114.24281217, 22.31542203], [114.24269452, 22.31543575], [114.24245212, 22.31543748], [114.2423621, 22.315428], [114.24222533, 22.31540028], [114.24217491, 22.31537161], [114.24213811, 22.31537382], [114.24208859, 22.31540091], [114.24206791, 22.31542403], [114.24204935, 22.31551204], [114.24205558, 22.31560696], [114.24203516, 22.31567373], [114.24203684, 22.31577072], [114.2420265, 22.31583369], [114.2419964, 22.31593524], [114.24197247, 22.31598767], [114.24187633, 22.31613401], [114.24159033, 22.31651273], [114.2416466, 22.31655768], [114.24160683, 22.31660057], [114.2417593, 22.31675755], [114.24190958, 22.31694661], [114.24209646, 22.31712998], [114.24209233, 22.31716841], [114.24212793, 22.31739475], [114.24220604, 22.31751273], [114.24221561, 22.31751646], [114.24222972, 22.31756097], [114.24225027, 22.31756985], [114.24226903, 22.31764246], [114.24226787, 22.31783529], [114.24228163, 22.31793608], [114.24232513, 22.31804002], [114.2423624, 22.31809343], [114.24242156, 22.31821495], [114.24243512, 22.31827078], [114.24242757, 22.31840213], [114.24242644, 22.31857333], [114.24243238, 22.31858716], [114.24243149, 22.31861048], [114.24245102, 22.3186926], [114.24246093, 22.318693], [114.24246526, 22.31871997], [114.24251011, 22.31881262], [114.24251928, 22.3188716], [114.2426162, 22.31902782], [114.24267116, 22.31921168], [114.24270082, 22.31925704], [114.242786, 22.31943531], [114.24290349, 22.31965953], [114.24294124, 22.31971607], [114.24301866, 22.31996024], [114.24300915, 22.32008492], [114.24292792, 22.32035433], [114.2429424, 22.32062593], [114.24298219, 22.32077692], [114.24299595, 22.32087483], [114.24300131, 22.32096976], [114.24305053, 22.32110348], [114.24304975, 22.32119234], [114.24302957, 22.32130607], [114.24298796, 22.3214124], [114.24294237, 22.32150123], [114.24283583, 22.32165143], [114.24278249, 22.32162108], [114.2427496, 22.32157988], [114.24269908, 22.32149389], [114.24263262, 22.32143472], [114.24255687, 22.32140778], [114.24238682, 22.32139751], [114.24234785, 22.32138099], [114.24230511, 22.32135029], [114.24226618, 22.3213038], [114.24220364, 22.32118655], [114.24217647, 22.32115273], [114.24214431, 22.32112974], [114.24197947, 22.32104677], [114.24191803, 22.32100092], [114.24188459, 22.32094682], [114.24186843, 22.32086965], [114.24184896, 22.32082196], [114.24180682, 22.32076899], [114.24174899, 22.32072691], [114.24167356, 22.32070528], [114.24160889, 22.32070727], [114.24152623, 22.32073634], [114.24140259, 22.32081471], [114.24135498, 22.32083504], [114.24126654, 22.32083768], [114.24122918, 22.32081372], [114.24119743, 22.32075526], [114.24120104, 22.32062381], [114.24119206, 22.32056077], [114.24108878, 22.32018962], [114.24104972, 22.3201105], [114.24098537, 22.32004459], [114.24088812, 22.31989796], [114.24080852, 22.3197534], [114.24074997, 22.31967716], [114.24066664, 22.31960711], [114.24050609, 22.31952166], [114.24039052, 22.31948266], [114.24022971, 22.31945234], [114.2393578, 22.31938494], [114.23920201, 22.31939098], [114.23906684, 22.31941133], [114.23896055, 22.31943962], [114.23883599, 22.31949033], [114.23875252, 22.31954085], [114.2385923, 22.31966151], [114.23847528, 22.31980547], [114.2383789, 22.31996186], [114.23808582, 22.32062406], [114.23803179, 22.32070932], [114.23786847, 22.32091546], [114.23777788, 22.32107763], [114.23770699, 22.32114253], [114.23759224, 22.32121256], [114.23751368, 22.32124777], [114.23743522, 22.32125942], [114.23732304, 22.32125948], [114.23728625, 22.32125328], [114.23724128, 22.32125772], [114.23712896, 22.32131493], [114.23702553, 22.32141346], [114.23679211, 22.32174148], [114.2367236, 22.32180472], [114.23666603, 22.32183517], [114.23663426, 22.32186733], [114.23661078, 22.32190592], [114.23654718, 22.32207626], [114.23649018, 22.32214853], [114.23641739, 22.32220564], [114.23633492, 22.32222647], [114.23619116, 22.32224403], [114.2361064, 22.32223918], [114.23605664, 22.32222505], [114.23601517, 22.32220193], [114.23592113, 22.32210293], [114.23583541, 22.32204767], [114.23574763, 22.32201748], [114.23560801, 22.32199052], [114.23550849, 22.32198799], [114.23523743, 22.32201071], [114.23451127, 22.32197372], [114.23441482, 22.32198334], [114.2343202, 22.32200256], [114.234228, 22.32203139], [114.23409759, 22.32209126], [114.23403695, 22.32212853], [114.2339284, 22.32221831], [114.23383684, 22.32232332], [114.23333061, 22.3230911], [114.23313355, 22.32334911], [114.23293527, 22.32357833], [114.23289828, 22.32360656], [114.23285522, 22.32362745], [114.23280851, 22.32363933], [114.23274404, 22.3236357], [114.23269843, 22.32364343], [114.23265143, 22.32366788], [114.23262351, 22.32370881], [114.23259685, 22.32378121], [114.23258087, 22.32403671], [114.23256723, 22.324102], [114.23253107, 22.32416392], [114.23244077, 22.32424471], [114.23241176, 22.324306], [114.23241126, 22.32436439], [114.23247351, 22.3245151], [114.23247485, 22.32460864], [114.23245573, 22.32467942], [114.23240972, 22.32476747], [114.23234826, 22.32483781], [114.23224444, 22.32493214], [114.23221107, 22.32498951], [114.23218877, 22.32506448], [114.23217484, 22.32514698], [114.23211789, 22.32528433], [114.23211671, 22.32531725], [114.23213382, 22.32537846], [114.23214281, 22.32549997], [114.23213487, 22.32555177], [114.23205527, 22.32570082], [114.23199847, 22.32577201], [114.231928, 22.32583505], [114.23186998, 22.32590837], [114.23178227, 22.32609166], [114.23175456, 22.32617841], [114.23172913, 22.32631162], [114.2317225, 22.32644313], [114.23174682, 22.32656899], [114.23174321, 22.32665872], [114.23144425, 22.32769028], [114.23136829, 22.32785621], [114.23125339, 22.3280242], [114.23095513, 22.32836499], [114.2309152, 22.32842505], [114.23083474, 22.32860387], [114.23080905, 22.32870754], [114.2307995, 22.32883937], [114.23077524, 22.32887831], [114.23074189, 22.32891106], [114.23070185, 22.32893591], [114.23065637, 22.32895117], [114.23049074, 22.32895517], [114.23040037, 22.32898681], [114.23032638, 22.32904497], [114.23027847, 22.32912287], [114.23024577, 22.32927584], [114.23023976, 22.3294113], [114.23025316, 22.32954562], [114.23024773, 22.32962916], [114.23021923, 22.32966586], [114.23010217, 22.32972685], [114.23007609, 22.32976467], [114.23005613, 22.32990409], [114.23006285, 22.33003955], [114.23001981, 22.33010278], [114.2299743, 22.33011577], [114.22992759, 22.33010619], [114.22984688, 22.33004639], [114.22980077, 22.33003342], [114.22975223, 22.33003401], [114.22970613, 22.330047], [114.2296661, 22.33007241], [114.22963518, 22.33010685], [114.22961699, 22.33014862], [114.22953331, 22.33024798], [114.22945628, 22.33030276], [114.22941322, 22.33032422], [114.22934711, 22.33038069], [114.22929132, 22.33045464], [114.22925435, 22.33053762], [114.229238, 22.33062681], [114.2292788, 22.33103373], [114.22940214, 22.33151965], [114.22942524, 22.33164324], [114.22942527, 22.33173355], [114.22939924, 22.33186676], [114.22931256, 22.33207506], [114.22923434, 22.3321891], [114.22913548, 22.33228846], [114.22901903, 22.33236865], [114.22878857, 22.33255949], [114.22864362, 22.33269274], [114.22855812, 22.33280226], [114.22849932, 22.33292588], [114.22848478, 22.33299136], [114.22848965, 22.33303595], [114.22850544, 22.33307884], [114.22858009, 22.33317533], [114.22862381, 22.33325603], [114.22864872, 22.33334294], [114.2286542, 22.33343324], [114.22864937, 22.33347783], [114.2286659, 22.33356955], [114.22885515, 22.33378763], [114.22889037, 22.33385591], [114.2288916, 22.33390106], [114.22887705, 22.33394396], [114.22871089, 22.33413987], [114.2286896, 22.33422202], [114.22859139, 22.33435558], [114.22853803, 22.3343921], [114.22850426, 22.33440603], [114.22839571, 22.3344198], [114.22825234, 22.33441713], [114.22786909, 22.33442871], [114.22754204, 22.33441275], [114.2252346, 22.33419893], [114.22505681, 22.33414043], [114.22493184, 22.33414216], [114.22476016, 22.33417212], [114.22465157, 22.33420998], [114.22454906, 22.33426193], [114.22429613, 22.33444262], [114.22423183, 22.33447424], [114.22417724, 22.33449345], [114.22412143, 22.33450701], [114.22403468, 22.3345172]]]]}, "properties": {"GmlID": "DCD.8", "OBJECTID": 8, "AREA_ID": "J", "AREA_CODE": "KT", "NAME_TC": "觀塘區", "NAME_EN": "Kwun Tong District", "REGION": "KLN", "Shape_Length": 20991.23302697, "Shape_Area": 13962806.82760001}}, {"type": "Feature", "geometry": {"type": "MultiPolygon", "coordinates": [[[[114.17272511, 22.34646821], [114.17258242, 22.34637733], [114.17228597, 22.34638147], [114.17214466, 22.3463765], [114.17200148, 22.34644061], [114.17192637, 22.3464942], [114.17174598, 22.34656863], [114.17147734, 22.3465995], [114.17116442, 22.3464847], [114.17070822, 22.34615507], [114.17042153, 22.34605186], [114.17030637, 22.34604361], [114.16970582, 22.34618655], [114.16965154, 22.34618986], [114.16949105, 22.34602135], [114.16948647, 22.34596574], [114.1693185, 22.34590812], [114.16886763, 22.34588341], [114.16859711, 22.34594072], [114.16855657, 22.34595558], [114.16847607, 22.34592881], [114.16834604, 22.34585046], [114.1682488, 22.34582577], [114.16795671, 22.34590555], [114.16777002, 22.346005], [114.1676547, 22.34603746], [114.16735707, 22.34607586], [114.16713806, 22.3461704], [114.16708943, 22.3462227], [114.16701452, 22.34635164], [114.16692897, 22.34626917], [114.16679842, 22.34620517], [114.16654399, 22.34619091], [114.16652063, 22.34616912], [114.16648027, 22.34605287], [114.16641531, 22.34581753], [114.16637202, 22.34575291], [114.166326, 22.34572296], [114.16627414, 22.34571303], [114.16614566, 22.34575289], [114.16602941, 22.34587818], [114.1659009, 22.34615154], [114.16579689, 22.3463053], [114.16561945, 22.34652741], [114.16556438, 22.34666978], [114.16557659, 22.34684634], [114.16555821, 22.34718235], [114.16550839, 22.34726575], [114.16544349, 22.34729935], [114.16530706, 22.34731481], [114.16525713, 22.34735194], [114.16519723, 22.34749427], [114.16515063, 22.3475376], [114.16509072, 22.34756234], [114.16486832, 22.3475647], [114.16471712, 22.34761999], [114.1646841, 22.34766333], [114.16457132, 22.34796291], [114.16439795, 22.34804089], [114.16414247, 22.34804327], [114.16411195, 22.34806993], [114.16408369, 22.34810977], [114.16404731, 22.34838665], [114.16398943, 22.34850291], [114.16382272, 22.34853856], [114.16373223, 22.3486221], [114.16356006, 22.34861083], [114.16331496, 22.34850115], [114.16299104, 22.34846646], [114.16284007, 22.34836156], [114.16274272, 22.34816102], [114.16273194, 22.34815281], [114.16258248, 22.34812042], [114.16217849, 22.34795262], [114.16200227, 22.34783058], [114.16188928, 22.34766072], [114.16184469, 22.34762626], [114.16150393, 22.3475927], [114.16128263, 22.34751557], [114.16114148, 22.34736123], [114.16104588, 22.34706149], [114.16100411, 22.34701626], [114.16094193, 22.34699232], [114.16090933, 22.34699403], [114.1607978, 22.34710387], [114.16070835, 22.34727025], [114.16056921, 22.34738182], [114.16025587, 22.34739551], [114.16011428, 22.34731787], [114.16001613, 22.34723867], [114.15991778, 22.34702401], [114.15986192, 22.34698142], [114.15983476, 22.34697286], [114.15975571, 22.3469171], [114.15968747, 22.34680994], [114.15964598, 22.34640105], [114.15953808, 22.34616418], [114.15951422, 22.34604961], [114.15944114, 22.34604895], [114.15929396, 22.34600742], [114.15912601, 22.34588952], [114.15894432, 22.34558226], [114.15884118, 22.34549561], [114.15868144, 22.34544917], [114.15849176, 22.34544915], [114.15824673, 22.34550703], [114.15813966, 22.34562059], [114.15793695, 22.34575194], [114.15780636, 22.34593537], [114.15755333, 22.3460357], [114.15736427, 22.34618382], [114.15730093, 22.34635066], [114.15719205, 22.34648014], [114.15702065, 22.346453], [114.1568629, 22.34635036], [114.15649069, 22.34622731], [114.15631969, 22.34624982], [114.15628364, 22.34627248], [114.15619243, 22.3464824], [114.15603687, 22.3466341], [114.15512565, 22.34678303], [114.15493554, 22.34685513], [114.15407672, 22.3464321], [114.15253807, 22.34618862], [114.151258, 22.34722007], [114.15112934, 22.34694239], [114.15110079, 22.34683927], [114.15108571, 22.34673188], [114.15108856, 22.34651432], [114.15111788, 22.3462474], [114.15116823, 22.34593198], [114.15116951, 22.3457966], [114.15115599, 22.34568147], [114.15113208, 22.34560905], [114.1510909, 22.34553548], [114.1509774, 22.34541364], [114.15092427, 22.34533817], [114.15074826, 22.34499906], [114.14796332, 22.34505863], [114.1468424, 22.34416564], [114.14675955, 22.34271494], [114.14676473, 22.34256601], [114.14678733, 22.34248894], [114.14694544, 22.34229278], [114.14697557, 22.34218768], [114.14698312, 22.34209658], [114.14687026, 22.34187235], [114.14688533, 22.34177425], [114.14693805, 22.34168317], [114.14693053, 22.34162011], [114.14695314, 22.34151502], [114.14702842, 22.34141693], [114.14708864, 22.34138891], [114.14722414, 22.34135391], [114.14741232, 22.34135394], [114.14744994, 22.34133993], [114.14759299, 22.34122084], [114.14806722, 22.34103875], [114.14840596, 22.34091968], [114.14848875, 22.34091969], [114.1486393, 22.34085667], [114.1488087, 22.34072233], [114.14892305, 22.34060206], [114.14697801, 22.34003843], [114.14678326, 22.3399955], [114.14652906, 22.33997175], [114.14536781, 22.33999806], [114.14522765, 22.34002456], [114.14509295, 22.34006799], [114.14498979, 22.34011425], [114.14489271, 22.34017068], [114.1447404, 22.34029143], [114.14432994, 22.34076937], [114.14408315, 22.34102221], [114.14394784, 22.34112039], [114.14379614, 22.34119486], [114.14363353, 22.34124449], [114.14349215, 22.34126478], [114.14332046, 22.34126362], [114.14317971, 22.34124158], [114.14299588, 22.34118284], [114.14291823, 22.34114839], [114.14279569, 22.34108008], [114.1427047, 22.34101572], [114.14262038, 22.34094402], [114.14218973, 22.34047546], [114.14195196, 22.34025247], [114.14176815, 22.34009835], [114.14165047, 22.34002269], [114.14152369, 22.33996058], [114.14139022, 22.33991371], [114.1412792, 22.33988772], [114.1410802, 22.33986623], [114.1408806, 22.3398769], [114.14071313, 22.3399113], [114.14034846, 22.34004442], [114.14009665, 22.34016966], [114.13993038, 22.34027347], [114.13967915, 22.34046419], [114.13942914, 22.34064191], [114.13917002, 22.34080836], [114.13897645, 22.34092176], [114.13867791, 22.34107972], [114.13843761, 22.34119368], [114.1382749, 22.34125632], [114.13818001, 22.34203546], [114.13715983, 22.3419175], [114.13628103, 22.34147978], [114.13596632, 22.34139335], [114.13598104, 22.3411135], [114.13597564, 22.34092385], [114.13595142, 22.34073534], [114.13590901, 22.3405502], [114.13583869, 22.34034361], [114.13573682, 22.34012459], [114.13564343, 22.33998741], [114.13550938, 22.33984514], [114.13535167, 22.33972489], [114.13520185, 22.33964245], [114.13504048, 22.33958258], [114.13484088, 22.33954527], [114.13463764, 22.33953958], [114.13446411, 22.33956041], [114.13434769, 22.33958674], [114.13421583, 22.33963889], [114.13410914, 22.33970163], [114.13393974, 22.33938113], [114.13389847, 22.33932117], [114.13386099, 22.33928422], [114.13380777, 22.33925458], [114.13365609, 22.33921695], [114.13356884, 22.33922211], [114.13306919, 22.33884014], [114.13299308, 22.33878195], [114.13258651, 22.3390034], [114.13225519, 22.33919972], [114.13207073, 22.33927192], [114.1319597, 22.33929785], [114.13181772, 22.33931418], [114.13167337, 22.33931342], [114.13220109, 22.33798287], [114.1324539, 22.33754804], [114.13283308, 22.33701922], [114.13320338, 22.33654446], [114.1335855, 22.33609516], [114.13398691, 22.33572189], [114.13444573, 22.33537734], [114.13498517, 22.33506395], [114.13644324, 22.33441196], [114.13674081, 22.33428588], [114.13830058, 22.33362492], [114.13837636, 22.33368371], [114.13861639, 22.33370727], [114.13874273, 22.33367204], [114.13890697, 22.3335898], [114.13899549, 22.33331948], [114.13896918, 22.33318878], [114.13895764, 22.33313142], [114.13875558, 22.33288454], [114.14145053, 22.33172974], [114.14177905, 22.3315535], [114.14198122, 22.33134198], [114.1420697, 22.33117745], [114.14214555, 22.3309659], [114.14212034, 22.33073081], [114.1420825, 22.33050748], [114.14200675, 22.3302959], [114.14188046, 22.33013836], [114.14049112, 22.32903319], [114.14042797, 22.32893915], [114.14042799, 22.32889213], [114.14055435, 22.32875111], [114.14063019, 22.32861008], [114.14060496, 22.32845728], [114.14056708, 22.32837499], [114.14047866, 22.32835147], [114.1403397, 22.32836318], [114.14023862, 22.32841018], [114.14004908, 22.3285982], [114.1379815, 22.3270991], [114.13804469, 22.32695806], [114.13808264, 22.32678177], [114.13801951, 22.32669947], [114.13764058, 22.32648781], [114.13649125, 22.32565301], [114.1362513, 22.32541787], [114.13608715, 22.32518276], [114.13579679, 22.32450095], [114.1355064, 22.32396021], [114.13510859, 22.32361218], [114.13486862, 22.32345932], [114.13457811, 22.32336521], [114.1328476, 22.32292986], [114.13249393, 22.32282398], [114.13225396, 22.32269462], [114.1304227, 22.32137767], [114.13033433, 22.32122485], [114.13033443, 22.32093101], [114.13046699, 22.32044544], [114.13059264, 22.32011949], [114.13065981, 22.31986671], [114.13074372, 22.31971067], [114.13096862, 22.31927691], [114.13107603, 22.31906471], [114.13117672, 22.31889933], [114.13128075, 22.31876827], [114.13143511, 22.31861225], [114.13154583, 22.31852178], [114.13176392, 22.31838139], [114.13196186, 22.31828469], [114.13176506, 22.31375303], [114.14952498, 22.31379637], [114.14952626, 22.32261269], [114.15269548, 22.32261319], [114.15497308, 22.32505633], [114.15560946, 22.32440339], [114.15647942, 22.32343951], [114.15673819, 22.32313561], [114.15688922, 22.32291309], [114.15734917, 22.32229408], [114.15767456, 22.3218321], [114.15795339, 22.32195958], [114.15818821, 22.32198236], [114.1583927, 22.32198036], [114.15850982, 22.32201243], [114.15860627, 22.32207014], [114.15867078, 22.32213827], [114.15891463, 22.32252186], [114.15901244, 22.32278588], [114.15905575, 22.32298286], [114.15905886, 22.32329797], [114.15904905, 22.32351648], [114.159005, 22.32364847], [114.15892425, 22.32376908], [114.15807911, 22.32447989], [114.15836711, 22.32475646], [114.15873019, 22.32492266], [114.15909924, 22.32499469], [114.16041174, 22.32500592], [114.16094747, 22.32497274], [114.161652, 22.32495819], [114.16176338, 22.32489512], [114.16185541, 22.32475093], [114.1619232, 22.32461547], [114.16189154, 22.32522923], [114.16058711, 22.32620969], [114.1618773, 22.32626773], [114.16345115, 22.32632376], [114.16785058, 22.32652919], [114.17399518, 22.32677411], [114.17411166, 22.32676678], [114.17416868, 22.32675549], [114.17447434, 22.32664808], [114.17461516, 22.32692024], [114.17508019, 22.32771693], [114.17574706, 22.32901036], [114.17612473, 22.32980928], [114.17654049, 22.33101863], [114.17676684, 22.33201322], [114.17679572, 22.33220319], [114.17685278, 22.33270886], [114.17685957, 22.33288178], [114.17684754, 22.33338776], [114.17679613, 22.33389449], [114.17673714, 22.33419466], [114.17662265, 22.33468848], [114.17621969, 22.33579165], [114.17598173, 22.33637105], [114.17552342, 22.33733581], [114.17496288, 22.33834645], [114.17415416, 22.34014556], [114.17395855, 22.34055123], [114.1736807, 22.34038432], [114.17357397, 22.34033838], [114.17348794, 22.34032652], [114.17341785, 22.34032652], [114.17333501, 22.34034282], [114.17323465, 22.34037987], [114.17311995, 22.34048954], [114.17308491, 22.34053992], [114.17305144, 22.34065847], [114.17305144, 22.34073702], [114.17305941, 22.34078444], [114.17307852, 22.34083187], [114.17315339, 22.34094597], [114.17379564, 22.3415427], [114.17312802, 22.34298085], [114.17396621, 22.34406527], [114.17399325, 22.34411616], [114.17400723, 22.34417142], [114.17400748, 22.34422775], [114.17399345, 22.34427029], [114.17272511, 22.34646821]]]]}, "properties": {"GmlID": "DCD.9", "OBJECTID": 9, "AREA_ID": "F", "AREA_CODE": "SSP", "NAME_TC": "深水埗區", "NAME_EN": "Sham Shui Po District", "REGION": "KLN", "Shape_Length": 19592.99189877, "Shape_Area": 10798899.26425818}}, {"type": "Feature", "geometry": {"type": "MultiPolygon", "coordinates": [[[[114.1794524, 22.34901898], [114.17899722, 22.34908759], [114.17888715, 22.34905878], [114.17876332, 22.34881864], [114.17866219, 22.3487498], [114.17853751, 22.34874306], [114.17843258, 22.34881089], [114.17830999, 22.34883971], [114.17823628, 22.34899488], [114.17809256, 22.34904919], [114.17809035, 22.34905905], [114.17789828, 22.3490696], [114.17773431, 22.34894724], [114.17756991, 22.34888734], [114.17744744, 22.34880864], [114.17718345, 22.34880544], [114.17710637, 22.34885801], [114.17701383, 22.34895924], [114.17696079, 22.34903665], [114.17691707, 22.3491626], [114.17688596, 22.34932651], [114.17666001, 22.34927256], [114.17658082, 22.34924341], [114.17632005, 22.34908237], [114.17624456, 22.34907728], [114.1761513, 22.34909125], [114.1760972, 22.34912199], [114.17603147, 22.34920521], [114.17597576, 22.34919636], [114.1759286, 22.34917244], [114.17579316, 22.3491411], [114.17564093, 22.34917018], [114.17539371, 22.34908494], [114.17521356, 22.34896488], [114.17493156, 22.3486699], [114.17479808, 22.3484326], [114.17452545, 22.34827002], [114.17441976, 22.34812811], [114.17428257, 22.34802861], [114.17402675, 22.34805372], [114.17383217, 22.34814421], [114.17347316, 22.34849445], [114.17346096, 22.34830927], [114.17334075, 22.34810836], [114.17319819, 22.34802158], [114.17311431, 22.34799171], [114.17288667, 22.34794645], [114.17297668, 22.34781477], [114.17305502, 22.34766471], [114.17311019, 22.34736809], [114.1733427, 22.34709332], [114.17333007, 22.3470019], [114.17291889, 22.34673818], [114.17275039, 22.34648432], [114.17272511, 22.34646821], [114.17399345, 22.34427029], [114.17400748, 22.34422775], [114.17400723, 22.34417142], [114.17399325, 22.34411616], [114.17396621, 22.34406527], [114.17312802, 22.34298085], [114.17379564, 22.3415427], [114.17315339, 22.34094597], [114.17307852, 22.34083187], [114.17305941, 22.34078444], [114.17305144, 22.34073702], [114.17305144, 22.34065847], [114.17308491, 22.34053992], [114.17311995, 22.34048954], [114.17323465, 22.34037987], [114.17333501, 22.34034282], [114.17341785, 22.34032652], [114.17348794, 22.34032652], [114.17357397, 22.34033838], [114.1736807, 22.34038432], [114.17395855, 22.34055123], [114.17415416, 22.34014556], [114.17496288, 22.33834645], [114.17552342, 22.33733581], [114.17598173, 22.33637105], [114.17621969, 22.33579165], [114.17662265, 22.33468848], [114.17673714, 22.33419466], [114.17679613, 22.33389449], [114.17684754, 22.33338776], [114.17685957, 22.33288178], [114.17685278, 22.33270886], [114.17679572, 22.33220319], [114.17676684, 22.33201322], [114.17654049, 22.33101863], [114.17612473, 22.32980928], [114.17574706, 22.32901036], [114.17508019, 22.32771693], [114.17461516, 22.32692024], [114.17447434, 22.32664808], [114.17323589, 22.32425456], [114.1729596, 22.32355914], [114.17288042, 22.32324206], [114.17281705, 22.32291352], [114.17273776, 22.32177402], [114.17276312, 22.32110544], [114.17288925, 22.32055138], [114.17293984, 22.32038838], [114.17312971, 22.31965179], [114.17385757, 22.31784258], [114.17457844, 22.31627917], [114.17534631, 22.31457102], [114.17560356, 22.31393617], [114.17583932, 22.31348815], [114.17609885, 22.3130672], [114.17652497, 22.31245985], [114.17670233, 22.31223613], [114.17707028, 22.31181662], [114.17740323, 22.31145251], [114.17782169, 22.31102157], [114.17849578, 22.31035885], [114.17881716, 22.31001903], [114.1806383, 22.30815005], [114.18132933, 22.30745624], [114.18149017, 22.30730755], [114.1817339, 22.30703755], [114.18183835, 22.30686834], [114.18192733, 22.30669193], [114.18196988, 22.30654073], [114.18200083, 22.30637873], [114.18209416, 22.30573733], [114.18222165, 22.30531416], [114.18241703, 22.30485175], [114.18248395, 22.30472656], [114.18260771, 22.30459583], [114.18317193, 22.3041007], [114.1834971, 22.30392618], [114.18371614, 22.30386131], [114.1839551, 22.30385203], [114.18423389, 22.30387982], [114.18460824, 22.30402805], [114.18518569, 22.30330252], [114.18537484, 22.30284852], [114.18547437, 22.3023945], [114.18554403, 22.30172739], [114.18560374, 22.30145868], [114.18571326, 22.30127336], [114.18624095, 22.30111582], [114.18658941, 22.301088], [114.18672878, 22.30060619], [114.18685818, 22.30024482], [114.18685775, 22.29412413], [114.19954258, 22.3002604], [114.21086575, 22.3002749], [114.21938622, 22.29567744], [114.21933157, 22.30310545], [114.217281, 22.30497657], [114.21531629, 22.30685971], [114.2154194, 22.30740708], [114.21541942, 22.3074527], [114.21544396, 22.30759866], [114.21544892, 22.3078085], [114.21543913, 22.30786324], [114.21539995, 22.30797271], [114.21534115, 22.30807309], [114.21529214, 22.30812784], [114.2140961, 22.30917802], [114.21319975, 22.30998499], [114.21296297, 22.30976309], [114.21310886, 22.30962571], [114.21285027, 22.3093794], [114.21256529, 22.30946158], [114.21234372, 22.30956902], [114.21189868, 22.30985516], [114.21160067, 22.31008676], [114.20896775, 22.31245503], [114.21049185, 22.31387995], [114.20982773, 22.31451733], [114.21081379, 22.31548652], [114.21056705, 22.31573101], [114.21086389, 22.31602947], [114.20997378, 22.31683564], [114.20966096, 22.31685809], [114.20938827, 22.31691785], [114.20917974, 22.31697758], [114.20898726, 22.3170448], [114.20877874, 22.31714186], [114.2085943, 22.31728369], [114.20841787, 22.3174479], [114.20640727, 22.32000228], [114.20599107, 22.32037907], [114.20554405, 22.32036659], [114.20500339, 22.32084635], [114.20497835, 22.32088222], [114.20495917, 22.32133967], [114.20493798, 22.32138451], [114.20437121, 22.32194711], [114.20357495, 22.32265776], [114.20344795, 22.32273436], [114.20327083, 22.32279558], [114.20310994, 22.32280879], [114.20291672, 22.32279774], [114.20263408, 22.32273501], [114.20251858, 22.32272534], [114.20242269, 22.32273976], [114.20225518, 22.32281905], [114.2021509, 22.32290228], [114.20207941, 22.32301793], [114.20203903, 22.32314787], [114.20203906, 22.32329445], [114.20205639, 22.32341368], [114.20210042, 22.32353976], [114.20215171, 22.32363836], [114.20171005, 22.32376643], [114.20173387, 22.32393017], [114.20175295, 22.32417358], [114.20175469, 22.32447941], [114.20496944, 22.32764201], [114.20502784, 22.32770876], [114.20505525, 22.32775209], [114.20511633, 22.32789048], [114.20513477, 22.32796591], [114.20514846, 22.32808487], [114.20513838, 22.32821051], [114.20507958, 22.3283774], [114.20501326, 22.32851115], [114.20492913, 22.32863775], [114.20486162, 22.32876341], [114.2048221, 22.32890475], [114.20477395, 22.33202231], [114.20479684, 22.33249933], [114.20479089, 22.33435177], [114.20476064, 22.33455947], [114.20470868, 22.33478059], [114.20464751, 22.33496028], [114.20443366, 22.33507628], [114.2042149, 22.33517083], [114.2040505, 22.33522673], [114.20385455, 22.33527926], [114.20361916, 22.33531993], [114.20338741, 22.33533916], [114.20315444, 22.33534146], [114.20289295, 22.33532287], [114.20260659, 22.33527607], [114.20229837, 22.33519428], [114.19861904, 22.33384604], [114.19827547, 22.33367281], [114.19782846, 22.33341446], [114.19774601, 22.33335312], [114.19764675, 22.33325211], [114.19741923, 22.33295949], [114.1970247, 22.33233812], [114.19696201, 22.33226978], [114.19688199, 22.33220342], [114.19677067, 22.33213129], [114.19663716, 22.33206835], [114.19620601, 22.33194904], [114.19577348, 22.33185333], [114.19559354, 22.33176096], [114.19547743, 22.33167819], [114.19418266, 22.33042911], [114.1933126, 22.33043981], [114.1918884, 22.33050094], [114.19164365, 22.33052316], [114.19205755, 22.33082476], [114.19219589, 22.33094723], [114.19251443, 22.33130786], [114.1917492, 22.33190075], [114.1916029, 22.33208794], [114.19149927, 22.33226945], [114.19143832, 22.33239991], [114.19137737, 22.33256441], [114.19126155, 22.33276294], [114.1912006, 22.33290473], [114.19111672, 22.33306665], [114.19099334, 22.33321105], [114.19085922, 22.33330748], [114.19073041, 22.33342005], [114.19069097, 22.33336418], [114.1905587, 22.33321913], [114.18997867, 22.33276145], [114.18981, 22.33265535], [114.18958976, 22.3325549], [114.18878226, 22.33232807], [114.1887052, 22.33231735], [114.18855051, 22.33232244], [114.18716729, 22.33247041], [114.18730804, 22.33313795], [114.18740316, 22.33373666], [114.18742513, 22.33407683], [114.18745156, 22.33475336], [114.18671002, 22.33477944], [114.18674041, 22.33559954], [114.18651047, 22.33560632], [114.1865281, 22.33611542], [114.18607368, 22.3361352], [114.18614984, 22.33793351], [114.18456865, 22.33927453], [114.18442669, 22.33937952], [114.18429624, 22.33945798], [114.18415913, 22.33952515], [114.18401595, 22.33958103], [114.18318719, 22.33968718], [114.18336861, 22.33993156], [114.18348389, 22.34012006], [114.18360039, 22.34034865], [114.18367078, 22.34051684], [114.18373085, 22.34068898], [114.18417567, 22.34251822], [114.18423393, 22.34269036], [114.18429278, 22.34282412], [114.18436135, 22.34295337], [114.18445297, 22.34309672], [114.18390936, 22.34331969], [114.18373948, 22.34340662], [114.18346039, 22.343572], [114.18290465, 22.34396824], [114.18269836, 22.34406928], [114.18247751, 22.34413589], [114.18224696, 22.3441675], [114.18169787, 22.3441393], [114.18156033, 22.34487588], [114.18146753, 22.34530362], [114.18146332, 22.34538993], [114.1814972, 22.34565689], [114.1815187, 22.3460689], [114.18151738, 22.34624922], [114.18150866, 22.34629839], [114.1814595, 22.34642126], [114.18126647, 22.34675333], [114.1794524, 22.34901898]]]]}, "properties": {"GmlID": "DCD.10", "OBJECTID": 10, "AREA_ID": "G", "AREA_CODE": "KLC", "NAME_TC": "九龍城區", "NAME_EN": "Kowloon City District", "REGION": "KLN", "Shape_Length": 22103.65728054, "Shape_Area": 14443172.03012226}}, {"type": "Feature", "geometry": {"type": "MultiPolygon", "coordinates": [[[[114.22403468, 22.3345172], [114.22112045, 22.35318004], [114.22122625, 22.35324667], [114.22128225, 22.35330027], [114.2213172, 22.3533425], [114.22136708, 22.35344334], [114.2214513, 22.35399424], [114.22146435, 22.35410994], [114.22145403, 22.35415906], [114.22143407, 22.35420051], [114.22133703, 22.35431111], [114.22129521, 22.35438359], [114.22127495, 22.35445671], [114.2212744, 22.35452109], [114.22128871, 22.35457763], [114.22131115, 22.35462149], [114.22135352, 22.35467547], [114.22142298, 22.35480019], [114.2214423, 22.35485232], [114.22151026, 22.35493512], [114.22160511, 22.35500534], [114.22174853, 22.3550862], [114.22177906, 22.35511881], [114.2218161, 22.35518094], [114.22182522, 22.35524332], [114.22181221, 22.35529536], [114.22174699, 22.35543299], [114.22174123, 22.35547339], [114.22175552, 22.35556759], [114.22184275, 22.35570058], [114.22185977, 22.3557444], [114.22186809, 22.35578589], [114.22186493, 22.35583092], [114.2218532, 22.35586698], [114.22183191, 22.35590048], [114.22172984, 22.35600155], [114.22167799, 22.35606886], [114.22165322, 22.35612308], [114.22164036, 22.35617821], [114.22164112, 22.35623142], [114.22171494, 22.35654372], [114.22175594, 22.35658447], [114.22209879, 22.35672415], [114.22225959, 22.35677486], [114.22236207, 22.35681669], [114.22245591, 22.35687238], [114.22247602, 22.35691768], [114.22247705, 22.35697216], [114.22246592, 22.35700193], [114.22235364, 22.35714336], [114.22229996, 22.35724949], [114.22227381, 22.35737321], [114.22227673, 22.35744542], [114.22229091, 22.35752109], [114.22235159, 22.35768778], [114.22238385, 22.35784739], [114.22240871, 22.35792531], [114.22240006, 22.35810561], [114.22242509, 22.35822954], [114.22242056, 22.3582655], [114.22233749, 22.35840942], [114.21853417, 22.35816573], [114.21807549, 22.35815582], [114.21780426, 22.35813411], [114.21763241, 22.35810448], [114.217578, 22.35808673], [114.21751031, 22.3580504], [114.21746584, 22.35801547], [114.21741672, 22.35795905], [114.21735541, 22.35782648], [114.21723188, 22.35764204], [114.21715617, 22.35755981], [114.21708659, 22.35749697], [114.21691843, 22.35737411], [114.21685159, 22.35733779], [114.21648929, 22.35720697], [114.21639429, 22.35719165], [114.2161037, 22.35717242], [114.21557947, 22.35719036], [114.21546387, 22.35720046], [114.21527236, 22.35722999], [114.2151751, 22.35723331], [114.21482789, 22.35727098], [114.21471296, 22.35728882], [114.21450025, 22.35730699], [114.21442172, 22.3573067], [114.21438395, 22.35730028], [114.21435277, 22.35728024], [114.21427793, 22.35719403], [114.21427597, 22.35717894], [114.21433823, 22.35710824], [114.21445202, 22.35700974], [114.21461713, 22.35695685], [114.21466243, 22.3569524], [114.21466774, 22.35694694], [114.21465558, 22.35693654], [114.21458082, 22.35689903], [114.21433433, 22.35687641], [114.21425736, 22.35689022], [114.2139879, 22.35703294], [114.21391073, 22.3570463], [114.21380623, 22.35703299], [114.2137965, 22.35700584], [114.21381753, 22.3569619], [114.2139015, 22.35686799], [114.21392523, 22.35683092], [114.21397352, 22.35661359], [114.21401748, 22.35655469], [114.21405062, 22.3564686], [114.21413434, 22.35631824], [114.21415322, 22.35618038], [114.21414815, 22.35613598], [114.21412716, 22.35608356], [114.21412777, 22.35604701], [114.21419791, 22.35586765], [114.21416946, 22.35580337], [114.21378858, 22.35580798], [114.21352914, 22.35579708], [114.21348257, 22.35578735], [114.21334566, 22.35577843], [114.21331518, 22.35578284], [114.21319716, 22.35576289], [114.21306994, 22.35572461], [114.21280281, 22.35566856], [114.21269009, 22.35565617], [114.212507, 22.35560296], [114.21195844, 22.35539132], [114.21188139, 22.35537778], [114.21167874, 22.35537538], [114.21154769, 22.3553569], [114.2114147, 22.3553241], [114.21129303, 22.35528465], [114.21111936, 22.35521587], [114.21106357, 22.35520136], [114.21097148, 22.35519715], [114.21088562, 22.35521497], [114.21081057, 22.3552507], [114.21066008, 22.35535912], [114.2105673, 22.355394], [114.21049682, 22.35539566], [114.21036923, 22.35538075], [114.21027164, 22.35537906], [114.2101472, 22.35540407], [114.21007447, 22.35542645], [114.21003001, 22.35544659], [114.20988193, 22.35553791], [114.20984001, 22.3555722], [114.20979987, 22.35561344], [114.2097089, 22.35573877], [114.20967857, 22.35576948], [114.20961791, 22.3558085], [114.20957509, 22.35582427], [114.20919394, 22.35591377], [114.20910472, 22.3559171], [114.20905119, 22.3559055], [114.20895483, 22.35586485], [114.20886828, 22.35579931], [114.20864541, 22.35559749], [114.20817337, 22.35520506], [114.20810467, 22.35516192], [114.20797947, 22.35510398], [114.20791168, 22.35509481], [114.2078196, 22.35509789], [114.20767521, 22.35508916], [114.20732536, 22.35500046], [114.20724698, 22.35497001], [114.20719203, 22.35493145], [114.20691295, 22.35467738], [114.20686726, 22.35465414], [114.20678193, 22.35463525], [114.20671714, 22.35464059], [114.20666232, 22.35466153], [114.20642941, 22.3548594], [114.20634556, 22.35489969], [114.20626005, 22.35492229], [114.20498728, 22.35497214], [114.20479221, 22.35497188], [114.20468043, 22.35496319], [114.20461749, 22.35494994], [114.20448412, 22.35489911], [114.20440981, 22.35485716], [114.20376462, 22.35438602], [114.20371419, 22.35435728], [114.20365635, 22.3543431], [114.20360298, 22.3543455], [114.20345973, 22.35440141], [114.20335222, 22.35442339], [114.20327583, 22.35441396], [114.20310692, 22.35435241], [114.20301469, 22.35433836], [114.20293558, 22.35434238], [114.20262964, 22.35438426], [114.20258125, 22.35439923], [114.20246166, 22.35445822], [114.20243519, 22.35449164], [114.20241463, 22.35454339], [114.20236511, 22.35461604], [114.20232344, 22.3546529], [114.20225969, 22.35468696], [114.20221563, 22.3546987], [114.2021493, 22.35470116], [114.20206551, 22.35468378], [114.20136414, 22.35447309], [114.20128999, 22.35443982], [114.20124416, 22.35443329], [114.20118263, 22.35444027], [114.2011117, 22.35446554], [114.20080138, 22.35464747], [114.20069392, 22.35468897], [114.20063989, 22.35469244], [114.20058897, 22.35468493], [114.20042421, 22.35462116], [114.20033372, 22.35459922], [114.20023192, 22.35459831], [114.20014359, 22.35462946], [114.20008648, 22.35467621], [114.20005994, 22.35471252], [114.20001318, 22.35480346], [114.199904, 22.35509462], [114.1998042, 22.35520759], [114.19962238, 22.35538297], [114.19954064, 22.35541458], [114.19946439, 22.35540588], [114.19933223, 22.35546029], [114.19910101, 22.35548818], [114.19903675, 22.35550487], [114.19898427, 22.35552712], [114.19891409, 22.35558326], [114.19885338, 22.35558413], [114.1988221, 22.35557069], [114.19880649, 22.35553735], [114.19880801, 22.35551107], [114.19883645, 22.35548533], [114.198948, 22.35543359], [114.19914848, 22.3553759], [114.19922489, 22.35531299], [114.19932232, 22.35519068], [114.19940263, 22.35512348], [114.19945923, 22.35508961], [114.19947257, 22.35503768], [114.19945133, 22.35497841], [114.19917844, 22.35518246], [114.19910395, 22.35521633], [114.19905377, 22.35522871], [114.19899706, 22.3552154], [114.19892982, 22.35514857], [114.19878267, 22.35491046], [114.19862612, 22.35473683], [114.19855687, 22.35467459], [114.19843543, 22.35458971], [114.19840029, 22.35455273], [114.19827756, 22.35448116], [114.19822183, 22.3544614], [114.19817926, 22.3544206], [114.19816133, 22.35438068], [114.19815842, 22.35433824], [114.1982011, 22.35419135], [114.19820307, 22.35409599], [114.19817823, 22.35400003], [114.19815734, 22.35396887], [114.19808887, 22.3539193], [114.19805651, 22.3539096], [114.19799315, 22.35391188], [114.19789657, 22.3539476], [114.19768411, 22.3540797], [114.19764924, 22.35409339], [114.19738037, 22.35424575], [114.19733278, 22.35412929], [114.19738145, 22.35392707], [114.19738144, 22.35381889], [114.19731735, 22.35356351], [114.19720695, 22.35336691], [114.19721537, 22.35319162], [114.19719908, 22.35307762], [114.19715226, 22.35301019], [114.19700898, 22.35289088], [114.19694269, 22.35285849], [114.19690763, 22.35262942], [114.1967667, 22.35255053], [114.19654805, 22.35256838], [114.19646933, 22.35269057], [114.19643688, 22.35291748], [114.19641762, 22.35292978], [114.19609638, 22.35297136], [114.19598812, 22.35302937], [114.19572932, 22.3530294], [114.1954916, 22.353097], [114.19518966, 22.35308778], [114.19494504, 22.35321765], [114.19485632, 22.35329728], [114.19475267, 22.35333622], [114.19459694, 22.35344919], [114.1945703, 22.35344919], [114.19438906, 22.35341165], [114.19416707, 22.35344743], [114.19406153, 22.35353712], [114.19402089, 22.35358519], [114.19396905, 22.35361327], [114.19358663, 22.3536859], [114.19334708, 22.35384176], [114.19308313, 22.35395546], [114.19288625, 22.35393103], [114.19285566, 22.35387019], [114.19290303, 22.35362923], [114.19273973, 22.3535117], [114.19272964, 22.35351181], [114.19292737, 22.35319105], [114.1928975, 22.35292133], [114.19276834, 22.35276628], [114.19266651, 22.35269555], [114.19245969, 22.35270025], [114.19237286, 22.35275455], [114.19211939, 22.35273798], [114.19202468, 22.35279569], [114.191956, 22.35277313], [114.19175465, 22.35278291], [114.19165624, 22.35292489], [114.19155449, 22.35294692], [114.19146011, 22.35299569], [114.19139274, 22.35308891], [114.19111875, 22.35309346], [114.19093637, 22.35319404], [114.1908944, 22.35318057], [114.19095444, 22.35308931], [114.19095688, 22.35289911], [114.19102344, 22.35283628], [114.19115862, 22.35265613], [114.19114859, 22.35246293], [114.19119595, 22.35238973], [114.19124982, 22.35220002], [114.19114332, 22.35220444], [114.19107751, 22.35223819], [114.19101941, 22.35224658], [114.19085732, 22.35221688], [114.19083754, 22.35218142], [114.19093497, 22.3521008], [114.1909228, 22.35206612], [114.19092917, 22.35195113], [114.19103313, 22.35183079], [114.19115984, 22.35179378], [114.19124186, 22.35175444], [114.19130189, 22.35173885], [114.19134248, 22.35176034], [114.19145998, 22.35196432], [114.19147917, 22.35191007], [114.1914737, 22.35180509], [114.19152527, 22.3517588], [114.19165935, 22.35169953], [114.19175703, 22.35155729], [114.19173868, 22.35149777], [114.19157831, 22.35134269], [114.19149491, 22.35128603], [114.19146285, 22.3512562], [114.19139971, 22.3511122], [114.1913905, 22.35089812], [114.19153239, 22.35050366], [114.19150569, 22.35047123], [114.19144449, 22.35029243], [114.19132448, 22.35018081], [114.19131078, 22.35011924], [114.19142232, 22.34992375], [114.19137869, 22.34985721], [114.191232, 22.34980159], [114.19062168, 22.34978332], [114.19043794, 22.34980777], [114.19021482, 22.34991164], [114.19006389, 22.34996663], [114.1898342, 22.34997887], [114.18959021, 22.34992328], [114.18945357, 22.3499789], [114.18898838, 22.35024841], [114.18871874, 22.35029299], [114.18868985, 22.35029032], [114.18857978, 22.3502445], [114.18826124, 22.35004326], [114.18800326, 22.34993013], [114.18768236, 22.34995179], [114.18733463, 22.35003542], [114.18713645, 22.35018786], [114.18669734, 22.3502601], [114.18656272, 22.35019182], [114.18639651, 22.35016539], [114.18620279, 22.35022551], [114.18605427, 22.35034574], [114.18589963, 22.35039353], [114.18568056, 22.35035909], [114.18558031, 22.35038267], [114.18554873, 22.35039951], [114.18540792, 22.35042632], [114.18534898, 22.35041153], [114.18499765, 22.35024797], [114.18496613, 22.35016805], [114.18506768, 22.34998666], [114.18503395, 22.34973267], [114.18489188, 22.3496365], [114.1847835, 22.34966796], [114.18464319, 22.34981744], [114.18457816, 22.34986656], [114.18443655, 22.35000311], [114.18421424, 22.35013082], [114.18415867, 22.35013745], [114.18409562, 22.35015579], [114.18370084, 22.35019082], [114.18369331, 22.35019784], [114.18336197, 22.35021416], [114.18307557, 22.35014665], [114.18302388, 22.35011351], [114.18299078, 22.34997155], [114.1828634, 22.34984851], [114.18266076, 22.3498365], [114.18249805, 22.34995551], [114.18241939, 22.34997421], [114.1823934, 22.34997183], [114.18227271, 22.34986494], [114.18216539, 22.34970823], [114.18198984, 22.34956184], [114.18190793, 22.34952375], [114.18167855, 22.34947701], [114.18164338, 22.34937175], [114.18126005, 22.34914579], [114.18111726, 22.3491458], [114.18097075, 22.34916498], [114.18085438, 22.34922721], [114.18076765, 22.3491353], [114.18061776, 22.34909077], [114.18055686, 22.34890494], [114.18045301, 22.34882133], [114.18032997, 22.34874691], [114.18015088, 22.34874951], [114.17990718, 22.34884544], [114.17963889, 22.34891581], [114.17950951, 22.34900938], [114.1794524, 22.34901898], [114.18126647, 22.34675333], [114.1814595, 22.34642126], [114.18150866, 22.34629839], [114.18151738, 22.34624922], [114.1815187, 22.3460689], [114.1814972, 22.34565689], [114.18146332, 22.34538993], [114.18146753, 22.34530362], [114.18156033, 22.34487588], [114.18169787, 22.3441393], [114.18224696, 22.3441675], [114.18247751, 22.34413589], [114.18269836, 22.34406928], [114.18290465, 22.34396824], [114.18346039, 22.343572], [114.18373948, 22.34340662], [114.18390936, 22.34331969], [114.18445297, 22.34309672], [114.18436135, 22.34295337], [114.18429278, 22.34282412], [114.18423393, 22.34269036], [114.18417567, 22.34251822], [114.18373085, 22.34068898], [114.18367078, 22.34051684], [114.18360039, 22.34034865], [114.18348389, 22.34012006], [114.18336861, 22.33993156], [114.18318719, 22.33968718], [114.18401595, 22.33958103], [114.18415913, 22.33952515], [114.18429624, 22.33945798], [114.18442669, 22.33937952], [114.18456865, 22.33927453], [114.18614984, 22.33793351], [114.18607368, 22.3361352], [114.1865281, 22.33611542], [114.18651047, 22.33560632], [114.18674041, 22.33559954], [114.18671002, 22.33477944], [114.18745156, 22.33475336], [114.18742513, 22.33407683], [114.18740316, 22.33373666], [114.18730804, 22.33313795], [114.18716729, 22.33247041], [114.18855051, 22.33232244], [114.1887052, 22.33231735], [114.18878226, 22.33232807], [114.18958976, 22.3325549], [114.18981, 22.33265535], [114.18997867, 22.33276145], [114.1905587, 22.33321913], [114.19069097, 22.33336418], [114.19073041, 22.33342005], [114.19085922, 22.33330748], [114.19099334, 22.33321105], [114.19111672, 22.33306665], [114.1912006, 22.33290473], [114.19126155, 22.33276294], [114.19137737, 22.33256441], [114.19143832, 22.33239991], [114.19149927, 22.33226945], [114.1916029, 22.33208794], [114.1917492, 22.33190075], [114.19251443, 22.33130786], [114.19219589, 22.33094723], [114.19205755, 22.33082476], [114.19164365, 22.33052316], [114.1918884, 22.33050094], [114.1933126, 22.33043981], [114.19418266, 22.33042911], [114.19547743, 22.33167819], [114.19559354, 22.33176096], [114.19577348, 22.33185333], [114.19620601, 22.33194904], [114.19663716, 22.33206835], [114.19677067, 22.33213129], [114.19688199, 22.33220342], [114.19696201, 22.33226978], [114.1970247, 22.33233812], [114.19741923, 22.33295949], [114.19764675, 22.33325211], [114.19774601, 22.33335312], [114.19782846, 22.33341446], [114.19827547, 22.33367281], [114.19861904, 22.33384604], [114.20229837, 22.33519428], [114.20260659, 22.33527607], [114.20289295, 22.33532287], [114.20315444, 22.33534146], [114.20338741, 22.33533916], [114.20361916, 22.33531993], [114.20385455, 22.33527926], [114.2040505, 22.33522673], [114.2042149, 22.33517083], [114.20443366, 22.33507628], [114.20464751, 22.33496028], [114.20477179, 22.33488006], [114.20493071, 22.33476151], [114.20526797, 22.33447134], [114.20717689, 22.3329025], [114.20794694, 22.33371398], [114.20805131, 22.33380821], [114.20818481, 22.33391373], [114.2083899, 22.33404802], [114.21056375, 22.33443364], [114.21076694, 22.33445244], [114.21094112, 22.33445218], [114.21105699, 22.33444313], [114.21128631, 22.3344047], [114.21151501, 22.33433862], [114.21172491, 22.33424431], [114.21182317, 22.33418672], [114.21196147, 22.33408736], [114.21213191, 22.33393888], [114.21224351, 22.33381412], [114.21248557, 22.33349861], [114.21302345, 22.33281438], [114.21312049, 22.33271389], [114.21327213, 22.33258743], [114.21341468, 22.33249371], [114.21351598, 22.3324395], [114.21362274, 22.33239375], [114.21390362, 22.3323237], [114.21413475, 22.33229487], [114.21439623, 22.33229198], [114.21468502, 22.33232578], [114.21828402, 22.33304934], [114.21814508, 22.33386745], [114.21833099, 22.33380026], [114.21847112, 22.33376184], [114.21864463, 22.33374092], [114.21881935, 22.33373579], [114.22136506, 22.3339033], [114.22153917, 22.33390947], [114.22165506, 22.33392298], [114.22181826, 22.33395342], [114.22386176, 22.33449749], [114.22397644, 22.33451664], [114.22403468, 22.3345172]]]]}, "properties": {"GmlID": "DCD.11", "OBJECTID": 11, "AREA_ID": "H", "AREA_CODE": "WTS", "NAME_TC": "黃大仙區", "NAME_EN": "Wong Tai Sin District", "REGION": "KLN", "Shape_Length": 16408.03259915, "Shape_Area": 9302606.78625675}}, {"type": "Feature", "geometry": {"type": "MultiPolygon", "coordinates": [[[[114.14900951, 22.3802802], [114.14753312, 22.37892488], [114.14735166, 22.37890867], [114.14731748, 22.3789156], [114.14720996, 22.37896355], [114.14715652, 22.37895429], [114.1471124, 22.37892249], [114.14702917, 22.3787306], [114.14695088, 22.37866296], [114.14672593, 22.37863749], [114.14668678, 22.37861726], [114.14664019, 22.37841338], [114.14659861, 22.37828492], [114.14650603, 22.37819589], [114.14636995, 22.37813517], [114.14628294, 22.37810742], [114.14619471, 22.37811434], [114.14617979, 22.37812821], [114.14610393, 22.37832066], [114.14600645, 22.37840616], [114.14573971, 22.37856447], [114.14568064, 22.3787078], [114.14541897, 22.3789083], [114.14539908, 22.37890599], [114.1452133, 22.37878342], [114.14495169, 22.37870535], [114.14490322, 22.37870072], [114.14472423, 22.37873536], [114.14455334, 22.37871683], [114.14447691, 22.37865324], [114.14444402, 22.37847176], [114.14440862, 22.37835731], [114.14438439, 22.37834575], [114.14428869, 22.37834342], [114.14422467, 22.37839368], [114.14417553, 22.37856649], [114.14417051, 22.37878553], [114.14423447, 22.37900343], [114.14423197, 22.37905602], [114.14416049, 22.37911611], [114.14409275, 22.37915367], [114.14381371, 22.37919002], [114.14356359, 22.38037362], [114.14359031, 22.3804372], [114.14365866, 22.38047363], [114.1437208, 22.38049618], [114.14379661, 22.38049851], [114.14400421, 22.38037776], [114.14410737, 22.38037142], [114.14413658, 22.38039397], [114.14424903, 22.38053732], [114.14439567, 22.38063328], [114.14439626, 22.38071478], [114.14429309, 22.38078296], [114.14394507, 22.38081988], [114.14377665, 22.38086261], [114.14362432, 22.38114809], [114.14358827, 22.38119721], [114.14342169, 22.38128792], [114.14333841, 22.38130639], [114.1431327, 22.38136992], [114.14302518, 22.38141094], [114.14299037, 22.38143347], [114.14288345, 22.38155424], [114.14287598, 22.38159065], [114.14288094, 22.38165654], [114.14288839, 22.38167272], [114.14291511, 22.38167966], [114.14302511, 22.38167043], [114.14316683, 22.3815884], [114.1432818, 22.38156588], [114.1434788, 22.38157979], [114.14355772, 22.38159773], [114.14376156, 22.38160701], [114.14379634, 22.38162262], [114.14383798, 22.3816839], [114.14382301, 22.3819116], [114.14372974, 22.38210289], [114.14372039, 22.38222137], [114.14385085, 22.38243466], [114.14389124, 22.38247166], [114.14407954, 22.38246938], [114.1441771, 22.38250986], [114.14423613, 22.38254918], [114.14436101, 22.3826856], [114.14451015, 22.38274111], [114.14458596, 22.3827839], [114.14461267, 22.38283303], [114.14464496, 22.38295845], [114.14464987, 22.38322662], [114.1445964, 22.38332428], [114.14448265, 22.38341847], [114.14447825, 22.38363231], [114.14441482, 22.38379586], [114.14446687, 22.38444508], [114.14357577, 22.38451953], [114.14351503, 22.38450231], [114.14343883, 22.38446494], [114.14337407, 22.38441714], [114.14330725, 22.38437977], [114.14323725, 22.38436254], [114.14306539, 22.3842716], [114.14195254, 22.38382421], [114.1418194, 22.38378621], [114.14163622, 22.38371156], [114.14141408, 22.38360147], [114.13927983, 22.38232877], [114.1391046, 22.38221227], [114.13853467, 22.38200719], [114.13840251, 22.38199594], [114.1382566, 22.38201462], [114.13801022, 22.3821011], [114.13772292, 22.38214662], [114.13756339, 22.38214347], [114.13740394, 22.38211309], [114.13711716, 22.38197616], [114.13699889, 22.38189143], [114.13678502, 22.38176015], [114.13671532, 22.38168395], [114.13647585, 22.3816812], [114.13581912, 22.38165172], [114.13554775, 22.38162697], [114.13524944, 22.38157972], [114.13504299, 22.38153359], [114.13515195, 22.38128728], [114.13518736, 22.38123421], [114.13523461, 22.38119351], [114.13532517, 22.38114852], [114.13550916, 22.38109899], [114.13583958, 22.38098894], [114.13595665, 22.38092676], [114.13604302, 22.38089363], [114.13602328, 22.38084441], [114.13598516, 22.38063149], [114.13598163, 22.38052656], [114.13599468, 22.38042551], [114.13624355, 22.38043297], [114.13647083, 22.3804161], [114.13666161, 22.38038436], [114.13684114, 22.38031111], [114.13700643, 22.38021031], [114.13712882, 22.3801053], [114.13723239, 22.38000342], [114.13730747, 22.3798939], [114.13738074, 22.37976395], [114.13743532, 22.37961751], [114.13747102, 22.37946701], [114.13748574, 22.37931445], [114.1374662, 22.37908603], [114.13738917, 22.37882468], [114.13729188, 22.37853374], [114.13720339, 22.37835263], [114.13656251, 22.37659544], [114.13650693, 22.37639668], [114.13649756, 22.37630878], [114.13643368, 22.37604584], [114.13640159, 22.37586824], [114.13638138, 22.37560603], [114.13637519, 22.37523486], [114.13638255, 22.37278772], [114.13635598, 22.3725631], [114.13632186, 22.37247599], [114.13611145, 22.37212917], [114.13603941, 22.3720437], [114.13517668, 22.37144527], [114.13508476, 22.3713741], [114.13489868, 22.37120642], [114.13477102, 22.37105529], [114.13468019, 22.37093396], [114.13458533, 22.37070419], [114.13450536, 22.37042983], [114.13447594, 22.37017508], [114.13446744, 22.3698025], [114.13421054, 22.3699477], [114.13406304, 22.3699947], [114.13394195, 22.37000565], [114.13379862, 22.36997946], [114.13340672, 22.36982201], [114.13321458, 22.36976039], [114.133089, 22.36970335], [114.13277993, 22.36950652], [114.13217103, 22.36989666], [114.13103651, 22.37058617], [114.13078276, 22.37071616], [114.13065152, 22.37077002], [114.13039719, 22.37085292], [114.13019934, 22.37089998], [114.13003429, 22.37092683], [114.12986236, 22.37094542], [114.12949921, 22.37095596], [114.12931985, 22.37094493], [114.12603808, 22.37060597], [114.12338902, 22.37037212], [114.12333408, 22.37016322], [114.12325896, 22.36995493], [114.12318292, 22.36979195], [114.12295092, 22.36939432], [114.12235072, 22.36849757], [114.12167071, 22.36744742], [114.12149014, 22.36712242], [114.1213454, 22.36691033], [114.12120338, 22.36667552], [114.12114199, 22.36654289], [114.12108759, 22.36637737], [114.12103266, 22.36606982], [114.12097852, 22.3658129], [114.12090909, 22.36559668], [114.12081184, 22.36538091], [114.12059862, 22.36498665], [114.12042739, 22.36471025], [114.12009824, 22.36426912], [114.11992557, 22.36410731], [114.11968569, 22.36392248], [114.11947912, 22.36379273], [114.11924175, 22.36367409], [114.11680012, 22.36282732], [114.11676018, 22.36279784], [114.11650849, 22.36268311], [114.11601869, 22.36243807], [114.11577719, 22.36230812], [114.11545549, 22.3621049], [114.11444721, 22.36120423], [114.11409272, 22.36096758], [114.11388037, 22.36085049], [114.11352426, 22.36069296], [114.11322548, 22.36059192], [114.11282671, 22.36049755], [114.11008159, 22.36000634], [114.11009405, 22.36474022], [114.07898617, 22.36483369], [114.07242548, 22.36197202], [114.07269294, 22.31253], [114.10987012, 22.31172692], [114.10986023, 22.29760514], [114.14950899, 22.29747766], [114.14952498, 22.31379637], [114.13176506, 22.31375303], [114.13196186, 22.31828469], [114.13176392, 22.31838139], [114.13154583, 22.31852178], [114.13143511, 22.31861225], [114.13128075, 22.31876827], [114.13117672, 22.31889933], [114.13107603, 22.31906471], [114.13096862, 22.31927691], [114.13074372, 22.31971067], [114.13065981, 22.31986671], [114.13059264, 22.32011949], [114.13046699, 22.32044544], [114.13033443, 22.32093101], [114.13033433, 22.32122485], [114.1304227, 22.32137767], [114.13225396, 22.32269462], [114.13249393, 22.32282398], [114.1328476, 22.32292986], [114.13457811, 22.32336521], [114.13486862, 22.32345932], [114.13510859, 22.32361218], [114.1355064, 22.32396021], [114.13579679, 22.32450095], [114.13608715, 22.32518276], [114.1362513, 22.32541787], [114.13649125, 22.32565301], [114.13764058, 22.32648781], [114.13801951, 22.32669947], [114.13808264, 22.32678177], [114.13804469, 22.32695806], [114.1379815, 22.3270991], [114.14004908, 22.3285982], [114.14023862, 22.32841018], [114.1403397, 22.32836318], [114.14047866, 22.32835147], [114.14056708, 22.32837499], [114.14060496, 22.32845728], [114.14063019, 22.32861008], [114.14055435, 22.32875111], [114.14042799, 22.32889213], [114.14042797, 22.32893915], [114.14049112, 22.32903319], [114.14188046, 22.33013836], [114.14200675, 22.3302959], [114.1420825, 22.33050748], [114.14212034, 22.33073081], [114.14214555, 22.3309659], [114.1420697, 22.33117745], [114.14198122, 22.33134198], [114.14177905, 22.3315535], [114.14145053, 22.33172974], [114.13875558, 22.33288454], [114.13895764, 22.33313142], [114.13896918, 22.33318878], [114.13899549, 22.33331948], [114.13890697, 22.3335898], [114.13874273, 22.33367204], [114.13861639, 22.33370727], [114.13837636, 22.33368371], [114.13830058, 22.33362492], [114.13674081, 22.33428588], [114.13644324, 22.33441196], [114.13498517, 22.33506395], [114.13444573, 22.33537734], [114.13398691, 22.33572189], [114.1335855, 22.33609516], [114.13320338, 22.33654446], [114.13283308, 22.33701922], [114.1324539, 22.33754804], [114.13220109, 22.33798287], [114.13167337, 22.33931342], [114.13181772, 22.33931418], [114.1319597, 22.33929785], [114.13207073, 22.33927192], [114.13225519, 22.33919972], [114.13258651, 22.3390034], [114.13299308, 22.33878195], [114.13306919, 22.33884014], [114.13356884, 22.33922211], [114.13365609, 22.33921695], [114.13380777, 22.33925458], [114.13386099, 22.33928422], [114.13389847, 22.33932117], [114.13393974, 22.33938113], [114.13410914, 22.33970163], [114.13421583, 22.33963889], [114.13434769, 22.33958674], [114.13446411, 22.33956041], [114.13463764, 22.33953958], [114.13484088, 22.33954527], [114.13504048, 22.33958258], [114.13520185, 22.33964245], [114.13535167, 22.33972489], [114.13550938, 22.33984514], [114.13564343, 22.33998741], [114.13573682, 22.34012459], [114.13583869, 22.34034361], [114.13590901, 22.3405502], [114.13595142, 22.34073534], [114.13597564, 22.34092385], [114.13598104, 22.3411135], [114.13596632, 22.34139335], [114.13628103, 22.34147978], [114.13715983, 22.3419175], [114.13818001, 22.34203546], [114.1382749, 22.34125632], [114.13843761, 22.34119368], [114.13867791, 22.34107972], [114.13897645, 22.34092176], [114.13917002, 22.34080836], [114.13942914, 22.34064191], [114.13967915, 22.34046419], [114.13993038, 22.34027347], [114.14009665, 22.34016966], [114.14034846, 22.34004442], [114.14071313, 22.3399113], [114.1408806, 22.3398769], [114.1410802, 22.33986623], [114.1412792, 22.33988772], [114.14139022, 22.33991371], [114.14152369, 22.33996058], [114.14165047, 22.34002269], [114.14176815, 22.34009835], [114.14195196, 22.34025247], [114.14218973, 22.34047546], [114.14262038, 22.34094402], [114.1427047, 22.34101572], [114.14279569, 22.34108008], [114.14291823, 22.34114839], [114.14299588, 22.34118284], [114.14317971, 22.34124158], [114.14332046, 22.34126362], [114.14349215, 22.34126478], [114.14363353, 22.34124449], [114.14379614, 22.34119486], [114.14394784, 22.34112039], [114.14408315, 22.34102221], [114.14432994, 22.34076937], [114.1447404, 22.34029143], [114.14489271, 22.34017068], [114.14498979, 22.34011425], [114.14509295, 22.34006799], [114.14522765, 22.34002456], [114.14536781, 22.33999806], [114.14652906, 22.33997175], [114.14678326, 22.3399955], [114.14697801, 22.34003843], [114.14892305, 22.34060206], [114.1488087, 22.34072233], [114.1486393, 22.34085667], [114.14848875, 22.34091969], [114.14840596, 22.34091968], [114.14806722, 22.34103875], [114.14759299, 22.34122084], [114.14744994, 22.34133993], [114.14741232, 22.34135394], [114.14722414, 22.34135391], [114.14708864, 22.34138891], [114.14702842, 22.34141693], [114.14695314, 22.34151502], [114.14693053, 22.34162011], [114.14693805, 22.34168317], [114.14688533, 22.34177425], [114.14687026, 22.34187235], [114.14698312, 22.34209658], [114.14697557, 22.34218768], [114.14694544, 22.34229278], [114.14678733, 22.34248894], [114.14676473, 22.34256601], [114.14675955, 22.34271494], [114.1468424, 22.34416564], [114.14685235, 22.3444651], [114.14685037, 22.34466423], [114.14683673, 22.34476921], [114.14678999, 22.34489954], [114.14668815, 22.34508018], [114.14660871, 22.34520228], [114.14655325, 22.34532932], [114.14652507, 22.34543625], [114.14647106, 22.34581368], [114.14642959, 22.34599459], [114.14635769, 22.34620621], [114.14626239, 22.34640967], [114.14620591, 22.34650829], [114.14602881, 22.34664921], [114.1457397, 22.34675438], [114.14555113, 22.34688296], [114.14538771, 22.34697646], [114.14523683, 22.34715182], [114.14511104, 22.34759611], [114.14511102, 22.34767796], [114.14507331, 22.34773641], [114.14489731, 22.34782992], [114.14478417, 22.34791175], [114.14473387, 22.34797019], [114.14470932, 22.34843965], [114.14479994, 22.3485997], [114.14493477, 22.34891732], [114.14483424, 22.34882376], [114.14465827, 22.34876525], [114.14450745, 22.34869507], [114.14431892, 22.34869504], [114.14415549, 22.34877686], [114.14396692, 22.34885866], [114.14370267, 22.34901076], [114.14355604, 22.34912282], [114.14325217, 22.34914328], [114.1429294, 22.34905935], [114.14273269, 22.34907984], [114.14273143, 22.34909156], [114.14258264, 22.34916074], [114.1422964, 22.34923515], [114.14217912, 22.3493272], [114.14206053, 22.34960456], [114.1420604, 22.35012415], [114.14215673, 22.35064083], [114.1421484, 22.35119501], [114.1419825, 22.35156444], [114.14187017, 22.35201773], [114.14181639, 22.35279006], [114.14174379, 22.35312548], [114.14160751, 22.35356177], [114.14159414, 22.35408957], [114.14148877, 22.35439566], [114.14146345, 22.35482845], [114.14135179, 22.35524544], [114.14130942, 22.35567895], [114.14130937, 22.35589394], [114.14140432, 22.35646727], [114.14144921, 22.3569736], [114.14142462, 22.35716991], [114.14136137, 22.35735746], [114.14135953, 22.35738443], [114.14146899, 22.35781154], [114.14151644, 22.35817043], [114.14151339, 22.35838205], [114.14155126, 22.35873391], [114.14170402, 22.3590629], [114.14187619, 22.35929882], [114.14201323, 22.35947415], [114.1421898, 22.35962324], [114.14223482, 22.35964948], [114.14235139, 22.35969243], [114.14254353, 22.35974221], [114.14280837, 22.35975626], [114.14296233, 22.35981696], [114.14312222, 22.36024855], [114.14316272, 22.3604601], [114.14324491, 22.36063714], [114.1438217, 22.36099237], [114.14441067, 22.36171596], [114.14461911, 22.36191844], [114.14500211, 22.36192289], [114.14532951, 22.36195419], [114.14555616, 22.36204014], [114.14563317, 22.36223991], [114.14565679, 22.36254771], [114.14533627, 22.36312288], [114.14539802, 22.36316932], [114.14554953, 22.36325902], [114.14567579, 22.36339513], [114.14573949, 22.36349679], [114.14582438, 22.36380759], [114.14588893, 22.36386283], [114.14612761, 22.36409871], [114.14598029, 22.36470006], [114.14582463, 22.36495016], [114.14538592, 22.36537925], [114.1450562, 22.36595024], [114.14462515, 22.36651089], [114.14448572, 22.36686282], [114.14448934, 22.36703827], [114.14448089, 22.36711945], [114.14449111, 22.36720567], [114.14451937, 22.3672863], [114.14468485, 22.36732261], [114.14495183, 22.36730782], [114.14533743, 22.36730831], [114.14540303, 22.367352], [114.14515098, 22.36770457], [114.14495569, 22.36786767], [114.14473851, 22.36811163], [114.14474304, 22.36820916], [114.14477721, 22.36824944], [114.14485922, 22.36829397], [114.14522831, 22.36839793], [114.14531487, 22.36848274], [114.14531818, 22.36858845], [114.14525558, 22.36874984], [114.14514614, 22.36899361], [114.14501398, 22.3690699], [114.1449798, 22.36910381], [114.14496156, 22.36916104], [114.14497977, 22.36923525], [114.14503217, 22.36928614], [114.14527138, 22.36937098], [114.14541265, 22.36937525], [114.14548887, 22.36944992], [114.14567211, 22.36957852], [114.14587107, 22.36963587], [114.14616637, 22.36970113], [114.1463079, 22.36986385], [114.14651221, 22.37015575], [114.14685748, 22.37056512], [114.14713442, 22.37085263], [114.14692373, 22.37085483], [114.14685329, 22.37088058], [114.14680814, 22.37091528], [114.14673047, 22.37101101], [114.14667446, 22.37113417], [114.14657028, 22.37129316], [114.14647816, 22.37139615], [114.1464041, 22.37146556], [114.14629574, 22.37150921], [114.14629574, 22.37154336], [114.14626381, 22.37165141], [114.14613733, 22.37192684], [114.14612287, 22.3719386], [114.14604821, 22.37206064], [114.1459862, 22.37210765], [114.14585013, 22.37218433], [114.14579475, 22.37220503], [114.14549256, 22.37220833], [114.14559785, 22.37240991], [114.14561241, 22.37258322], [114.14558332, 22.37275703], [114.14558929, 22.37298601], [114.1455634, 22.37305712], [114.14543212, 22.37324521], [114.14535204, 22.3733191], [114.14530449, 22.37334147], [114.14515939, 22.37338792], [114.14507089, 22.37345677], [114.14499802, 22.37357544], [114.1449697, 22.37365774], [114.14496485, 22.37385425], [114.1450021, 22.37419522], [114.14502857, 22.37427528], [114.14509296, 22.37432737], [114.14529882, 22.37442818], [114.14538729, 22.37450658], [114.14540654, 22.37456145], [114.14545525, 22.37481229], [114.14558162, 22.37502114], [114.1456382, 22.37506147], [114.14575254, 22.37522049], [114.1458711, 22.375328], [114.14593773, 22.37546123], [114.14603524, 22.37554065], [114.14610226, 22.37562006], [114.14640808, 22.37582781], [114.14686812, 22.37609304], [114.14736744, 22.37625573], [114.14773178, 22.37631606], [114.14779583, 22.37634428], [114.14787562, 22.37640319], [114.14796332, 22.37640241], [114.14802556, 22.37641242], [114.14809541, 22.37638529], [114.14837335, 22.37638886], [114.1484504, 22.37640846], [114.14850035, 22.37644991], [114.14862189, 22.37679145], [114.14862487, 22.37692918], [114.14861704, 22.37693476], [114.14857126, 22.3770669], [114.14856281, 22.37714976], [114.14857124, 22.37717159], [114.14858625, 22.37738154], [114.14865424, 22.37756799], [114.14867228, 22.37770069], [114.14866321, 22.37786081], [114.1486108, 22.37797502], [114.14848556, 22.37811832], [114.14872395, 22.37811891], [114.14883714, 22.37809654], [114.1489744, 22.37805067], [114.14909843, 22.37796558], [114.14933206, 22.37772824], [114.14940792, 22.37767506], [114.14953917, 22.37755415], [114.14956625, 22.37757935], [114.1498714, 22.37796515], [114.14994903, 22.37809225], [114.14995442, 22.37821655], [114.14988395, 22.37840352], [114.14985214, 22.37845414], [114.14980272, 22.37850176], [114.14971133, 22.37861469], [114.1495274, 22.37881537], [114.14951505, 22.37884162], [114.149538, 22.37899853], [114.14982212, 22.37925859], [114.1495658, 22.37949152], [114.14954256, 22.3796206], [114.14934895, 22.37957142], [114.14900951, 22.3802802]]]]}, "properties": {"GmlID": "DCD.12", "OBJECTID": 12, "AREA_ID": "S", "AREA_CODE": "KC", "NAME_TC": "葵青區", "NAME_EN": "Kwai Tsing District", "REGION": "NT", "Shape_Length": 43192.84943894, "Shape_Area": 49317297.74123325}}, {"type": "Feature", "geometry": {"type": "MultiPolygon", "coordinates": [[[[114.16919477, 22.41292776], [114.16147853, 22.41309423], [114.16135885, 22.41307778], [114.16089753, 22.4128655], [114.16078476, 22.41285834], [114.16072324, 22.41289648], [114.16053868, 22.41305623], [114.16047204, 22.41307769], [114.1603849, 22.4130586], [114.15997356, 22.41270684], [114.15996077, 22.41264483], [114.16015051, 22.41205228], [114.16009284, 22.41205108], [114.16001978, 22.41212261], [114.15986084, 22.41238251], [114.15977385, 22.41242307], [114.1594711, 22.41253171], [114.1593514, 22.4126382], [114.159031, 22.41285516], [114.15884387, 22.41299584], [114.15874538, 22.41302546], [114.15871026, 22.41300636], [114.1586777, 22.41297735], [114.15866919, 22.41292149], [114.15873369, 22.41276928], [114.15884336, 22.41256817], [114.15889653, 22.41239782], [114.15881962, 22.41224826], [114.15871966, 22.41218626], [114.15862739, 22.41217671], [114.15848899, 22.41218385], [114.15836342, 22.41209084], [114.1582891, 22.41197875], [114.15823529, 22.41185475], [114.158181, 22.41187423], [114.15804074, 22.41199964], [114.15796545, 22.41207856], [114.15782456, 22.41215133], [114.15762946, 22.41218714], [114.15723203, 22.41220613], [114.15684544, 22.41225647], [114.15656243, 22.41231914], [114.15630711, 22.41240981], [114.15597759, 22.41257473], [114.15514429, 22.4129001], [114.15344749, 22.41258298], [114.15299228, 22.41255716], [114.15271892, 22.41241939], [114.15262077, 22.4124009], [114.15236065, 22.41240646], [114.15179281, 22.41250325], [114.15162661, 22.41250769], [114.15131772, 22.41248076], [114.15094679, 22.4124863], [114.15064331, 22.41253608], [114.15060356, 22.41254895], [114.15041026, 22.41258251], [114.15022059, 22.4125808], [114.15009715, 22.4125707], [114.14987046, 22.41251924], [114.14951067, 22.41252189], [114.14930354, 22.41250339], [114.14919398, 22.41248181], [114.14896695, 22.41242214], [114.14852257, 22.41237], [114.14824681, 22.41229884], [114.14774947, 22.41208488], [114.14749782, 22.41194599], [114.14732743, 22.41183398], [114.14722705, 22.41194797], [114.1472197, 22.41212824], [114.14711385, 22.41247465], [114.14704829, 22.41289804], [114.14710713, 22.41313914], [114.14723387, 22.41350477], [114.14728115, 22.41383208], [114.14720828, 22.41403453], [114.14701735, 22.41434075], [114.14689416, 22.41459831], [114.14686336, 22.41467845], [114.14677709, 22.41505337], [114.14677703, 22.41531956], [114.14692566, 22.4157146], [114.14694314, 22.41589202], [114.14686306, 22.41608091], [114.14657362, 22.41643862], [114.14641146, 22.41659143], [114.14628604, 22.41669731], [114.1461654, 22.41685859], [114.14611602, 22.41685186], [114.14581617, 22.41671072], [114.1456813, 22.41666365], [114.14536036, 22.41659361], [114.14509845, 22.41646872], [114.14499489, 22.41643734], [114.14467577, 22.41631467], [114.14427659, 22.41607664], [114.14423565, 22.41606432], [114.14409115, 22.41598087], [114.1438768, 22.41588341], [114.14359803, 22.41579545], [114.14342641, 22.41578142], [114.14315965, 22.41578417], [114.14290372, 22.41580763], [114.14219796, 22.41592057], [114.14197574, 22.41597818], [114.14187519, 22.4160196], [114.14166137, 22.41620991], [114.14149874, 22.41639294], [114.14131926, 22.4165144], [114.14120964, 22.41660227], [114.14097356, 22.41672539], [114.14084107, 22.41680765], [114.14072785, 22.41684851], [114.14058872, 22.41692854], [114.14041228, 22.41699065], [114.14003892, 22.41705382], [114.13993053, 22.41708515], [114.1398727, 22.41711705], [114.13975587, 22.41715678], [114.1397083, 22.41719204], [114.13945354, 22.41731403], [114.13925844, 22.41734142], [114.13910128, 22.41731674], [114.13878456, 22.41718511], [114.13864308, 22.41715428], [114.13848471, 22.41716488], [114.13840159, 22.41720349], [114.13839978, 22.41721357], [114.13835521, 22.41725218], [114.13832465, 22.41730898], [114.13818234, 22.41744866], [114.13809501, 22.41748055], [114.13797879, 22.41751075], [114.13775297, 22.41754485], [114.13752234, 22.41753584], [114.137314, 22.41746524], [114.13712737, 22.41734091], [114.13688898, 22.4171001], [114.13679265, 22.41705417], [114.13669209, 22.41704855], [114.13655413, 22.41707486], [114.13637832, 22.41717779], [114.13624282, 22.41722928], [114.13609951, 22.41723036], [114.13551844, 22.41714231], [114.13522822, 22.41706665], [114.13459119, 22.41683078], [114.13417637, 22.41663639], [114.1340162, 22.41660724], [114.13389577, 22.41661449], [114.13371946, 22.41667544], [114.1335332, 22.41680251], [114.13325739, 22.41687466], [114.13288705, 22.41689919], [114.13243242, 22.41688227], [114.13234944, 22.41677269], [114.13224748, 22.41676013], [114.13219085, 22.41672585], [114.13208324, 22.41669421], [114.13200394, 22.41669682], [114.13170937, 22.41679951], [114.13158475, 22.41681265], [114.13146015, 22.4167968], [114.13136387, 22.41677569], [114.13127325, 22.41673878], [114.13109488, 22.41655691], [114.13098033, 22.41650198], [114.13087273, 22.41647824], [114.13075379, 22.41647557], [114.13053005, 22.41650976], [114.13039408, 22.41656769], [114.13010312, 22.4167332], [114.13000681, 22.41675952], [114.12992469, 22.41676214], [114.12968682, 22.41668565], [114.12957071, 22.41667507], [114.12923085, 22.41671713], [114.12902124, 22.41679085], [114.12878485, 22.41682768], [114.12861206, 22.41684605], [114.12852427, 22.41688557], [114.12843929, 22.41689872], [114.12818725, 22.41686703], [114.12790215, 22.41679421], [114.12786817, 22.41677575], [114.12784552, 22.41673886], [114.12784554, 22.41668352], [114.12789093, 22.41648064], [114.12787962, 22.41643584], [114.1278513, 22.41640684], [114.12778899, 22.41640682], [114.1274548, 22.41645416], [114.1272289, 22.41644597], [114.12682676, 22.41641159], [114.12671347, 22.41639574], [114.12662286, 22.4163641], [114.12653029, 22.41631486], [114.1264312, 22.41623314], [114.12636324, 22.41621204], [114.12619614, 22.41622252], [114.12603756, 22.41619085], [114.12598091, 22.41619347], [114.12588462, 22.41621451], [114.12581098, 22.41620923], [114.12576284, 22.41618286], [114.12571472, 22.4161275], [114.12564963, 22.41601418], [114.12557297, 22.41593487], [114.12536742, 22.41575947], [114.12510131, 22.41549061], [114.12506452, 22.41541946], [114.12502523, 22.41498581], [114.1249941, 22.41494101], [114.12494313, 22.41489883], [114.1248865, 22.41488036], [114.12470752, 22.41486901], [114.12463186, 22.41471802], [114.1244026, 22.41432531], [114.12434033, 22.41426733], [114.12404017, 22.41412756], [114.1238933, 22.4141073], [114.12359028, 22.41408348], [114.12353647, 22.41406765], [114.12351101, 22.41403339], [114.12350534, 22.41398333], [114.12352803, 22.41394115], [114.12359602, 22.4139043], [114.12441401, 22.41375493], [114.12443951, 22.41371542], [114.12442821, 22.41367325], [114.12437442, 22.41361527], [114.1242923, 22.41358625], [114.12398079, 22.41353608], [114.12385337, 22.41350705], [114.12381089, 22.41348069], [114.12377698, 22.41320505], [114.12373736, 22.41313125], [114.123593, 22.4129494], [114.12359584, 22.41289932], [114.12364117, 22.41285719], [114.12371198, 22.41285456], [114.12380825, 22.41288621], [114.12399228, 22.41303383], [114.1240857, 22.41309185], [114.12416217, 22.41311558], [114.12421881, 22.4131156], [114.12428679, 22.41308927], [114.12433213, 22.41303922], [114.12446517, 22.41277132], [114.12462881, 22.41237847], [114.12456497, 22.41240216], [114.12451058, 22.41243763], [114.12414281, 22.41277971], [114.12408617, 22.41279851], [114.12401336, 22.41278343], [114.12392844, 22.41272694], [114.12331014, 22.41221757], [114.12316925, 22.41209226], [114.12314096, 22.41203955], [114.12314503, 22.41198685], [114.12321625, 22.41189265], [114.12332306, 22.41185515], [114.12334735, 22.41176482], [114.12327059, 22.41154269], [114.12321156, 22.41124958], [114.12324573, 22.4111231], [114.12336383, 22.41102323], [114.12336749, 22.41099205], [114.12314599, 22.41095744], [114.12279265, 22.41094956], [114.12236316, 22.41098561], [114.12182943, 22.411073], [114.12174043, 22.41107297], [114.12163527, 22.41105035], [114.12145043, 22.41095352], [114.12131522, 22.41090772], [114.12119845, 22.41089211], [114.12107709, 22.41090335], [114.12088292, 22.41094093], [114.12077773, 22.4109823], [114.12068393, 22.41098623], [114.1204784, 22.41095961], [114.12038131, 22.41098216], [114.12024071, 22.41103391], [114.12011474, 22.41109085], [114.12001416, 22.41110536], [114.11974705, 22.41109984], [114.11961466, 22.4111636], [114.11945991, 22.41126703], [114.11931426, 22.41135356], [114.11903509, 22.41146262], [114.11889612, 22.41150254], [114.11876798, 22.41161988], [114.11868582, 22.41164339], [114.11859114, 22.41162473], [114.1184139, 22.41151519], [114.11834411, 22.41148807], [114.11831061, 22.41148739], [114.11819272, 22.41151358], [114.11797559, 22.41162904], [114.11793672, 22.41165668], [114.11781409, 22.41170518], [114.11756283, 22.41182031], [114.11741163, 22.41181787], [114.11725022, 22.41174629], [114.11709138, 22.41163894], [114.11689414, 22.41145528], [114.11680448, 22.4113575], [114.11678535, 22.41114649], [114.11680333, 22.41105351], [114.11685957, 22.41094344], [114.11698027, 22.41078177], [114.1170649, 22.41062682], [114.11702652, 22.41048853], [114.11696889, 22.41041818], [114.11683309, 22.41036091], [114.11656917, 22.41032028], [114.11634493, 22.41026876], [114.11619439, 22.41025347], [114.11578548, 22.4101794], [114.11571078, 22.41012207], [114.11557797, 22.40998517], [114.11509867, 22.40910777], [114.11483453, 22.40865194], [114.11476791, 22.40857916], [114.11468461, 22.40850756], [114.11459362, 22.40845386], [114.11441802, 22.40839773], [114.11432061, 22.40838338], [114.11361401, 22.40836879], [114.11341917, 22.40834009], [114.11300747, 22.40821577], [114.11290494, 22.40816803], [114.11282164, 22.40810478], [114.11276271, 22.40802842], [114.11272044, 22.40794492], [114.11265005, 22.40769311], [114.11263599, 22.40760127], [114.11264245, 22.40749393], [114.11262842, 22.40736391], [114.11265161, 22.40709067], [114.11263369, 22.40701792], [114.11259656, 22.406938], [114.11255044, 22.40687119], [114.11250174, 22.40681867], [114.11245049, 22.40678408], [114.11213111, 22.40662043], [114.11200679, 22.40656551], [114.11189658, 22.40649749], [114.11172868, 22.40642228], [114.11164023, 22.40640078], [114.11105546, 22.40635402], [114.11092729, 22.40631819], [114.11070558, 22.40617975], [114.11057206, 22.40605554], [114.11041319, 22.40586344], [114.11031454, 22.40576919], [114.11012743, 22.4056546], [114.10971575, 22.40551358], [114.10954912, 22.40548012], [114.10919792, 22.40538575], [114.10909153, 22.40536901], [114.10902359, 22.40537375], [114.10890436, 22.40539994], [114.10865628, 22.40549944], [114.10858276, 22.40553739], [114.10852935, 22.40557185], [114.10841247, 22.40567289], [114.10836408, 22.40571846], [114.10828282, 22.40581508], [114.10818418, 22.40587756], [114.10805661, 22.40599672], [114.10794979, 22.40608047], [114.10789262, 22.40611258], [114.10775798, 22.40616745], [114.1076826, 22.40617912], [114.10757896, 22.40616855], [114.10748664, 22.40614456], [114.10740752, 22.40610187], [114.107337, 22.40605099], [114.10727297, 22.40597265], [114.10702552, 22.40554725], [114.10700168, 22.40549406], [114.10699352, 22.40545432], [114.10699858, 22.40540989], [114.10705879, 22.40527923], [114.107086, 22.40519759], [114.10708792, 22.40511436], [114.10705908, 22.40502086], [114.10700007, 22.40493376], [114.10690275, 22.40484992], [114.10684498, 22.40481542], [114.10679286, 22.40480254], [114.10674136, 22.40479609], [114.10662013, 22.40480421], [114.10656421, 22.40482464], [114.1063768, 22.40492274], [114.1060392, 22.40513963], [114.10589593, 22.40524301], [114.1054, 22.40555004], [114.10526333, 22.40562694], [114.10534853, 22.40575355], [114.1054125, 22.40596338], [114.10542519, 22.40618751], [114.10534043, 22.40657729], [114.10522767, 22.40660584], [114.10518344, 22.40664814], [114.10514752, 22.40672919], [114.10507057, 22.40686386], [114.10496547, 22.40694011], [114.10473671, 22.40704431], [114.10466236, 22.40711342], [114.10457128, 22.40732081], [114.1044436, 22.4074063], [114.10432713, 22.40743336], [114.10413241, 22.40737366], [114.1038685, 22.40730679], [114.10351486, 22.40733285], [114.10318173, 22.40730409], [114.10275884, 22.40743741], [114.10220976, 22.40753454], [114.10207682, 22.40754915], [114.1019967, 22.40753839], [114.10167562, 22.40726345], [114.10153728, 22.40717755], [114.10142711, 22.40715844], [114.1012266, 22.40718754], [114.10102675, 22.40727907], [114.100963, 22.40732532], [114.10090177, 22.40734203], [114.10078125, 22.40733456], [114.10073514, 22.40729163], [114.1006891, 22.40714617], [114.10065063, 22.40705237], [114.10058474, 22.40703942], [114.10034899, 22.40704765], [114.10024398, 22.40698671], [114.10017864, 22.40691167], [114.10008025, 22.40668468], [114.10006026, 22.40660057], [114.09974118, 22.40623976], [114.09941562, 22.40581338], [114.09866736, 22.40522896], [114.09839299, 22.40500285], [114.09811488, 22.40479725], [114.09806614, 22.40475614], [114.09786627, 22.40454993], [114.09770139, 22.40442553], [114.09764096, 22.40436633], [114.09759325, 22.40428618], [114.09758108, 22.40422447], [114.09759325, 22.40416471], [114.09758699, 22.40402547], [114.09757066, 22.40394586], [114.09753641, 22.40387425], [114.09743874, 22.4037438], [114.09735068, 22.40368299], [114.09729591, 22.40366043], [114.09691958, 22.40356881], [114.09686673, 22.40353916], [114.0968484, 22.40352122], [114.09682438, 22.40348898], [114.09680662, 22.40343913], [114.09680806, 22.40335567], [114.09690656, 22.40306079], [114.09689385, 22.4030045], [114.09683828, 22.40294306], [114.09678945, 22.40290597], [114.09664563, 22.40283621], [114.09647241, 22.40278584], [114.09622354, 22.40275109], [114.09615706, 22.40271899], [114.09610036, 22.40266857], [114.09604336, 22.40257236], [114.09601954, 22.40249395], [114.09602012, 22.40241789], [114.0960476, 22.40225486], [114.09603683, 22.40217738], [114.09601121, 22.40211418], [114.09594043, 22.40202226], [114.09587459, 22.40195522], [114.09556623, 22.40169991], [114.09555166, 22.40169904], [114.09551562, 22.40166927], [114.09551395, 22.40165687], [114.09545909, 22.40161163], [114.0952498, 22.40146425], [114.09515267, 22.40137013], [114.09510934, 22.40130795], [114.09508037, 22.40123553], [114.09506036, 22.40112644], [114.09505018, 22.40101333], [114.09503366, 22.40095048], [114.09500316, 22.40089201], [114.09495974, 22.40084583], [114.09484811, 22.40075812], [114.09475825, 22.40069808], [114.09456754, 22.4006005], [114.09414405, 22.40036775], [114.09414406, 22.40036096], [114.09413149, 22.40035464], [114.09404744, 22.40032366], [114.09383685, 22.40028586], [114.09368278, 22.40024037], [114.09362396, 22.40021311], [114.09360075, 22.40019587], [114.09357983, 22.40016484], [114.09353633, 22.40000868], [114.09348949, 22.39992808], [114.0934248, 22.39985981], [114.09337538, 22.3998212], [114.09328442, 22.39977262], [114.09313268, 22.39971828], [114.09303892, 22.39969589], [114.09295118, 22.39968944], [114.09281942, 22.39970389], [114.09272181, 22.39968317], [114.09265941, 22.39965372], [114.0925779, 22.39959821], [114.09243487, 22.39951628], [114.09227141, 22.39938265], [114.09222538, 22.39936552], [114.09210591, 22.39935597], [114.09196854, 22.39937046], [114.09191786, 22.3993916], [114.09179907, 22.39946213], [114.09173362, 22.39948618], [114.09164214, 22.39948714], [114.09157696, 22.39945893], [114.09151593, 22.39940786], [114.09146277, 22.39933891], [114.09143585, 22.39928018], [114.09111448, 22.39924909], [114.09101923, 22.39929769], [114.09087605, 22.39944326], [114.09076967, 22.39949924], [114.0906691, 22.39952004], [114.0904129, 22.39945554], [114.09034753, 22.39947934], [114.09025643, 22.39970698], [114.09022053, 22.3997618], [114.08997894, 22.39988028], [114.08990714, 22.39994581], [114.08985585, 22.4000185], [114.08969486, 22.40034683], [114.08943301, 22.40060457], [114.08940572, 22.4006894], [114.08941332, 22.40086226], [114.08940109, 22.40093676], [114.08935621, 22.4010023], [114.08933695, 22.40106905], [114.08933564, 22.40111316], [114.08935288, 22.401227], [114.0892149, 22.40139779], [114.08906958, 22.40145096], [114.08880307, 22.40145201], [114.08858693, 22.40150095], [114.08838215, 22.40153225], [114.08825533, 22.40149046], [114.08808757, 22.40137473], [114.08797867, 22.40135798], [114.08767239, 22.40148418], [114.08732578, 22.4015418], [114.08725527, 22.40159779], [114.08720527, 22.40166452], [114.08710874, 22.40172234], [114.08706319, 22.40174207], [114.08697458, 22.40176096], [114.08688598, 22.40180254], [114.08688164, 22.40184614], [114.0868316, 22.4019689], [114.08672394, 22.40201414], [114.08658429, 22.40202001], [114.08642286, 22.40200682], [114.08626786, 22.40196381], [114.08599457, 22.40181168], [114.08595471, 22.40179734], [114.08580739, 22.40177103], [114.08554472, 22.40179949], [114.08544541, 22.4018036], [114.08530705, 22.40178206], [114.08488056, 22.40156128], [114.08485494, 22.40154219], [114.08480382, 22.40133951], [114.08456904, 22.40089394], [114.08450053, 22.40080885], [114.08440318, 22.40076111], [114.08414187, 22.4006799], [114.08403172, 22.40063215], [114.08386268, 22.40050569], [114.08376277, 22.40046987], [114.08350236, 22.40046015], [114.08334028, 22.40047982], [114.08324901, 22.40044809], [114.08263961, 22.39978018], [114.08259739, 22.3996812], [114.08253746, 22.39924247], [114.08248258, 22.39892653], [114.08245385, 22.39877929], [114.08242828, 22.39870775], [114.08236554, 22.3986446], [114.08196849, 22.39847025], [114.0812326, 22.39821587], [114.08115194, 22.39813777], [114.0811392, 22.39804477], [114.08114699, 22.39790173], [114.0811394, 22.39776224], [114.08108438, 22.39766087], [114.08097938, 22.39757737], [114.0807719, 22.39747353], [114.08062073, 22.39744245], [114.08031361, 22.39740541], [114.07999688, 22.39725226], [114.07974399, 22.39714091], [114.07952359, 22.39705839], [114.07934949, 22.3969559], [114.07925342, 22.39695584], [114.07915475, 22.39699273], [114.078785, 22.39716], [114.07864529, 22.39724575], [114.07854277, 22.39727906], [114.07842492, 22.39725396], [114.07832248, 22.39717402], [114.07831239, 22.39702294], [114.07829363, 22.39695238], [114.07825926, 22.39689801], [114.07815937, 22.39684312], [114.07798517, 22.39678817], [114.07777504, 22.39680473], [114.07750348, 22.39672827], [114.0773049, 22.39655641], [114.07722414, 22.39647138], [114.07707729, 22.39642727], [114.07700821, 22.39641512], [114.07691595, 22.39641507], [114.0765082, 22.39647373], [114.07625964, 22.39648311], [114.07612253, 22.39650806], [114.07582778, 22.3966104], [114.07569452, 22.39664846], [114.07548183, 22.39666025], [114.0751933, 22.39655735], [114.07511623, 22.39653643], [114.07473001, 22.39635342], [114.07463777, 22.39632714], [114.07436258, 22.39636842], [114.07424237, 22.39632479], [114.07407499, 22.39616332], [114.07400995, 22.39603668], [114.07390159, 22.39568413], [114.07381712, 22.39555771], [114.07357389, 22.39528337], [114.07349078, 22.39506517], [114.07346267, 22.39497216], [114.07333212, 22.39479326], [114.07337075, 22.39452626], [114.07341179, 22.39446668], [114.07358866, 22.39438811], [114.0737644, 22.39425198], [114.0741112, 22.39375126], [114.07418304, 22.39361303], [114.07418697, 22.39348786], [114.07406796, 22.39328513], [114.07398347, 22.39321593], [114.07392195, 22.39325523], [114.07385641, 22.39353892], [114.07374612, 22.39367356], [114.07364105, 22.3937021], [114.07358215, 22.39363768], [114.07360401, 22.39354353], [114.0736784, 22.3934184], [114.0736362, 22.39332658], [114.07352297, 22.3932596], [114.07331545, 22.39318045], [114.07239313, 22.39296279], [114.07197705, 22.39258223], [114.07192586, 22.39250591], [114.07182847, 22.39253327], [114.0717349, 22.39259281], [114.07167205, 22.39270125], [114.07164562, 22.39291878], [114.07158643, 22.39296373], [114.07131897, 22.39287566], [114.07118175, 22.39287514], [114.07103586, 22.39284805], [114.07095133, 22.39281462], [114.07089693, 22.39276154], [114.07073831, 22.39244792], [114.07066539, 22.39238111], [114.07058719, 22.39237271], [114.07048081, 22.39243821], [114.07039873, 22.39254544], [114.07033772, 22.39275223], [114.07028897, 22.39284638], [114.07021592, 22.39287375], [114.06995686, 22.39289098], [114.06982639, 22.39296289], [114.06977923, 22.39302903], [114.06966666, 22.39326022], [114.06960256, 22.39331501], [114.0694565, 22.39333398], [114.06932963, 22.39338516], [114.06922716, 22.39336363], [114.06916252, 22.39327954], [114.06912161, 22.39316031], [114.06919689, 22.39298925], [114.06926017, 22.39288384], [114.06926731, 22.39278311], [114.06922768, 22.39267341], [114.06916494, 22.39262212], [114.06902279, 22.39254811], [114.06892799, 22.39253136], [114.06883446, 22.39253845], [114.06849364, 22.39261571], [114.06833156, 22.39262573], [114.06818555, 22.3925851], [114.06801529, 22.39241809], [114.06775836, 22.3923093], [114.0675934, 22.39210488], [114.06743205, 22.39201417], [114.06732972, 22.39181145], [114.06729652, 22.39166838], [114.06714673, 22.39153118], [114.06709689, 22.39138094], [114.06701496, 22.39129745], [114.06693687, 22.3912366], [114.06684079, 22.39122103], [114.06677544, 22.39124363], [114.0667139, 22.3913032], [114.06665875, 22.39137945], [114.06653245, 22.39151824], [114.06645171, 22.39155156], [114.06628772, 22.39157291], [114.06619668, 22.39166106], [114.06613893, 22.39179335], [114.06604794, 22.39183262], [114.06596212, 22.39181707], [114.06583061, 22.39170239], [114.06582344, 22.39155507], [114.06584419, 22.39141116], [114.06606792, 22.39092874], [114.06614938, 22.39077246], [114.06619621, 22.39064324], [114.06614591, 22.39054387], [114.06606887, 22.39049021], [114.06588193, 22.39049911], [114.06574602, 22.39048953], [114.06555646, 22.39043457], [114.06527219, 22.3902627], [114.06515436, 22.3902221], [114.06479839, 22.39000966], [114.06469344, 22.38988085], [114.06464223, 22.38983551], [114.06460555, 22.3897487], [114.06458196, 22.38965442], [114.06458506, 22.38956468], [114.06461124, 22.38947778], [114.06468415, 22.38937003], [114.06474627, 22.38910537], [114.06481696, 22.3887504], [114.06489689, 22.38821371], [114.06494404, 22.38769731], [114.06496324, 22.38645337], [114.06498712, 22.3861836], [114.0649897, 22.38600299], [114.06497353, 22.38573206], [114.06495, 22.38555314], [114.06489438, 22.38528726], [114.06487078, 22.38519976], [114.06466814, 22.38487786], [114.06346954, 22.38506615], [114.06224116, 22.38506077], [114.06120286, 22.38492908], [114.06083389, 22.38489721], [114.06044609, 22.38487774], [114.06005767, 22.38487578], [114.05987983, 22.38490217], [114.05978573, 22.38492468], [114.0596024, 22.38498494], [114.05942937, 22.38506609], [114.05916887, 22.38522168], [114.05907902, 22.38525661], [114.05898553, 22.3852808], [114.05888963, 22.38529428], [114.05872031, 22.38529247], [114.05852671, 22.38527991], [114.0583307, 22.38526452], [114.05571783, 22.38494645], [114.0555795, 22.38491253], [114.05549118, 22.38487518], [114.05540913, 22.38482698], [114.05533491, 22.38476888], [114.05526988, 22.38470192], [114.05519216, 22.38458762], [114.05516899, 22.38449217], [114.05511247, 22.38436758], [114.05506006, 22.38429165], [114.05499697, 22.38422308], [114.05492441, 22.38416319], [114.05484372, 22.38411308], [114.05475642, 22.3840737], [114.05466415, 22.38404579], [114.05461809, 22.38403659], [114.05443767, 22.38402708], [114.05323681, 22.38410822], [114.05309764, 22.38423564], [114.05298829, 22.38435747], [114.05264766, 22.38453104], [114.05227123, 22.38469387], [114.05218623, 22.38473783], [114.05202834, 22.38484269], [114.05195607, 22.38490302], [114.05186009, 22.38500059], [114.05185333, 22.38508976], [114.05194852, 22.38520272], [114.05201461, 22.38526767], [114.05203572, 22.38542121], [114.05201384, 22.38545731], [114.05193428, 22.38550749], [114.05175465, 22.38549662], [114.05156707, 22.38554333], [114.05147177, 22.38555736], [114.05137466, 22.38556575], [114.05118106, 22.38556447], [114.05108397, 22.38555424], [114.05089464, 22.38551684], [114.0507284, 22.38546253], [114.05055064, 22.38538958], [114.05036193, 22.38534879], [114.05016833, 22.38534074], [114.04997592, 22.38536599], [114.04979197, 22.38542285], [114.04969544, 22.38546792], [114.04953815, 22.38557391], [114.0491616, 22.38585864], [114.04873885, 22.38623138], [114.04865688, 22.38627985], [114.04856703, 22.38631308], [114.04847172, 22.3863305], [114.04837461, 22.38633155], [114.04827935, 22.38631624], [114.04818834, 22.38628456], [114.04810523, 22.38623821], [114.04803307, 22.38617833], [114.04724522, 22.38560539], [114.04662779, 22.38516748], [114.04624207, 22.38488045], [114.04617051, 22.38481943], [114.04610624, 22.38475165], [114.04605169, 22.38467711], [114.04600564, 22.38459749], [114.04596992, 22.38451336], [114.04594511, 22.38442642], [114.04593063, 22.38433724], [114.04592707, 22.38424693], [114.04593444, 22.38415663], [114.04595273, 22.38406804], [114.04611696, 22.38367026], [114.04632309, 22.38326124], [114.04646107, 22.3830226], [114.04655938, 22.38287583], [114.04668369, 22.3827881], [114.04674591, 22.38270031], [114.04686774, 22.38258486], [114.04690019, 22.38244867], [114.04700249, 22.38215519], [114.04706213, 22.38209934], [114.04711172, 22.38201201], [114.04722646, 22.38191018], [114.04729498, 22.3816972], [114.04733097, 22.38141519], [114.0473367, 22.38100543], [114.04738137, 22.38097182], [114.04749468, 22.38078779], [114.0475205, 22.38071735], [114.04756812, 22.3806302], [114.04755377, 22.3805166], [114.04750205, 22.38040494], [114.04733728, 22.38020373], [114.0470344, 22.38010295], [114.04690701, 22.38005318], [114.04684045, 22.37998876], [114.04674322, 22.37986232], [114.04667611, 22.37979169], [114.04649999, 22.37968331], [114.04620195, 22.37955791], [114.0460915, 22.37952682], [114.04585968, 22.37948729], [114.04526529, 22.37949397], [114.04512629, 22.37951352], [114.04507756, 22.37955402], [114.04500824, 22.37971728], [114.04493003, 22.37979828], [114.04464165, 22.37995539], [114.04431557, 22.3800344], [114.0441785, 22.38004263], [114.04387357, 22.3800865], [114.04375373, 22.38014659], [114.04328701, 22.38061826], [114.04316655, 22.38066108], [114.04302178, 22.38068002], [114.04285562, 22.38064681], [114.04273652, 22.38059783], [114.04264947, 22.38054531], [114.042597, 22.38048328], [114.04254458, 22.38039026], [114.04249787, 22.38034075], [114.04234416, 22.38032871], [114.04182395, 22.38045463], [114.04156901, 22.38048422], [114.04122306, 22.38044733], [114.0410259, 22.38045754], [114.04081834, 22.3804979], [114.04072094, 22.38055027], [114.04063375, 22.38062409], [114.0406067, 22.38071128], [114.04059694, 22.38082408], [114.04057099, 22.38095731], [114.04050421, 22.38104309], [114.04046475, 22.38106936], [114.04037766, 22.3811089], [114.04024704, 22.38113337], [114.04001206, 22.38114023], [114.03955072, 22.38111198], [114.03906734, 22.38120482], [114.03886368, 22.381192], [114.03872342, 22.3811371], [114.03855618, 22.3810164], [114.03834073, 22.38075989], [114.03823894, 22.38068736], [114.03785554, 22.38062016], [114.0377657, 22.38058108], [114.03734057, 22.38029096], [114.03704102, 22.38025726], [114.03672953, 22.3801734], [114.03662765, 22.38018447], [114.03638782, 22.38035699], [114.03628581, 22.38050736], [114.03618387, 22.38059086], [114.0354764, 22.38063959], [114.03542118, 22.38062646], [114.03554943, 22.38047757], [114.03583084, 22.38022808], [114.03587573, 22.3801721], [114.03590527, 22.38009345], [114.03592635, 22.37999815], [114.0359508, 22.37995917], [114.03595345, 22.3799427], [114.03601627, 22.37989985], [114.03616237, 22.37982487], [114.03623543, 22.37976794], [114.03626451, 22.37952755], [114.03630557, 22.37945368], [114.03639923, 22.37931907], [114.0364403, 22.37922851], [114.03641603, 22.3790873], [114.03642819, 22.37895282], [114.03643611, 22.37893467], [114.03655021, 22.37882987], [114.03662397, 22.37874113], [114.03664453, 22.37867201], [114.03663179, 22.37860047], [114.0365768, 22.37851937], [114.03641931, 22.37845009], [114.03637709, 22.37841072], [114.03616298, 22.37796174], [114.03609898, 22.37790566], [114.03601834, 22.37785433], [114.03589089, 22.37782621], [114.03487301, 22.37787223], [114.03445498, 22.37782852], [114.03386731, 22.37757172], [114.0337354, 22.37755133], [114.03355474, 22.37758932], [114.03346568, 22.3776411], [114.03342463, 22.37770543], [114.03342711, 22.37778649], [114.03346624, 22.37791122], [114.03361316, 22.3780948], [114.03365792, 22.37816159], [114.03367378, 22.37821581], [114.03362958, 22.37832368], [114.03355524, 22.37836891], [114.03346941, 22.3783736], [114.03327904, 22.3785135], [114.03321752, 22.3785492], [114.03316374, 22.37853723], [114.03301182, 22.37845494], [114.0328744, 22.3783987], [114.03278983, 22.37842247], [114.03261028, 22.37863687], [114.03254258, 22.37868309], [114.03249237, 22.37870114], [114.03241039, 22.3786963], [114.03232078, 22.378639], [114.03229526, 22.37855553], [114.0323647, 22.37827905], [114.03232381, 22.37819319], [114.03227476, 22.37814335], [114.03221966, 22.37797038], [114.03200082, 22.37773453], [114.03204456, 22.37755936], [114.03205297, 22.37748367], [114.03204406, 22.37743478], [114.03201593, 22.37738112], [114.03191356, 22.37728566], [114.03166807, 22.37685314], [114.03159962, 22.37678652], [114.03155742, 22.376709], [114.03153448, 22.37660648], [114.03151982, 22.37646658], [114.03148819, 22.3763617], [114.03126652, 22.37616359], [114.0311809, 22.37603937], [114.03113949, 22.37581702], [114.03093477, 22.3756118], [114.03085307, 22.37534472], [114.03066883, 22.3751443], [114.03061414, 22.37496258], [114.03048708, 22.37476658], [114.03397044, 22.37474187], [114.03460077, 22.37066368], [114.03545543, 22.36999808], [114.03554193, 22.36995705], [114.03598293, 22.36976848], [114.03643666, 22.36960813], [114.03690102, 22.3694767], [114.03718384, 22.369412], [114.03738618, 22.36937511], [114.03757941, 22.36935797], [114.03767647, 22.36935628], [114.03777352, 22.36935917], [114.03796648, 22.36937871], [114.04008626, 22.36982638], [114.04018214, 22.36982942], [114.04023617, 22.36981821], [114.04026607, 22.36978624], [114.04029247, 22.36972243], [114.04031953, 22.36904684], [114.04032213, 22.36838516], [114.04031438, 22.36829518], [114.04029652, 22.36820646], [114.04026875, 22.36811997], [114.04023136, 22.36803668], [114.0401848, 22.36795748], [114.04012954, 22.36788328], [114.04006621, 22.36781488], [114.03999551, 22.36775304], [114.03991823, 22.36769845], [114.03983521, 22.3676517], [114.03968509, 22.36759213], [114.03782911, 22.36699333], [114.03726683, 22.36685196], [114.03658468, 22.3667201], [114.03621259, 22.36661701], [114.03594079, 22.36651975], [114.03567657, 22.36640585], [114.0354211, 22.36627581], [114.03500627, 22.36603487], [114.03482089, 22.36568921], [114.03471932, 22.36541609], [114.03452859, 22.365153], [114.03482016, 22.36491638], [114.0348859, 22.36477899], [114.03489975, 22.36473084], [114.03494778, 22.36462501], [114.03498118, 22.36451167], [114.03498136, 22.36433288], [114.03493889, 22.36410441], [114.03471496, 22.36391552], [114.03439117, 22.36328978], [114.03431337, 22.36311798], [114.03412287, 22.36279656], [114.03400326, 22.36266679], [114.03391396, 22.36257935], [114.03383423, 22.36252197], [114.03368383, 22.36243448], [114.03354603, 22.36237047], [114.03324306, 22.36230087], [114.03313551, 22.36226778], [114.03304866, 22.36226535], [114.03263165, 22.36228257], [114.03218233, 22.36224391], [114.03190684, 22.36218719], [114.03155352, 22.36204757], [114.03135599, 22.36189137], [114.03103882, 22.36155117], [114.03081148, 22.36123891], [114.0307144, 22.36103161], [114.03065605, 22.36092672], [114.03050047, 22.36074269], [114.03035128, 22.36063499], [114.02996158, 22.36047473], [114.02984185, 22.36039103], [114.02958462, 22.36003417], [114.02924352, 22.35966608], [114.02910458, 22.35955408], [114.02868557, 22.35926199], [114.02861893, 22.3591964], [114.0285617, 22.35912353], [114.02851478, 22.35904453], [114.02847893, 22.35896068], [114.02845471, 22.35887329], [114.02844251, 22.35878376], [114.02844252, 22.35869351], [114.02903665, 22.35357388], [113.99458112, 22.32463511], [113.99460004, 22.31418915], [114.00696615, 22.31392893], [114.00710656, 22.31407477], [114.00728, 22.31423287], [114.00743933, 22.31435082], [114.00761646, 22.31444425], [114.00774231, 22.31449178], [114.00787278, 22.31452687], [114.00796127, 22.3145431], [114.0080292, 22.31454366], [114.00830019, 22.31452687], [114.00850094, 22.31449449], [114.00896654, 22.31439629], [114.00910207, 22.31439905], [114.00923305, 22.31443154], [114.00935207, 22.31449192], [114.00940495, 22.31453156], [114.00945841, 22.31458804], [114.00963633, 22.31481778], [114.0098099, 22.31501134], [114.00987182, 22.31498541], [114.00998449, 22.3149152], [114.01003384, 22.31487182], [114.01009098, 22.31480661], [114.01011356, 22.31474702], [114.01013897, 22.31462304], [114.01013736, 22.31449684], [114.01012599, 22.31443278], [114.01008767, 22.31438068], [114.01005959, 22.3143232], [114.01004259, 22.31426208], [114.01003719, 22.31419914], [114.01004352, 22.31413629], [114.01006161, 22.31407493], [114.01009213, 22.31401856], [114.01013306, 22.3139682], [114.01018307, 22.31392554], [114.01024051, 22.31389196], [114.01046456, 22.31385515], [114.07269294, 22.31253], [114.07242548, 22.36197202], [114.07898617, 22.36483369], [114.11009405, 22.36474022], [114.11008159, 22.36000634], [114.11282671, 22.36049755], [114.11322548, 22.36059192], [114.11352426, 22.36069296], [114.11388037, 22.36085049], [114.11409272, 22.36096758], [114.11444721, 22.36120423], [114.11545549, 22.3621049], [114.11577719, 22.36230812], [114.11601869, 22.36243807], [114.11650849, 22.36268311], [114.11676018, 22.36279784], [114.11680012, 22.36282732], [114.11924175, 22.36367409], [114.11947912, 22.36379273], [114.11968569, 22.36392248], [114.11992557, 22.36410731], [114.12009824, 22.36426912], [114.12042739, 22.36471025], [114.12059862, 22.36498665], [114.12081184, 22.36538091], [114.12090909, 22.36559668], [114.12097852, 22.3658129], [114.12103266, 22.36606982], [114.12108759, 22.36637737], [114.12114199, 22.36654289], [114.12120338, 22.36667552], [114.1213454, 22.36691033], [114.12149014, 22.36712242], [114.12167071, 22.36744742], [114.12235072, 22.36849757], [114.12295092, 22.36939432], [114.12318292, 22.36979195], [114.12325896, 22.36995493], [114.12333408, 22.37016322], [114.12338902, 22.37037212], [114.12603808, 22.37060597], [114.12931985, 22.37094493], [114.12949921, 22.37095596], [114.12986236, 22.37094542], [114.13003429, 22.37092683], [114.13019934, 22.37089998], [114.13039719, 22.37085292], [114.13065152, 22.37077002], [114.13078276, 22.37071616], [114.13103651, 22.37058617], [114.13217103, 22.36989666], [114.13277993, 22.36950652], [114.133089, 22.36970335], [114.13321458, 22.36976039], [114.13340672, 22.36982201], [114.13379862, 22.36997946], [114.13394195, 22.37000565], [114.13406304, 22.3699947], [114.13421054, 22.3699477], [114.13446744, 22.3698025], [114.13447594, 22.37017508], [114.13450536, 22.37042983], [114.13458533, 22.37070419], [114.13468019, 22.37093396], [114.13477102, 22.37105529], [114.13489868, 22.37120642], [114.13508476, 22.3713741], [114.13517668, 22.37144527], [114.13603941, 22.3720437], [114.13611145, 22.37212917], [114.13632186, 22.37247599], [114.13635598, 22.3725631], [114.13638255, 22.37278772], [114.13637519, 22.37523486], [114.13638138, 22.37560603], [114.13640159, 22.37586824], [114.13643368, 22.37604584], [114.13649756, 22.37630878], [114.13650693, 22.37639668], [114.13656251, 22.37659544], [114.13720339, 22.37835263], [114.13729188, 22.37853374], [114.13738917, 22.37882468], [114.1374662, 22.37908603], [114.13748574, 22.37931445], [114.13747102, 22.37946701], [114.13743532, 22.37961751], [114.13738074, 22.37976395], [114.13730747, 22.3798939], [114.13723239, 22.38000342], [114.13712882, 22.3801053], [114.13700643, 22.38021031], [114.13684114, 22.38031111], [114.13666161, 22.38038436], [114.13647083, 22.3804161], [114.13624355, 22.38043297], [114.13599468, 22.38042551], [114.13598163, 22.38052656], [114.13598516, 22.38063149], [114.13602328, 22.38084441], [114.13604302, 22.38089363], [114.13595665, 22.38092676], [114.13583958, 22.38098894], [114.13550916, 22.38109899], [114.13532517, 22.38114852], [114.13523461, 22.38119351], [114.13518736, 22.38123421], [114.13515195, 22.38128728], [114.13504299, 22.38153359], [114.13524944, 22.38157972], [114.13554775, 22.38162697], [114.13581912, 22.38165172], [114.13647585, 22.3816812], [114.13671532, 22.38168395], [114.13678502, 22.38176015], [114.13699889, 22.38189143], [114.13711716, 22.38197616], [114.13740394, 22.38211309], [114.13756339, 22.38214347], [114.13772292, 22.38214662], [114.13801022, 22.3821011], [114.1382566, 22.38201462], [114.13840251, 22.38199594], [114.13853467, 22.38200719], [114.1391046, 22.38221227], [114.13927983, 22.38232877], [114.14141408, 22.38360147], [114.14163622, 22.38371156], [114.1418194, 22.38378621], [114.14195254, 22.38382421], [114.14306539, 22.3842716], [114.14323725, 22.38436254], [114.14330725, 22.38437977], [114.14337407, 22.38441714], [114.14343883, 22.38446494], [114.14351503, 22.38450231], [114.14357577, 22.38451953], [114.14446687, 22.38444508], [114.14441482, 22.38379586], [114.14447825, 22.38363231], [114.14448265, 22.38341847], [114.1445964, 22.38332428], [114.14464987, 22.38322662], [114.14464496, 22.38295845], [114.14461267, 22.38283303], [114.14458596, 22.3827839], [114.14451015, 22.38274111], [114.14436101, 22.3826856], [114.14423613, 22.38254918], [114.1441771, 22.38250986], [114.14407954, 22.38246938], [114.14389124, 22.38247166], [114.14385085, 22.38243466], [114.14372039, 22.38222137], [114.14372974, 22.38210289], [114.14382301, 22.3819116], [114.14383798, 22.3816839], [114.14379634, 22.38162262], [114.14376156, 22.38160701], [114.14355772, 22.38159773], [114.1434788, 22.38157979], [114.1432818, 22.38156588], [114.14316683, 22.3815884], [114.14302511, 22.38167043], [114.14291511, 22.38167966], [114.14288839, 22.38167272], [114.14288094, 22.38165654], [114.14287598, 22.38159065], [114.14288345, 22.38155424], [114.14299037, 22.38143347], [114.14302518, 22.38141094], [114.1431327, 22.38136992], [114.14333841, 22.38130639], [114.14342169, 22.38128792], [114.14358827, 22.38119721], [114.14362432, 22.38114809], [114.14377665, 22.38086261], [114.14394507, 22.38081988], [114.14429309, 22.38078296], [114.14439626, 22.38071478], [114.14439567, 22.38063328], [114.14424903, 22.38053732], [114.14413658, 22.38039397], [114.14410737, 22.38037142], [114.14400421, 22.38037776], [114.14379661, 22.38049851], [114.1437208, 22.38049618], [114.14365866, 22.38047363], [114.14359031, 22.3804372], [114.14356359, 22.38037362], [114.14381371, 22.37919002], [114.14409275, 22.37915367], [114.14416049, 22.37911611], [114.14423197, 22.37905602], [114.14423447, 22.37900343], [114.14417051, 22.37878553], [114.14417553, 22.37856649], [114.14422467, 22.37839368], [114.14428869, 22.37834342], [114.14438439, 22.37834575], [114.14440862, 22.37835731], [114.14444402, 22.37847176], [114.14447691, 22.37865324], [114.14455334, 22.37871683], [114.14472423, 22.37873536], [114.14490322, 22.37870072], [114.14495169, 22.37870535], [114.1452133, 22.37878342], [114.14539908, 22.37890599], [114.14541897, 22.3789083], [114.14568064, 22.3787078], [114.14573971, 22.37856447], [114.14600645, 22.37840616], [114.14610393, 22.37832066], [114.14617979, 22.37812821], [114.14619471, 22.37811434], [114.14628294, 22.37810742], [114.14636995, 22.37813517], [114.14650603, 22.37819589], [114.14659861, 22.37828492], [114.14664019, 22.37841338], [114.14668678, 22.37861726], [114.14672593, 22.37863749], [114.14695088, 22.37866296], [114.14702917, 22.3787306], [114.1471124, 22.37892249], [114.14715652, 22.37895429], [114.14720996, 22.37896355], [114.14731748, 22.3789156], [114.14735166, 22.37890867], [114.14753312, 22.37892488], [114.14900951, 22.3802802], [114.1491717, 22.38039942], [114.14930035, 22.38042258], [114.14955728, 22.38042292], [114.14963434, 22.38043694], [114.14984742, 22.38052096], [114.14997926, 22.38052378], [114.15007078, 22.38050532], [114.15023571, 22.38059884], [114.1504819, 22.38068678], [114.15068395, 22.38080655], [114.15107424, 22.38098696], [114.15145649, 22.38109564], [114.15157267, 22.38117573], [114.15161119, 22.38121156], [114.15175564, 22.38139074], [114.15186219, 22.3814473], [114.1519567, 22.38145683], [114.15208253, 22.38143167], [114.15217884, 22.38143056], [114.15227636, 22.381486], [114.15235401, 22.381542], [114.1524738, 22.38158065], [114.15260985, 22.38158795], [114.15268572, 22.38156668], [114.15278445, 22.38156446], [114.15290905, 22.38161207], [114.1530132, 22.38166246], [114.15316971, 22.38172016], [114.1532552, 22.38172801], [114.15343038, 22.38172579], [114.1534957, 22.38171372], [114.15385301, 22.38159205], [114.15409683, 22.38157697], [114.15429427, 22.38160275], [114.1545116, 22.38169907], [114.15451341, 22.38170635], [114.15452845, 22.38170915], [114.15461995, 22.3817769], [114.15462898, 22.3817769], [114.15465246, 22.38180155], [114.15467353, 22.38180323], [114.1552823, 22.38213504], [114.15556726, 22.38252114], [114.15584404, 22.3827263], [114.15602345, 22.3827931], [114.15619407, 22.38282183], [114.15654863, 22.38292434], [114.15678281, 22.38302402], [114.15689236, 22.3831125], [114.15690981, 22.38311866], [114.15698927, 22.38320321], [114.15705488, 22.38329671], [114.15712048, 22.38346021], [114.15714995, 22.38364777], [114.15707154, 22.38428871], [114.15701, 22.38442703], [114.15700998, 22.38462261], [114.15723549, 22.38490885], [114.15732262, 22.3849995], [114.15742548, 22.38506427], [114.15754106, 22.38510963], [114.15774033, 22.38512197], [114.15800039, 22.38524462], [114.15808407, 22.38529221], [114.15829897, 22.38543893], [114.15840672, 22.38549268], [114.15840973, 22.38550276], [114.15854218, 22.38556212], [114.15867521, 22.38563492], [114.15877334, 22.38571667], [114.15895634, 22.38582755], [114.15914716, 22.38596025], [114.15923867, 22.38601065], [114.15925071, 22.38602465], [114.15926215, 22.38602465], [114.1593669, 22.3860952], [114.15943973, 22.38615401], [114.15945418, 22.38615793], [114.15962333, 22.38627552], [114.16014888, 22.38653927], [114.16045228, 22.38672574], [114.16046732, 22.3867291], [114.16060097, 22.38683605], [114.16068404, 22.38696427], [114.1608658, 22.38738586], [114.16087121, 22.38738586], [114.16093563, 22.38751912], [114.16101268, 22.38762662], [114.16130042, 22.38789091], [114.16174105, 22.38851968], [114.1617874, 22.38860254], [114.16179521, 22.38862999], [114.16180123, 22.38862999], [114.16196015, 22.3889144], [114.16209437, 22.38918652], [114.16210039, 22.38918652], [114.16214433, 22.38925259], [114.16216962, 22.38931306], [114.16217564, 22.38931306], [114.16233937, 22.38954822], [114.16254371, 22.38998441], [114.16271948, 22.39040407], [114.16275883, 22.39085612], [114.16279821, 22.39095998], [114.16290322, 22.39109132], [114.16308372, 22.39125322], [114.16327407, 22.39134485], [114.16352482, 22.39153917], [114.16372174, 22.39165524], [114.1639843, 22.39170719], [114.1641681, 22.39172552], [114.16430267, 22.39178358], [114.16465382, 22.39218067], [114.16477525, 22.3922326], [114.16512664, 22.39226623], [114.16515928, 22.39228173], [114.16518374, 22.39246795], [114.16522311, 22.39259012], [114.16532484, 22.39273979], [114.16547253, 22.39284365], [114.16573182, 22.39297806], [114.16625038, 22.3931919], [114.16704033, 22.39347724], [114.16728648, 22.39360554], [114.16748668, 22.39375522], [114.16761789, 22.39390784], [114.16782143, 22.39417979], [114.1681433, 22.39480073], [114.16818268, 22.39494429], [114.16814656, 22.39505425], [114.16809403, 22.39514586], [114.16798902, 22.39528332], [114.16765117, 22.39559317], [114.16763476, 22.39567868], [114.16769709, 22.39596275], [114.16764786, 22.39613073], [114.16764784, 22.39631094], [114.16763799, 22.39643921], [114.16759202, 22.39662553], [114.1675756, 22.39677213], [114.16758215, 22.3969493], [114.16762806, 22.39713297], [114.1677101, 22.3972918], [114.16773636, 22.39737122], [114.16769368, 22.39745063], [114.16756894, 22.39756363], [114.1673359, 22.39775604], [114.16712401, 22.39786515], [114.16687313, 22.39795092], [114.16687137, 22.39801623], [114.16685881, 22.3980615], [114.16683646, 22.39809897], [114.16679038, 22.39814682], [114.16672735, 22.39818995], [114.16663289, 22.39823132], [114.16651647, 22.39825963], [114.16643586, 22.39826532], [114.16626196, 22.39824125], [114.16623647, 22.39824598], [114.16621454, 22.39825992], [114.16620054, 22.39828261], [114.16619851, 22.39830881], [114.16624255, 22.3983868], [114.16631057, 22.39845467], [114.16641066, 22.39849452], [114.16644917, 22.39851716], [114.16645724, 22.39853861], [114.16644436, 22.39856031], [114.16641971, 22.39857264], [114.16638829, 22.39857433], [114.16621835, 22.39852531], [114.16613102, 22.39852721], [114.16607984, 22.39854176], [114.16601394, 22.39857645], [114.16598107, 22.39860728], [114.16595958, 22.39866521], [114.16596549, 22.39870313], [114.16598931, 22.39875687], [114.16606381, 22.39887157], [114.16608966, 22.39901708], [114.166122, 22.39907333], [114.16618262, 22.39909758], [114.16634499, 22.39909791], [114.16641648, 22.39912028], [114.16663589, 22.39927688], [114.16687957, 22.39938679], [114.16696153, 22.39945196], [114.16703273, 22.39957269], [114.16708818, 22.39971152], [114.16710777, 22.39983151], [114.16711159, 22.39996983], [114.16713124, 22.40006947], [114.16725565, 22.40036219], [114.16730323, 22.40043227], [114.16734344, 22.40047047], [114.16739883, 22.40050221], [114.16749704, 22.40054189], [114.1675556, 22.40058434], [114.16759731, 22.40063661], [114.16763384, 22.40072039], [114.16766902, 22.40077536], [114.16785086, 22.40094619], [114.1678797, 22.4009843], [114.16789203, 22.40102009], [114.16789344, 22.40105976], [114.16788409, 22.40109925], [114.16784484, 22.40117928], [114.16774466, 22.40130196], [114.16754146, 22.40150221], [114.16745116, 22.40161121], [114.16739825, 22.40169194], [114.16727558, 22.40192179], [114.16728489, 22.40197132], [114.16729396, 22.40198453], [114.16739379, 22.4020386], [114.16746354, 22.40209144], [114.16754496, 22.40217426], [114.16760584, 22.40225358], [114.16763982, 22.40231287], [114.16767478, 22.40239962], [114.16768884, 22.40247023], [114.16769176, 22.40254778], [114.16768268, 22.40258295], [114.16766337, 22.40261011], [114.16763406, 22.40262783], [114.16760187, 22.40263268], [114.16754664, 22.40261415], [114.16741626, 22.40253116], [114.16735032, 22.40251132], [114.16729656, 22.4025074], [114.16725516, 22.40251508], [114.16722201, 22.40253171], [114.16718766, 22.40257108], [114.1671786, 22.40260979], [114.16718709, 22.40265433], [114.16726832, 22.4028063], [114.16730581, 22.40290604], [114.16733864, 22.40305982], [114.16734624, 22.40314499], [114.16732608, 22.40321858], [114.16719837, 22.4035087], [114.16716749, 22.40353574], [114.16713391, 22.40362762], [114.16713967, 22.40365895], [114.16710068, 22.4038032], [114.16708615, 22.40392158], [114.16709169, 22.4040486], [114.16712903, 22.40426812], [114.16717365, 22.40443007], [114.16721488, 22.40452679], [114.16726665, 22.40459835], [114.16732728, 22.40465424], [114.16768653, 22.40489648], [114.16771958, 22.40494159], [114.16772128, 22.40499957], [114.16769043, 22.40505164], [114.16736808, 22.40539139], [114.16728058, 22.40550323], [114.16724971, 22.40557538], [114.16722522, 22.4057354], [114.16720506, 22.40578169], [114.16717628, 22.40582338], [114.16711682, 22.40587657], [114.1668901, 22.4060193], [114.16671423, 22.4061544], [114.16666209, 22.40620939], [114.16664555, 22.40625328], [114.16664538, 22.40630167], [114.16665754, 22.4063604], [114.16672148, 22.40656118], [114.16672683, 22.40663592], [114.16671172, 22.40668701], [114.16668732, 22.40672588], [114.16653938, 22.40687384], [114.16650172, 22.40693718], [114.16649702, 22.40697776], [114.1665163, 22.40712357], [114.16651954, 22.40721371], [114.16651087, 22.40728228], [114.16648935, 22.40734232], [114.16646464, 22.40738096], [114.16643574, 22.407409], [114.16629818, 22.4074746], [114.16619129, 22.40759663], [114.1660353, 22.40770557], [114.16598977, 22.40775273], [114.16592322, 22.4079041], [114.16571867, 22.40829953], [114.16566661, 22.4083688], [114.16556054, 22.40847999], [114.16546911, 22.40859229], [114.16533211, 22.40882966], [114.16527781, 22.4089546], [114.16524493, 22.40906498], [114.16522721, 22.40918108], [114.16521964, 22.40951689], [114.16520888, 22.40955448], [114.16521154, 22.40964342], [114.16522976, 22.40969101], [114.16528192, 22.40975629], [114.16548842, 22.40989427], [114.16563024, 22.41003148], [114.1656683, 22.41009058], [114.16568104, 22.41015843], [114.16566928, 22.41021986], [114.16559908, 22.41037456], [114.16558297, 22.41047417], [114.1656254, 22.4106098], [114.16566285, 22.41068338], [114.16566156, 22.41074815], [114.16564463, 22.41081098], [114.16561292, 22.41086867], [114.16556414, 22.41092163], [114.16533796, 22.41107228], [114.16527069, 22.4111329], [114.16522274, 22.41120633], [114.16521665, 22.41124476], [114.16522291, 22.4112856], [114.16524322, 22.41132498], [114.16527562, 22.41135659], [114.16536613, 22.41138891], [114.16543738, 22.4113942], [114.1656036, 22.41137824], [114.16579189, 22.41138944], [114.16593719, 22.41141121], [114.16600081, 22.4114383], [114.16609623, 22.4114624], [114.16694297, 22.41179804], [114.16731865, 22.41192606], [114.1673937, 22.4119591], [114.16770754, 22.41203477], [114.16783837, 22.41207863], [114.1678939, 22.41211497], [114.16794183, 22.4121602], [114.16807162, 22.41221508], [114.16814885, 22.41223413], [114.16820496, 22.41226937], [114.16825901, 22.41228206], [114.16866394, 22.4124527], [114.16882891, 22.41257804], [114.1689866, 22.41271124], [114.16913656, 22.41285193], [114.16919477, 22.41292776]]]]}, "properties": {"GmlID": "DCD.13", "OBJECTID": 13, "AREA_ID": "K", "AREA_CODE": "TW", "NAME_TC": "荃灣區", "NAME_EN": "Tsuen Wan District", "REGION": "NT", "Shape_Length": 62947.38183187, "Shape_Area": 84270184.64518692}}, {"type": "Feature", "geometry": {"type": "MultiPolygon", "coordinates": [[[[113.86673344, 22.32675397], [113.86665344, 22.32653229], [113.86631511, 22.32559491], [113.86603265, 22.32481229], [113.86588839, 22.32441259], [113.86586434, 22.32434597], [113.86586861, 22.32434598], [113.86586908, 22.32434598], [113.86744776, 22.32435014], [113.87232246, 22.32436291], [113.87350439, 22.32436598], [113.88384077, 22.32439249], [113.88572443, 22.32439725], [113.8857325, 22.32439727], [113.88981011, 22.3244075], [113.95778758, 22.32456289], [113.99458112, 22.32463511], [114.01932254, 22.34541707], [114.02903665, 22.35357388], [114.02844252, 22.35869351], [114.02844251, 22.35878376], [114.02845471, 22.35887329], [114.02847893, 22.35896068], [114.02851478, 22.35904453], [114.0285617, 22.35912353], [114.02861893, 22.3591964], [114.02868557, 22.35926199], [114.02910458, 22.35955408], [114.02924352, 22.35966608], [114.02958462, 22.36003417], [114.02984185, 22.36039103], [114.02996158, 22.36047473], [114.03035128, 22.36063499], [114.03050047, 22.36074269], [114.03065605, 22.36092672], [114.0307144, 22.36103161], [114.03081148, 22.36123891], [114.03103882, 22.36155117], [114.03135599, 22.36189137], [114.03155352, 22.36204757], [114.03190684, 22.36218719], [114.03218233, 22.36224391], [114.03263165, 22.36228257], [114.03304866, 22.36226535], [114.03313551, 22.36226778], [114.03324306, 22.36230087], [114.03354603, 22.36237047], [114.03368383, 22.36243448], [114.03383423, 22.36252197], [114.03391396, 22.36257935], [114.03400326, 22.36266679], [114.03412287, 22.36279656], [114.03431337, 22.36311798], [114.03439117, 22.36328978], [114.03471496, 22.36391552], [114.03493889, 22.36410441], [114.03498136, 22.36433288], [114.03498118, 22.36451167], [114.03494778, 22.36462501], [114.03489975, 22.36473084], [114.0348859, 22.36477899], [114.03482016, 22.36491638], [114.03452859, 22.365153], [114.03471932, 22.36541609], [114.03482089, 22.36568921], [114.03500627, 22.36603487], [114.0354211, 22.36627581], [114.03567657, 22.36640585], [114.03594079, 22.36651975], [114.03621259, 22.36661701], [114.03658468, 22.3667201], [114.03726683, 22.36685196], [114.03782911, 22.36699333], [114.03968509, 22.36759213], [114.03983521, 22.3676517], [114.03991823, 22.36769845], [114.03999551, 22.36775304], [114.04006621, 22.36781488], [114.04012954, 22.36788328], [114.0401848, 22.36795748], [114.04023136, 22.36803668], [114.04026875, 22.36811997], [114.04029652, 22.36820646], [114.04031438, 22.36829518], [114.04032213, 22.36838516], [114.04031953, 22.36904684], [114.04029247, 22.36972243], [114.04026607, 22.36978624], [114.04023617, 22.36981821], [114.04018214, 22.36982942], [114.04008626, 22.36982638], [114.03796648, 22.36937871], [114.03777352, 22.36935917], [114.03767647, 22.36935628], [114.03757941, 22.36935797], [114.03738618, 22.36937511], [114.03718384, 22.369412], [114.03690102, 22.3694767], [114.03643666, 22.36960813], [114.03598293, 22.36976848], [114.03554193, 22.36995705], [114.03545543, 22.36999808], [114.03460077, 22.37066368], [114.03397044, 22.37474187], [114.03048708, 22.37476658], [114.03061414, 22.37496258], [114.03066883, 22.3751443], [114.03085307, 22.37534472], [114.03093477, 22.3756118], [114.03113949, 22.37581702], [114.0311809, 22.37603937], [114.03126652, 22.37616359], [114.03148819, 22.3763617], [114.03151982, 22.37646658], [114.03153448, 22.37660648], [114.03155742, 22.376709], [114.03159962, 22.37678652], [114.03166807, 22.37685314], [114.03191356, 22.37728566], [114.03201593, 22.37738112], [114.03204406, 22.37743478], [114.03205297, 22.37748367], [114.03204456, 22.37755936], [114.03200082, 22.37773453], [114.03221966, 22.37797038], [114.03227476, 22.37814335], [114.03232381, 22.37819319], [114.0323647, 22.37827905], [114.03229526, 22.37855553], [114.03232078, 22.378639], [114.03241039, 22.3786963], [114.03249237, 22.37870114], [114.03254258, 22.37868309], [114.03261028, 22.37863687], [114.03278983, 22.37842247], [114.0328744, 22.3783987], [114.03301182, 22.37845494], [114.03316374, 22.37853723], [114.03321752, 22.3785492], [114.03327904, 22.3785135], [114.03346941, 22.3783736], [114.03355524, 22.37836891], [114.03362958, 22.37832368], [114.03367378, 22.37821581], [114.03365792, 22.37816159], [114.03361316, 22.3780948], [114.03346624, 22.37791122], [114.03342711, 22.37778649], [114.03342463, 22.37770543], [114.03346568, 22.3776411], [114.03355474, 22.37758932], [114.0337354, 22.37755133], [114.03386731, 22.37757172], [114.03445498, 22.37782852], [114.03487301, 22.37787223], [114.03589089, 22.37782621], [114.03601834, 22.37785433], [114.03609898, 22.37790566], [114.03616298, 22.37796174], [114.03637709, 22.37841072], [114.03641931, 22.37845009], [114.0365768, 22.37851937], [114.03663179, 22.37860047], [114.03664453, 22.37867201], [114.03662397, 22.37874113], [114.03655021, 22.37882987], [114.03643611, 22.37893467], [114.03642819, 22.37895282], [114.03641603, 22.3790873], [114.0364403, 22.37922851], [114.03639923, 22.37931907], [114.03630557, 22.37945368], [114.03626451, 22.37952755], [114.03623543, 22.37976794], [114.03616237, 22.37982487], [114.03601627, 22.37989985], [114.03595345, 22.3799427], [114.0359508, 22.37995917], [114.03592635, 22.37999815], [114.03590527, 22.38009345], [114.03587573, 22.3801721], [114.03583084, 22.38022808], [114.03554943, 22.38047757], [114.03542118, 22.38062646], [114.0354764, 22.38063959], [114.03618387, 22.38059086], [114.03628581, 22.38050736], [114.03638782, 22.38035699], [114.03662765, 22.38018447], [114.03672953, 22.3801734], [114.03704102, 22.38025726], [114.03734057, 22.38029096], [114.0377657, 22.38058108], [114.03785554, 22.38062016], [114.03823894, 22.38068736], [114.03834073, 22.38075989], [114.03855618, 22.3810164], [114.03872342, 22.3811371], [114.03886368, 22.381192], [114.03906734, 22.38120482], [114.03955072, 22.38111198], [114.04001206, 22.38114023], [114.04024704, 22.38113337], [114.04037766, 22.3811089], [114.04046475, 22.38106936], [114.04050421, 22.38104309], [114.04057099, 22.38095731], [114.04059694, 22.38082408], [114.0406067, 22.38071128], [114.04063375, 22.38062409], [114.04072094, 22.38055027], [114.04081834, 22.3804979], [114.0410259, 22.38045754], [114.04122306, 22.38044733], [114.04156901, 22.38048422], [114.04182395, 22.38045463], [114.04234416, 22.38032871], [114.04249787, 22.38034075], [114.04254458, 22.38039026], [114.042597, 22.38048328], [114.04264947, 22.38054531], [114.04273652, 22.38059783], [114.04285562, 22.38064681], [114.04302178, 22.38068002], [114.04316655, 22.38066108], [114.04328701, 22.38061826], [114.04375373, 22.38014659], [114.04387357, 22.3800865], [114.0441785, 22.38004263], [114.04431557, 22.3800344], [114.04464165, 22.37995539], [114.04493003, 22.37979828], [114.04500824, 22.37971728], [114.04507756, 22.37955402], [114.04512629, 22.37951352], [114.04526529, 22.37949397], [114.04585968, 22.37948729], [114.0460915, 22.37952682], [114.04620195, 22.37955791], [114.04649999, 22.37968331], [114.04667611, 22.37979169], [114.04674322, 22.37986232], [114.04684045, 22.37998876], [114.04690701, 22.38005318], [114.0470344, 22.38010295], [114.04733728, 22.38020373], [114.04750205, 22.38040494], [114.04755377, 22.3805166], [114.04756812, 22.3806302], [114.0475205, 22.38071735], [114.04749468, 22.38078779], [114.04738137, 22.38097182], [114.0473367, 22.38100543], [114.04733097, 22.38141519], [114.04729498, 22.3816972], [114.04722646, 22.38191018], [114.04711172, 22.38201201], [114.04706213, 22.38209934], [114.04700249, 22.38215519], [114.04690019, 22.38244867], [114.04686774, 22.38258486], [114.04674591, 22.38270031], [114.04668369, 22.3827881], [114.04655938, 22.38287583], [114.04646107, 22.3830226], [114.04632309, 22.38326124], [114.04611696, 22.38367026], [114.04595273, 22.38406804], [114.04593444, 22.38415663], [114.04592707, 22.38424693], [114.04593063, 22.38433724], [114.04594511, 22.38442642], [114.04596992, 22.38451336], [114.04600564, 22.38459749], [114.04605169, 22.38467711], [114.04610624, 22.38475165], [114.04617051, 22.38481943], [114.04624207, 22.38488045], [114.04662779, 22.38516748], [114.04724522, 22.38560539], [114.04803307, 22.38617833], [114.04810523, 22.38623821], [114.04818834, 22.38628456], [114.04827935, 22.38631624], [114.04837461, 22.38633155], [114.04847172, 22.3863305], [114.04856703, 22.38631308], [114.04865688, 22.38627985], [114.04873885, 22.38623138], [114.0491616, 22.38585864], [114.04953815, 22.38557391], [114.04969544, 22.38546792], [114.04979197, 22.38542285], [114.04997592, 22.38536599], [114.05016833, 22.38534074], [114.05036193, 22.38534879], [114.05055064, 22.38538958], [114.0507284, 22.38546253], [114.05089464, 22.38551684], [114.05108397, 22.38555424], [114.05118106, 22.38556447], [114.05137466, 22.38556575], [114.05147177, 22.38555736], [114.05156707, 22.38554333], [114.05175465, 22.38549662], [114.05193428, 22.38550749], [114.05201384, 22.38545731], [114.05203572, 22.38542121], [114.05201461, 22.38526767], [114.05194852, 22.38520272], [114.05185333, 22.38508976], [114.05186009, 22.38500059], [114.05195607, 22.38490302], [114.05202834, 22.38484269], [114.05218623, 22.38473783], [114.05227123, 22.38469387], [114.05264766, 22.38453104], [114.05298829, 22.38435747], [114.05309764, 22.38423564], [114.05323681, 22.38410822], [114.05443767, 22.38402708], [114.05461809, 22.38403659], [114.05466415, 22.38404579], [114.05475642, 22.3840737], [114.05484372, 22.38411308], [114.05492441, 22.38416319], [114.05499697, 22.38422308], [114.05506006, 22.38429165], [114.05511247, 22.38436758], [114.05516899, 22.38449217], [114.05519216, 22.38458762], [114.05526988, 22.38470192], [114.05533491, 22.38476888], [114.05540913, 22.38482698], [114.05549118, 22.38487518], [114.0555795, 22.38491253], [114.05571783, 22.38494645], [114.0583307, 22.38526452], [114.05852671, 22.38527991], [114.05872031, 22.38529247], [114.05888963, 22.38529428], [114.05898553, 22.3852808], [114.05907902, 22.38525661], [114.05916887, 22.38522168], [114.05942937, 22.38506609], [114.0596024, 22.38498494], [114.05978573, 22.38492468], [114.05987983, 22.38490217], [114.06005767, 22.38487578], [114.06044609, 22.38487774], [114.06083389, 22.38489721], [114.06120286, 22.38492908], [114.06224116, 22.38506077], [114.06346954, 22.38506615], [114.06466814, 22.38487786], [114.06487078, 22.38519976], [114.06489438, 22.38528726], [114.06495, 22.38555314], [114.06497353, 22.38573206], [114.0649897, 22.38600299], [114.06498712, 22.3861836], [114.06496324, 22.38645337], [114.06494404, 22.38769731], [114.06489689, 22.38821371], [114.06481696, 22.3887504], [114.06474627, 22.38910537], [114.06468415, 22.38937003], [114.06461124, 22.38947778], [114.06458506, 22.38956468], [114.06458196, 22.38965442], [114.06460555, 22.3897487], [114.06464223, 22.38983551], [114.06469344, 22.38988085], [114.06479839, 22.39000966], [114.06515436, 22.3902221], [114.06527219, 22.3902627], [114.06555646, 22.39043457], [114.06574602, 22.39048953], [114.06588193, 22.39049911], [114.06606887, 22.39049021], [114.06614591, 22.39054387], [114.06619621, 22.39064324], [114.06614938, 22.39077246], [114.06606792, 22.39092874], [114.06584419, 22.39141116], [114.06582344, 22.39155507], [114.06583061, 22.39170239], [114.06596212, 22.39181707], [114.06581856, 22.39770427], [114.05737379, 22.39783089], [114.05744547, 22.40487359], [114.05972594, 22.40487357], [114.05977745, 22.40860207], [114.0516247, 22.40861684], [114.05162133, 22.4077213], [114.0516095, 22.40458303], [114.04210839, 22.40458192], [114.04206849, 22.40458191], [114.02305557, 22.404578], [114.01217272, 22.40457476], [114.01216984, 22.40909255], [114.01216627, 22.41469], [114.00694142, 22.41477377], [114.00676908, 22.42191381], [114.00213166, 22.42187435], [114.00185116, 22.42195321], [114.00119491, 22.4219408], [114.00108667, 22.42195472], [114.00077826, 22.42203043], [114.00006149, 22.42211213], [113.99996827, 22.42218691], [113.99949121, 22.42227882], [113.99933632, 22.42236054], [113.99924437, 22.42243006], [113.99916316, 22.42246507], [113.99911211, 22.42252994], [113.99892068, 22.42264672], [113.99884453, 22.42265132], [113.99872891, 22.42253946], [113.9986547, 22.42250486], [113.9985377, 22.42248075], [113.99844587, 22.42244322], [113.99837926, 22.42238991], [113.99826478, 22.42236404], [113.99818107, 22.42237214], [113.99798971, 22.42244213], [113.99786321, 22.42246187], [113.99768707, 22.42243535], [113.99757892, 22.42238025], [113.99745444, 22.42236358], [113.99734666, 22.42236616], [113.99708387, 22.42275818], [113.99697288, 22.42295228], [113.99676827, 22.42303863], [113.9965546, 22.42332328], [113.99649838, 22.42349579], [113.9964919, 22.42367064], [113.99633843, 22.42388124], [113.99626547, 22.42406296], [113.99625022, 22.42417118], [113.99604211, 22.42453773], [113.99589539, 22.42474494], [113.99581261, 22.42485372], [113.99561042, 22.42505554], [113.9953812, 22.42519861], [113.99466036, 22.42542215], [113.99406551, 22.42551924], [113.99394241, 22.42555488], [113.9938257, 22.42562515], [113.99378719, 22.42565964], [113.99375697, 22.42570415], [113.99373511, 22.42579114], [113.99369628, 22.42594571], [113.99366678, 22.42609413], [113.99358345, 22.42707655], [113.9935851, 22.42727986], [113.99365772, 22.42743115], [113.99373289, 22.42748181], [113.99378727, 22.42751845], [113.99440741, 22.4276275], [113.99451761, 22.4277531], [113.99468766, 22.42808358], [113.9946694, 22.42833395], [113.99465698, 22.42900524], [113.99476449, 22.42912938], [113.99524737, 22.42940389], [113.99555294, 22.43004249], [113.99565566, 22.43023135], [113.99567611, 22.43027862], [113.99593625, 22.43088005], [113.99651803, 22.43230424], [113.99653175, 22.43242247], [113.99652432, 22.43247276], [113.99648481, 22.43258999], [113.99645725, 22.4327197], [113.99642622, 22.43269844], [113.99574239, 22.43222977], [113.99477123, 22.43152665], [113.99398277, 22.43087785], [113.99364249, 22.4306219], [113.99339502, 22.43044823], [113.9933106, 22.43037951], [113.99325142, 22.43031894], [113.99305879, 22.43054719], [113.99299258, 22.43066902], [113.99292468, 22.43087664], [113.99287956, 22.43111274], [113.99278471, 22.43200807], [113.99200684, 22.43199029], [113.99206228, 22.43184192], [113.99197247, 22.43180851], [113.9918784, 22.4317847], [113.9917825, 22.43177104], [113.9916799, 22.43176867], [113.99146265, 22.4316973], [113.99144327, 22.43165551], [113.99138995, 22.43158039], [113.99117528, 22.43139502], [113.99108557, 22.43128824], [113.99103106, 22.4311928], [113.99092089, 22.43094885], [113.99089058, 22.43091382], [113.99078806, 22.43085782], [113.99071589, 22.43079792], [113.99028428, 22.43031034], [113.99020241, 22.43025098], [113.99010236, 22.43015266], [113.99003873, 22.43006905], [113.98999148, 22.42999055], [113.98995996, 22.42995608], [113.98988414, 22.42990012], [113.98979556, 22.42986446], [113.98966021, 22.42984286], [113.98962322, 22.42980613], [113.98954195, 22.42974508], [113.98950009, 22.42972415], [113.98944665, 22.4297365], [113.98923403, 22.42983616], [113.98916327, 22.43008723], [113.9890515, 22.43013282], [113.98905731, 22.43032698], [113.98891642, 22.43036068], [113.98887942, 22.43033129], [113.98883574, 22.43031205], [113.98878839, 22.43030352], [113.98845512, 22.43029072], [113.98838128, 22.43012357], [113.98809708, 22.43017573], [113.9880671, 22.42989914], [113.9880708, 22.42985399], [113.98809642, 22.4297671], [113.98814631, 22.42968983], [113.988184, 22.4296515], [113.98799034, 22.42964337], [113.98781069, 22.42960874], [113.98771417, 22.42960354], [113.98756905, 22.42961748], [113.98713117, 22.42973888], [113.98689493, 22.42979109], [113.98664415, 22.42983482], [113.98655243, 22.42986463], [113.98650626, 22.42988941], [113.98636055, 22.42988754], [113.98616929, 22.42991497], [113.98603749, 22.42995432], [113.98600042, 22.42998306], [113.98589357, 22.4299818], [113.985851, 22.43003651], [113.98572655, 22.43003184], [113.98569928, 22.42999512], [113.98566411, 22.42996404], [113.98562286, 22.42993972], [113.98557735, 22.42992443], [113.98551483, 22.42991758], [113.98546928, 22.42992825], [113.98543941, 22.43001796], [113.98539498, 22.43009805], [113.98519378, 22.43027955], [113.9851057, 22.43031669], [113.98480576, 22.43034004], [113.98475719, 22.43033603], [113.98466313, 22.43031504], [113.98457576, 22.43027599], [113.98453572, 22.43025111], [113.98445629, 22.4301816], [113.98441135, 22.43019226], [113.9844052, 22.43024701], [113.98444272, 22.43033001], [113.98447411, 22.43046212], [113.98447763, 22.43055525], [113.98446536, 22.43064442], [113.98442215, 22.43072451], [113.98439053, 22.4307589], [113.98431154, 22.43081073], [113.98421861, 22.43083602], [113.98413484, 22.43083366], [113.98359948, 22.43075626], [113.98350295, 22.43075615], [113.98333485, 22.43070571], [113.9832869, 22.43069888], [113.98301675, 22.43068952], [113.98277993, 22.43072649], [113.9827332, 22.43071515], [113.9826853, 22.43067107], [113.98250696, 22.43056587], [113.98241837, 22.43052908], [113.98236132, 22.43051434], [113.98231396, 22.43052387], [113.98227022, 22.43054245], [113.98223133, 22.43057006], [113.98218328, 22.43063208], [113.98213946, 22.43071217], [113.98207623, 22.4307804], [113.98199723, 22.43083278], [113.98190672, 22.43086485], [113.98184904, 22.43087437], [113.98163657, 22.43086452], [113.98155277, 22.4308791], [113.98137608, 22.43088847], [113.98105191, 22.43087511], [113.98098276, 22.43083043], [113.98098404, 22.43034956], [113.97488416, 22.43046452], [113.97041412, 22.43054861], [113.97036315, 22.43339596], [113.95465932, 22.43336104], [113.95021736, 22.43335088], [113.94847355, 22.431237], [113.94848354, 22.43114294], [113.9484529, 22.43106658], [113.94839668, 22.43096395], [113.94819716, 22.43069896], [113.94817937, 22.43059878], [113.94827693, 22.43044148], [113.94835479, 22.43035185], [113.9484175, 22.4302368], [113.94840551, 22.43014818], [113.94835039, 22.43007473], [113.94826485, 22.43003397], [113.94812469, 22.42998466], [113.94803552, 22.42993713], [113.94797165, 22.42986754], [113.94796419, 22.42972922], [113.94800178, 22.42946336], [113.94803573, 22.42908423], [113.9480717, 22.42896928], [113.94807281, 22.42889594], [113.94806153, 22.42886338], [113.94800198, 22.42879683], [113.94791075, 22.42874426], [113.94733836, 22.42855904], [113.94724695, 22.4285223], [113.9471955, 22.42848308], [113.94708492, 22.42834548], [113.94695815, 22.42815831], [113.94690426, 22.42805456], [113.9468634, 22.4279056], [113.94686039, 22.42782608], [113.94678128, 22.42761832], [113.94673621, 22.42753378], [113.94668637, 22.42745958], [113.9465787, 22.4273385], [113.94648437, 22.42727803], [113.94636343, 22.42721859], [113.94632822, 22.42718941], [113.946269, 22.4271146], [113.946172, 22.42696066], [113.94610684, 22.42683736], [113.94584434, 22.42618866], [113.94582544, 22.42613587], [113.94581672, 22.42606979], [113.94580864, 22.42593581], [113.94583214, 22.42582575], [113.94585204, 22.425765], [113.94588629, 22.42570336], [113.9460132, 22.42529023], [113.9460344, 22.42511818], [113.9460301, 22.42505162], [113.94600239, 22.42497319], [113.94598594, 22.42495071], [113.94591943, 22.42490953], [113.94571028, 22.42483836], [113.94555451, 22.42475577], [113.9454844, 22.42470607], [113.94541033, 22.42463612], [113.94527944, 22.42446536], [113.94523448, 22.42442092], [113.9451648, 22.42436412], [113.94510126, 22.42433527], [113.94502178, 22.42432201], [113.94493963, 22.42433258], [113.94451526, 22.42432456], [113.94396215, 22.42433045], [113.94394093, 22.42432785], [113.94389209, 22.42429176], [113.94385159, 22.42424025], [113.94382529, 22.42416582], [113.94381939, 22.42400098], [113.94383455, 22.42391062], [113.94394546, 22.42360791], [113.94401848, 22.42351271], [113.94408127, 22.42346054], [113.94420859, 22.42338265], [113.94432886, 22.42328423], [113.94440319, 22.42320792], [113.94447047, 22.42311139], [113.94448208, 22.42307629], [113.94447505, 22.42301601], [113.94444662, 22.42297026], [113.94437617, 22.4229238], [113.94425623, 22.42287608], [113.94417252, 22.42286058], [113.94406151, 22.42286266], [113.94394667, 22.42288385], [113.94346991, 22.42303649], [113.94331002, 22.42305352], [113.94323139, 22.42307229], [113.94297287, 22.42318121], [113.94289246, 22.42320739], [113.94282621, 22.42321058], [113.94278602, 22.42320234], [113.94271768, 22.42316162], [113.9426868, 22.42312936], [113.94264715, 22.42307013], [113.94259832, 22.42297157], [113.94244486, 22.4225706], [113.94238281, 22.422441], [113.9423255, 22.42238423], [113.94226374, 22.42234962], [113.94218252, 22.42232404], [113.94184691, 22.42231862], [113.94172819, 22.42227889], [113.94154032, 22.42213116], [113.94092736, 22.42159184], [113.94088606, 22.42154229], [113.94084922, 22.42147625], [113.94080804, 22.42135932], [113.94080813, 22.42130708], [113.94089153, 22.42093491], [113.94089909, 22.42082768], [113.94088888, 22.42074655], [113.94084475, 22.42062826], [113.94078717, 22.42058417], [113.94042266, 22.42055183], [113.94030058, 22.42052314], [113.94021682, 22.42048453], [113.94014115, 22.42043503], [113.94004819, 22.42034966], [113.94000394, 22.4202946], [113.939973, 22.42024506], [113.93995682, 22.42019692], [113.93995247, 22.42015017], [113.93995847, 22.42010205], [113.94004987, 22.41978368], [113.94006378, 22.4197016], [113.94005952, 22.4196486], [113.94004698, 22.41960978], [113.94001486, 22.41956497], [113.93997532, 22.41953335], [113.93990626, 22.41951779], [113.93936025, 22.41957342], [113.93893197, 22.41964152], [113.93898941, 22.41980321], [113.93908072, 22.42001275], [113.93917316, 22.42026968], [113.93923532, 22.42048763], [113.93929255, 22.42074734], [113.93945242, 22.42169464], [113.93945926, 22.42195259], [113.93944742, 22.42213261], [113.93942595, 22.42226635], [113.93937413, 22.42238874], [113.93923957, 22.42262842], [113.93912943, 22.42277726], [113.93900414, 22.42291479], [113.93886491, 22.42304101], [113.93871295, 22.42315366], [113.93855069, 22.42325219], [113.93846563, 22.42329609], [113.93828885, 22.42337146], [113.93810541, 22.42343045], [113.93791654, 22.4234725], [113.93051879, 22.42442268], [113.87423216, 22.43164074], [113.87421746, 22.43164262], [113.87397731, 22.43150965], [113.86910138, 22.42880986], [113.86910271, 22.40901525], [113.86910616, 22.35483267], [113.8691069, 22.34250719], [113.86910744, 22.33333112], [113.86740761, 22.32862182], [113.86686012, 22.32710493], [113.86673344, 22.32675397]]]]}, "properties": {"GmlID": "DCD.14", "OBJECTID": 14, "AREA_ID": "L", "AREA_CODE": "TM", "NAME_TC": "屯門區", "NAME_EN": "Tuen Mun District", "REGION": "NT", "Shape_Length": 69284.82863075, "Shape_Area": 188545323.98013964}}, {"type": "Feature", "geometry": {"type": "MultiPolygon", "coordinates": [[[[114.25244738, 22.39360018], [114.25245622, 22.39399907], [114.25246515, 22.39407352], [114.25245196, 22.39435893], [114.25224769, 22.39489797], [114.25220729, 22.39539702], [114.25221682, 22.39547996], [114.2522748, 22.39576947], [114.25229852, 22.39585236], [114.25243069, 22.39619596], [114.25251454, 22.39648887], [114.25276519, 22.39676482], [114.25285524, 22.39711222], [114.25287389, 22.39738255], [114.25287029, 22.3976935], [114.25276595, 22.39791344], [114.25272233, 22.39817739], [114.25274612, 22.39911623], [114.25282438, 22.39929641], [114.25298914, 22.39954336], [114.25302497, 22.39961852], [114.25308807, 22.39984125], [114.25313723, 22.39992056], [114.25322991, 22.39996622], [114.2533142, 22.40004992], [114.25338111, 22.40022005], [114.25339859, 22.40029839], [114.25346254, 22.4003929], [114.25368049, 22.40053866], [114.25382582, 22.40069796], [114.25386073, 22.40079249], [114.25390725, 22.40085999], [114.25424343, 22.40108227], [114.25438291, 22.4012796], [114.25438491, 22.40130082], [114.25429027, 22.40146091], [114.25423538, 22.40153555], [114.25417545, 22.4016898], [114.25414882, 22.40179361], [114.25406221, 22.40198716], [114.2539582, 22.40209205], [114.2538802, 22.40214046], [114.25376749, 22.40219695], [114.2536505, 22.40233005], [114.25359852, 22.40241474], [114.25355526, 22.40258408], [114.25350762, 22.40268489], [114.25345315, 22.40275367], [114.25302725, 22.40310039], [114.25322811, 22.4032655], [114.25327725, 22.40332456], [114.25348347, 22.40364234], [114.25356395, 22.40384937], [114.25362015, 22.40412607], [114.25362587, 22.40421295], [114.25360364, 22.40450451], [114.2535813, 22.40459675], [114.25351098, 22.4047485], [114.25333509, 22.40486759], [114.25308559, 22.40498075], [114.25299127, 22.40501392], [114.25275819, 22.40515078], [114.25257918, 22.40529896], [114.25246852, 22.40521368], [114.2523634, 22.40527138], [114.25219161, 22.40544121], [114.25196937, 22.40572148], [114.25179216, 22.40597887], [114.25176952, 22.40609786], [114.25184375, 22.40630605], [114.25182428, 22.40632746], [114.2517946, 22.40645856], [114.25178865, 22.40660498], [114.25180679, 22.40669148], [114.25179949, 22.40675964], [114.25174292, 22.40690661], [114.25171581, 22.40693075], [114.25166705, 22.40700381], [114.25162686, 22.40703876], [114.25158835, 22.40712136], [114.25166743, 22.40727117], [114.25168752, 22.40733747], [114.25176838, 22.40743487], [114.25178505, 22.40752205], [114.25178114, 22.40755121], [114.25174421, 22.40762517], [114.2517044, 22.40774181], [114.25167373, 22.40786831], [114.25167307, 22.40792615], [114.25166153, 22.40797665], [114.2516641, 22.40809626], [114.25177716, 22.4085065], [114.25180948, 22.40856652], [114.25185615, 22.40862653], [114.25193154, 22.40874991], [114.2520428, 22.40887325], [114.25206946, 22.40908101], [114.25206074, 22.40926142], [114.25202544, 22.40953023], [114.25205342, 22.40971205], [114.25204083, 22.40972428], [114.25203167, 22.4097619], [114.25198421, 22.40982679], [114.2519555, 22.40992218], [114.25196436, 22.4099809], [114.25191887, 22.41004625], [114.25188116, 22.41014536], [114.25183711, 22.41017694], [114.25182318, 22.41021456], [114.25180634, 22.41023197], [114.25178443, 22.41030673], [114.25178618, 22.41040451], [114.25170569, 22.41048744], [114.25163053, 22.41059934], [114.25160975, 22.41066974], [114.25158726, 22.41070228], [114.2514449, 22.41082701], [114.25143028, 22.41089695], [114.25139108, 22.41094576], [114.25135289, 22.41101095], [114.25134773, 22.41110915], [114.2513024, 22.41118703], [114.25124308, 22.41124825], [114.25121117, 22.41132461], [114.25116224, 22.41140302], [114.25111124, 22.41144791], [114.25094145, 22.41168996], [114.25089143, 22.4117433], [114.25085854, 22.41176251], [114.25073468, 22.41180858], [114.25067628, 22.41185709], [114.25063844, 22.41187491], [114.2505852, 22.411931], [114.2505121, 22.41202788], [114.25048576, 22.41209755], [114.25029867, 22.41235223], [114.25021945, 22.4124257], [114.25016047, 22.4125054], [114.25010256, 22.41254955], [114.24997799, 22.41269312], [114.24987115, 22.41285482], [114.24980796, 22.41292764], [114.24966849, 22.41306089], [114.24962177, 22.41311869], [114.24927563, 22.41348268], [114.24869236, 22.41402384], [114.24860897, 22.41408133], [114.24847907, 22.41419017], [114.248494, 22.41431719], [114.2485225, 22.41440862], [114.24855839, 22.41447841], [114.24859659, 22.41451541], [114.24866791, 22.41454257], [114.24887084, 22.41469534], [114.24893397, 22.41476939], [114.24896999, 22.41482885], [114.24900386, 22.41493743], [114.24901122, 22.41507329], [114.24895938, 22.4152768], [114.24880376, 22.41564448], [114.24843214, 22.41668874], [114.24838684, 22.41679048], [114.24824856, 22.41798361], [114.24825832, 22.41811071], [114.24827005, 22.41816252], [114.24821271, 22.41853036], [114.24821685, 22.4186302], [114.24823692, 22.41867231], [114.24829272, 22.41873118], [114.24829285, 22.41874955], [114.24825507, 22.41886058], [114.24825999, 22.41909891], [114.24825138, 22.41921989], [114.24825491, 22.41949065], [114.24828185, 22.41971495], [114.248334, 22.41994221], [114.24841652, 22.42019475], [114.24938181, 22.4222616], [114.24940907, 22.42233306], [114.24942874, 22.42242141], [114.24943413, 22.42251149], [114.24941528, 22.42264551], [114.24938515, 22.42273129], [114.24931527, 22.42284983], [114.24915086, 22.42327974], [114.24896159, 22.42369549], [114.24876916, 22.42406031], [114.24872944, 22.42409905], [114.24867673, 22.42417465], [114.24864428, 22.42425955], [114.24863386, 22.42434913], [114.24864604, 22.42443851], [114.24868016, 22.42452284], [114.24881333, 22.42471826], [114.24885114, 22.42480128], [114.24887102, 22.42488954], [114.24887222, 22.42497969], [114.24885469, 22.42506837], [114.24882461, 22.42516395], [114.2488258, 22.42525395], [114.24885389, 22.42534008], [114.24890664, 22.42541555], [114.2489799, 22.42547439], [114.24906788, 22.42551196], [114.24913564, 22.42551255], [114.24922642, 22.42554298], [114.24929754, 22.42560362], [114.24933799, 22.42568508], [114.24934149, 22.42577473], [114.24930402, 22.42587768], [114.24922601, 22.42593758], [114.24894745, 22.42640151], [114.24864278, 22.42686337], [114.24837331, 22.42723898], [114.24797294, 22.42774983], [114.24795744, 22.42779258], [114.24793187, 22.42783086], [114.24789761, 22.4278627], [114.24785642, 22.42788644], [114.24781049, 22.42790081], [114.24776223, 22.42790507], [114.24771423, 22.42789897], [114.24766897, 22.42788283], [114.24762888, 22.42785755], [114.24759604, 22.4278244], [114.247389, 22.42770697], [114.24733233, 22.42765058], [114.24728919, 22.42763009], [114.2472419, 22.42762037], [114.2471935, 22.42762204], [114.24714712, 22.42763499], [114.24710574, 22.4276584], [114.24707205, 22.42769076], [114.2470482, 22.42772996], [114.24703577, 22.42777348], [114.24703554, 22.42781851], [114.24704751, 22.42786214], [114.2470452, 22.42796363], [114.24705247, 22.42805366], [114.24709301, 22.42823004], [114.24714551, 22.42835629], [114.24730718, 22.42864635], [114.24752232, 22.42897106], [114.24766486, 22.42898306], [114.2479002, 22.42902273], [114.24846465, 22.42916999], [114.24880519, 22.42929342], [114.24866211, 22.42961448], [114.24860621, 22.42965793], [114.24852795, 22.42969054], [114.24803578, 22.42978138], [114.24801417, 22.42980554], [114.2480012, 22.42983572], [114.2480034, 22.42990211], [114.24802939, 22.42996648], [114.2480943, 22.43004894], [114.24934203, 22.43129301], [114.2494874, 22.43141595], [114.24911573, 22.43194047], [114.24967936, 22.43237368], [114.24971824, 22.43243688], [114.24972799, 22.43250009], [114.24971831, 22.43256331], [114.24961162, 22.4328704], [114.24960793, 22.43896125], [114.22725877, 22.43899222], [114.21470757, 22.43136145], [114.20771843, 22.42671589], [114.20753524, 22.42656996], [114.20688932, 22.42587676], [114.2066569, 22.42553488], [114.20662439, 22.42545744], [114.2061493, 22.42553092], [114.20535476, 22.4251766], [114.20520847, 22.42520232], [114.20514797, 22.42539918], [114.20504421, 22.4260563], [114.20472757, 22.42609401], [114.20448443, 22.42578564], [114.20365711, 22.42466504], [114.20340646, 22.42470944], [114.20329007, 22.4243232], [114.20342455, 22.42414585], [114.20341508, 22.42391473], [114.20398034, 22.42259745], [114.20368796, 22.42269885], [114.20352986, 22.4223886], [114.2033628, 22.42247413], [114.20352095, 22.42284454], [114.20354434, 22.42305983], [114.20347015, 22.42317066], [114.20316394, 22.42339555], [114.20302932, 22.42340192], [114.20285285, 22.42333231], [114.20263915, 22.42315506], [114.20238819, 22.42282901], [114.20220255, 22.42289872], [114.20248612, 22.42336407], [114.20228718, 22.42418416], [114.20222276, 22.4248744], [114.20251537, 22.4250453], [114.20232996, 22.42539363], [114.20107282, 22.42459412], [114.20105842, 22.42449283], [114.20100291, 22.42445462], [114.20086518, 22.42439826], [114.20075211, 22.42437535], [114.20053115, 22.42434862], [114.20051825, 22.42400732], [114.20042038, 22.42353558], [114.20027605, 22.4230322], [114.20005283, 22.42255733], [114.20024289, 22.4222185], [114.20012639, 22.42168344], [114.19963419, 22.42154426], [114.19920327, 22.42163938], [114.19867556, 22.4186053], [114.18524292, 22.41834691], [114.18512618, 22.41562826], [114.17342267, 22.41572015], [114.17340841, 22.41283668], [114.16919477, 22.41292776], [114.16913656, 22.41285193], [114.1689866, 22.41271124], [114.16882891, 22.41257804], [114.16866394, 22.4124527], [114.16825901, 22.41228206], [114.16820496, 22.41226937], [114.16814885, 22.41223413], [114.16807162, 22.41221508], [114.16794183, 22.4121602], [114.1678939, 22.41211497], [114.16783837, 22.41207863], [114.16770754, 22.41203477], [114.1673937, 22.4119591], [114.16731865, 22.41192606], [114.16694297, 22.41179804], [114.16609623, 22.4114624], [114.16600081, 22.4114383], [114.16593719, 22.41141121], [114.16579189, 22.41138944], [114.1656036, 22.41137824], [114.16543738, 22.4113942], [114.16536613, 22.41138891], [114.16527562, 22.41135659], [114.16524322, 22.41132498], [114.16522291, 22.4112856], [114.16521665, 22.41124476], [114.16522274, 22.41120633], [114.16527069, 22.4111329], [114.16533796, 22.41107228], [114.16556414, 22.41092163], [114.16561292, 22.41086867], [114.16564463, 22.41081098], [114.16566156, 22.41074815], [114.16566285, 22.41068338], [114.1656254, 22.4106098], [114.16558297, 22.41047417], [114.16559908, 22.41037456], [114.16566928, 22.41021986], [114.16568104, 22.41015843], [114.1656683, 22.41009058], [114.16563024, 22.41003148], [114.16548842, 22.40989427], [114.16528192, 22.40975629], [114.16522976, 22.40969101], [114.16521154, 22.40964342], [114.16520888, 22.40955448], [114.16521964, 22.40951689], [114.16522721, 22.40918108], [114.16524493, 22.40906498], [114.16527781, 22.4089546], [114.16533211, 22.40882966], [114.16546911, 22.40859229], [114.16556054, 22.40847999], [114.16566661, 22.4083688], [114.16571867, 22.40829953], [114.16592322, 22.4079041], [114.16598977, 22.40775273], [114.1660353, 22.40770557], [114.16619129, 22.40759663], [114.16629818, 22.4074746], [114.16643574, 22.407409], [114.16646464, 22.40738096], [114.16648935, 22.40734232], [114.16651087, 22.40728228], [114.16651954, 22.40721371], [114.1665163, 22.40712357], [114.16649702, 22.40697776], [114.16650172, 22.40693718], [114.16653938, 22.40687384], [114.16668732, 22.40672588], [114.16671172, 22.40668701], [114.16672683, 22.40663592], [114.16672148, 22.40656118], [114.16665754, 22.4063604], [114.16664538, 22.40630167], [114.16664555, 22.40625328], [114.16666209, 22.40620939], [114.16671423, 22.4061544], [114.1668901, 22.4060193], [114.16711682, 22.40587657], [114.16717628, 22.40582338], [114.16720506, 22.40578169], [114.16722522, 22.4057354], [114.16724971, 22.40557538], [114.16728058, 22.40550323], [114.16736808, 22.40539139], [114.16769043, 22.40505164], [114.16772128, 22.40499957], [114.16771958, 22.40494159], [114.16768653, 22.40489648], [114.16732728, 22.40465424], [114.16726665, 22.40459835], [114.16721488, 22.40452679], [114.16717365, 22.40443007], [114.16712903, 22.40426812], [114.16709169, 22.4040486], [114.16708615, 22.40392158], [114.16710068, 22.4038032], [114.16713967, 22.40365895], [114.16713391, 22.40362762], [114.16716749, 22.40353574], [114.16719837, 22.4035087], [114.16732608, 22.40321858], [114.16734624, 22.40314499], [114.16733864, 22.40305982], [114.16730581, 22.40290604], [114.16726832, 22.4028063], [114.16718709, 22.40265433], [114.1671786, 22.40260979], [114.16718766, 22.40257108], [114.16722201, 22.40253171], [114.16725516, 22.40251508], [114.16729656, 22.4025074], [114.16735032, 22.40251132], [114.16741626, 22.40253116], [114.16754664, 22.40261415], [114.16760187, 22.40263268], [114.16763406, 22.40262783], [114.16766337, 22.40261011], [114.16768268, 22.40258295], [114.16769176, 22.40254778], [114.16768884, 22.40247023], [114.16767478, 22.40239962], [114.16763982, 22.40231287], [114.16760584, 22.40225358], [114.16754496, 22.40217426], [114.16746354, 22.40209144], [114.16739379, 22.4020386], [114.16729396, 22.40198453], [114.16728489, 22.40197132], [114.16727558, 22.40192179], [114.16739825, 22.40169194], [114.16745116, 22.40161121], [114.16754146, 22.40150221], [114.16774466, 22.40130196], [114.16784484, 22.40117928], [114.16788409, 22.40109925], [114.16789344, 22.40105976], [114.16789203, 22.40102009], [114.1678797, 22.4009843], [114.16785086, 22.40094619], [114.16766902, 22.40077536], [114.16763384, 22.40072039], [114.16759731, 22.40063661], [114.1675556, 22.40058434], [114.16749704, 22.40054189], [114.16739883, 22.40050221], [114.16734344, 22.40047047], [114.16730323, 22.40043227], [114.16725565, 22.40036219], [114.16713124, 22.40006947], [114.16711159, 22.39996983], [114.16710777, 22.39983151], [114.16708818, 22.39971152], [114.16703273, 22.39957269], [114.16696153, 22.39945196], [114.16687957, 22.39938679], [114.16663589, 22.39927688], [114.16641648, 22.39912028], [114.16634499, 22.39909791], [114.16618262, 22.39909758], [114.166122, 22.39907333], [114.16608966, 22.39901708], [114.16606381, 22.39887157], [114.16598931, 22.39875687], [114.16596549, 22.39870313], [114.16595958, 22.39866521], [114.16598107, 22.39860728], [114.16601394, 22.39857645], [114.16607984, 22.39854176], [114.16613102, 22.39852721], [114.16621835, 22.39852531], [114.16638829, 22.39857433], [114.16641971, 22.39857264], [114.16644436, 22.39856031], [114.16645724, 22.39853861], [114.16644917, 22.39851716], [114.16641066, 22.39849452], [114.16631057, 22.39845467], [114.16624255, 22.3983868], [114.16619851, 22.39830881], [114.16620054, 22.39828261], [114.16621454, 22.39825992], [114.16623647, 22.39824598], [114.16626196, 22.39824125], [114.16643586, 22.39826532], [114.16651647, 22.39825963], [114.16663289, 22.39823132], [114.16672735, 22.39818995], [114.16679038, 22.39814682], [114.16683646, 22.39809897], [114.16685881, 22.3980615], [114.16687137, 22.39801623], [114.16687313, 22.39795092], [114.16712401, 22.39786515], [114.1673359, 22.39775604], [114.16756894, 22.39756363], [114.16769368, 22.39745063], [114.16773636, 22.39737122], [114.1677101, 22.3972918], [114.16762806, 22.39713297], [114.16758215, 22.3969493], [114.1675756, 22.39677213], [114.16759202, 22.39662553], [114.16763799, 22.39643921], [114.16764784, 22.39631094], [114.16764786, 22.39613073], [114.16769709, 22.39596275], [114.16763476, 22.39567868], [114.16765117, 22.39559317], [114.16798902, 22.39528332], [114.16809403, 22.39514586], [114.16814656, 22.39505425], [114.16818268, 22.39494429], [114.1681433, 22.39480073], [114.16782143, 22.39417979], [114.16761789, 22.39390784], [114.16748668, 22.39375522], [114.16728648, 22.39360554], [114.16704033, 22.39347724], [114.16625038, 22.3931919], [114.16573182, 22.39297806], [114.16547253, 22.39284365], [114.16532484, 22.39273979], [114.16522311, 22.39259012], [114.16518374, 22.39246795], [114.16515928, 22.39228173], [114.16512664, 22.39226623], [114.16477525, 22.3922326], [114.16465382, 22.39218067], [114.16430267, 22.39178358], [114.1641681, 22.39172552], [114.1639843, 22.39170719], [114.16372174, 22.39165524], [114.16352482, 22.39153917], [114.16327407, 22.39134485], [114.16308372, 22.39125322], [114.16290322, 22.39109132], [114.16279821, 22.39095998], [114.16275883, 22.39085612], [114.16271948, 22.39040407], [114.16254371, 22.38998441], [114.16233937, 22.38954822], [114.16217564, 22.38931306], [114.16216962, 22.38931306], [114.16214433, 22.38925259], [114.16210039, 22.38918652], [114.16209437, 22.38918652], [114.16196015, 22.3889144], [114.16180123, 22.38862999], [114.16179521, 22.38862999], [114.1617874, 22.38860254], [114.16174105, 22.38851968], [114.16130042, 22.38789091], [114.16101268, 22.38762662], [114.16093563, 22.38751912], [114.16087121, 22.38738586], [114.1608658, 22.38738586], [114.16068404, 22.38696427], [114.16060097, 22.38683605], [114.16046732, 22.3867291], [114.16045228, 22.38672574], [114.16014888, 22.38653927], [114.15962333, 22.38627552], [114.15945418, 22.38615793], [114.15943973, 22.38615401], [114.1593669, 22.3860952], [114.15926215, 22.38602465], [114.15925071, 22.38602465], [114.15923867, 22.38601065], [114.15914716, 22.38596025], [114.15895634, 22.38582755], [114.15877334, 22.38571667], [114.15867521, 22.38563492], [114.15854218, 22.38556212], [114.15840973, 22.38550276], [114.15840672, 22.38549268], [114.15829897, 22.38543893], [114.15808407, 22.38529221], [114.15800039, 22.38524462], [114.15774033, 22.38512197], [114.15754106, 22.38510963], [114.15742548, 22.38506427], [114.15732262, 22.3849995], [114.15723549, 22.38490885], [114.15700998, 22.38462261], [114.15701, 22.38442703], [114.15707154, 22.38428871], [114.15714995, 22.38364777], [114.15712048, 22.38346021], [114.15705488, 22.38329671], [114.15698927, 22.38320321], [114.15690981, 22.38311866], [114.15689236, 22.3831125], [114.15678281, 22.38302402], [114.15654863, 22.38292434], [114.15619407, 22.38282183], [114.15602345, 22.3827931], [114.15584404, 22.3827263], [114.15556726, 22.38252114], [114.1552823, 22.38213504], [114.15467353, 22.38180323], [114.15465246, 22.38180155], [114.15462898, 22.3817769], [114.15461995, 22.3817769], [114.15452845, 22.38170915], [114.15451341, 22.38170635], [114.1545116, 22.38169907], [114.15429427, 22.38160275], [114.15409683, 22.38157697], [114.15385301, 22.38159205], [114.1534957, 22.38171372], [114.15343038, 22.38172579], [114.1532552, 22.38172801], [114.15316971, 22.38172016], [114.1530132, 22.38166246], [114.15290905, 22.38161207], [114.15278445, 22.38156446], [114.15268572, 22.38156668], [114.15260985, 22.38158795], [114.1524738, 22.38158065], [114.15235401, 22.381542], [114.15227636, 22.381486], [114.15217884, 22.38143056], [114.15208253, 22.38143167], [114.1519567, 22.38145683], [114.15186219, 22.3814473], [114.15175564, 22.38139074], [114.15161119, 22.38121156], [114.15157267, 22.38117573], [114.15145649, 22.38109564], [114.15107424, 22.38098696], [114.15068395, 22.38080655], [114.1504819, 22.38068678], [114.15023571, 22.38059884], [114.15007078, 22.38050532], [114.14997926, 22.38052378], [114.14984742, 22.38052096], [114.14963434, 22.38043694], [114.14955728, 22.38042292], [114.14930035, 22.38042258], [114.1491717, 22.38039942], [114.14900951, 22.3802802], [114.14934895, 22.37957142], [114.14954256, 22.3796206], [114.1495658, 22.37949152], [114.14982212, 22.37925859], [114.149538, 22.37899853], [114.14951505, 22.37884162], [114.1495274, 22.37881537], [114.14971133, 22.37861469], [114.14980272, 22.37850176], [114.14985214, 22.37845414], [114.14988395, 22.37840352], [114.14995442, 22.37821655], [114.14994903, 22.37809225], [114.1498714, 22.37796515], [114.14956625, 22.37757935], [114.14953917, 22.37755415], [114.14940792, 22.37767506], [114.14933206, 22.37772824], [114.14909843, 22.37796558], [114.1489744, 22.37805067], [114.14883714, 22.37809654], [114.14872395, 22.37811891], [114.14848556, 22.37811832], [114.1486108, 22.37797502], [114.14866321, 22.37786081], [114.14867228, 22.37770069], [114.14865424, 22.37756799], [114.14858625, 22.37738154], [114.14857124, 22.37717159], [114.14856281, 22.37714976], [114.14857126, 22.3770669], [114.14861704, 22.37693476], [114.14862487, 22.37692918], [114.14862189, 22.37679145], [114.14850035, 22.37644991], [114.1484504, 22.37640846], [114.14837335, 22.37638886], [114.14809541, 22.37638529], [114.14802556, 22.37641242], [114.14796332, 22.37640241], [114.14787562, 22.37640319], [114.14779583, 22.37634428], [114.14773178, 22.37631606], [114.14736744, 22.37625573], [114.14686812, 22.37609304], [114.14640808, 22.37582781], [114.14610226, 22.37562006], [114.14603524, 22.37554065], [114.14593773, 22.37546123], [114.1458711, 22.375328], [114.14575254, 22.37522049], [114.1456382, 22.37506147], [114.14558162, 22.37502114], [114.14545525, 22.37481229], [114.14540654, 22.37456145], [114.14538729, 22.37450658], [114.14529882, 22.37442818], [114.14509296, 22.37432737], [114.14502857, 22.37427528], [114.1450021, 22.37419522], [114.14496485, 22.37385425], [114.1449697, 22.37365774], [114.14499802, 22.37357544], [114.14507089, 22.37345677], [114.14515939, 22.37338792], [114.14530449, 22.37334147], [114.14535204, 22.3733191], [114.14543212, 22.37324521], [114.1455634, 22.37305712], [114.14558929, 22.37298601], [114.14558332, 22.37275703], [114.14561241, 22.37258322], [114.14559785, 22.37240991], [114.14549256, 22.37220833], [114.14579475, 22.37220503], [114.14585013, 22.37218433], [114.1459862, 22.37210765], [114.14604821, 22.37206064], [114.14612287, 22.3719386], [114.14613733, 22.37192684], [114.14626381, 22.37165141], [114.14629574, 22.37154336], [114.14629574, 22.37150921], [114.1464041, 22.37146556], [114.14647816, 22.37139615], [114.14657028, 22.37129316], [114.14667446, 22.37113417], [114.14673047, 22.37101101], [114.14680814, 22.37091528], [114.14685329, 22.37088058], [114.14692373, 22.37085483], [114.14713442, 22.37085263], [114.14685748, 22.37056512], [114.14651221, 22.37015575], [114.1463079, 22.36986385], [114.14616637, 22.36970113], [114.14587107, 22.36963587], [114.14567211, 22.36957852], [114.14548887, 22.36944992], [114.14541265, 22.36937525], [114.14527138, 22.36937098], [114.14503217, 22.36928614], [114.14497977, 22.36923525], [114.14496156, 22.36916104], [114.1449798, 22.36910381], [114.14501398, 22.3690699], [114.14514614, 22.36899361], [114.14525558, 22.36874984], [114.14531818, 22.36858845], [114.14531487, 22.36848274], [114.14522831, 22.36839793], [114.14485922, 22.36829397], [114.14477721, 22.36824944], [114.14474304, 22.36820916], [114.14473851, 22.36811163], [114.14495569, 22.36786767], [114.14515098, 22.36770457], [114.14540303, 22.367352], [114.14533743, 22.36730831], [114.14495183, 22.36730782], [114.14468485, 22.36732261], [114.14451937, 22.3672863], [114.14449111, 22.36720567], [114.14448089, 22.36711945], [114.14448934, 22.36703827], [114.14448572, 22.36686282], [114.14462515, 22.36651089], [114.1450562, 22.36595024], [114.14538592, 22.36537925], [114.14582463, 22.36495016], [114.14598029, 22.36470006], [114.14612761, 22.36409871], [114.14588893, 22.36386283], [114.14582438, 22.36380759], [114.14573949, 22.36349679], [114.14567579, 22.36339513], [114.14554953, 22.36325902], [114.14539802, 22.36316932], [114.14533627, 22.36312288], [114.14565679, 22.36254771], [114.14563317, 22.36223991], [114.14555616, 22.36204014], [114.14532951, 22.36195419], [114.14500211, 22.36192289], [114.14461911, 22.36191844], [114.14441067, 22.36171596], [114.1438217, 22.36099237], [114.14324491, 22.36063714], [114.14316272, 22.3604601], [114.14312222, 22.36024855], [114.14296233, 22.35981696], [114.14280837, 22.35975626], [114.14254353, 22.35974221], [114.14235139, 22.35969243], [114.14223482, 22.35964948], [114.1421898, 22.35962324], [114.14201323, 22.35947415], [114.14187619, 22.35929882], [114.14170402, 22.3590629], [114.14155126, 22.35873391], [114.14151339, 22.35838205], [114.14151644, 22.35817043], [114.14146899, 22.35781154], [114.14135953, 22.35738443], [114.14136137, 22.35735746], [114.14142462, 22.35716991], [114.14144921, 22.3569736], [114.14140432, 22.35646727], [114.14130937, 22.35589394], [114.14130942, 22.35567895], [114.14135179, 22.35524544], [114.14146345, 22.35482845], [114.14148877, 22.35439566], [114.14159414, 22.35408957], [114.14160751, 22.35356177], [114.14174379, 22.35312548], [114.14181639, 22.35279006], [114.14187017, 22.35201773], [114.1419825, 22.35156444], [114.1421484, 22.35119501], [114.14215673, 22.35064083], [114.1420604, 22.35012415], [114.14206053, 22.34960456], [114.14217912, 22.3493272], [114.1422964, 22.34923515], [114.14258264, 22.34916074], [114.14273143, 22.34909156], [114.14273269, 22.34907984], [114.1429294, 22.34905935], [114.14325217, 22.34914328], [114.14355604, 22.34912282], [114.14370267, 22.34901076], [114.14396692, 22.34885866], [114.14415549, 22.34877686], [114.14431892, 22.34869504], [114.14450745, 22.34869507], [114.14465827, 22.34876525], [114.14483424, 22.34882376], [114.14493477, 22.34891732], [114.14479994, 22.3485997], [114.14470932, 22.34843965], [114.14473387, 22.34797019], [114.14478417, 22.34791175], [114.14489731, 22.34782992], [114.14507331, 22.34773641], [114.14511102, 22.34767796], [114.14511104, 22.34759611], [114.14523683, 22.34715182], [114.14538771, 22.34697646], [114.14555113, 22.34688296], [114.1457397, 22.34675438], [114.14602881, 22.34664921], [114.14620591, 22.34650829], [114.14626239, 22.34640967], [114.14635769, 22.34620621], [114.14642959, 22.34599459], [114.14647106, 22.34581368], [114.14652507, 22.34543625], [114.14655325, 22.34532932], [114.14660871, 22.34520228], [114.14668815, 22.34508018], [114.14678999, 22.34489954], [114.14683673, 22.34476921], [114.14685037, 22.34466423], [114.14685235, 22.3444651], [114.1468424, 22.34416564], [114.14796332, 22.34505863], [114.15074826, 22.34499906], [114.15092427, 22.34533817], [114.1509774, 22.34541364], [114.1510909, 22.34553548], [114.15113208, 22.34560905], [114.15115599, 22.34568147], [114.15116951, 22.3457966], [114.15116823, 22.34593198], [114.15111788, 22.3462474], [114.15108856, 22.34651432], [114.15108571, 22.34673188], [114.15110079, 22.34683927], [114.15112934, 22.34694239], [114.151258, 22.34722007], [114.15253807, 22.34618862], [114.15407672, 22.3464321], [114.15493554, 22.34685513], [114.15512565, 22.34678303], [114.15603687, 22.3466341], [114.15619243, 22.3464824], [114.15628364, 22.34627248], [114.15631969, 22.34624982], [114.15649069, 22.34622731], [114.1568629, 22.34635036], [114.15702065, 22.346453], [114.15719205, 22.34648014], [114.15730093, 22.34635066], [114.15736427, 22.34618382], [114.15755333, 22.3460357], [114.15780636, 22.34593537], [114.15793695, 22.34575194], [114.15813966, 22.34562059], [114.15824673, 22.34550703], [114.15849176, 22.34544915], [114.15868144, 22.34544917], [114.15884118, 22.34549561], [114.15894432, 22.34558226], [114.15912601, 22.34588952], [114.15929396, 22.34600742], [114.15944114, 22.34604895], [114.15951422, 22.34604961], [114.15953808, 22.34616418], [114.15964598, 22.34640105], [114.15968747, 22.34680994], [114.15975571, 22.3469171], [114.15983476, 22.34697286], [114.15986192, 22.34698142], [114.15991778, 22.34702401], [114.16001613, 22.34723867], [114.16011428, 22.34731787], [114.16025587, 22.34739551], [114.16056921, 22.34738182], [114.16070835, 22.34727025], [114.1607978, 22.34710387], [114.16090933, 22.34699403], [114.16094193, 22.34699232], [114.16100411, 22.34701626], [114.16104588, 22.34706149], [114.16114148, 22.34736123], [114.16128263, 22.34751557], [114.16150393, 22.3475927], [114.16184469, 22.34762626], [114.16188928, 22.34766072], [114.16200227, 22.34783058], [114.16217849, 22.34795262], [114.16258248, 22.34812042], [114.16273194, 22.34815281], [114.16274272, 22.34816102], [114.16284007, 22.34836156], [114.16299104, 22.34846646], [114.16331496, 22.34850115], [114.16356006, 22.34861083], [114.16373223, 22.3486221], [114.16382272, 22.34853856], [114.16398943, 22.34850291], [114.16404731, 22.34838665], [114.16408369, 22.34810977], [114.16411195, 22.34806993], [114.16414247, 22.34804327], [114.16439795, 22.34804089], [114.16457132, 22.34796291], [114.1646841, 22.34766333], [114.16471712, 22.34761999], [114.16486832, 22.3475647], [114.16509072, 22.34756234], [114.16515063, 22.3475376], [114.16519723, 22.34749427], [114.16525713, 22.34735194], [114.16530706, 22.34731481], [114.16544349, 22.34729935], [114.16550839, 22.34726575], [114.16555821, 22.34718235], [114.16557659, 22.34684634], [114.16556438, 22.34666978], [114.16561945, 22.34652741], [114.16579689, 22.3463053], [114.1659009, 22.34615154], [114.16602941, 22.34587818], [114.16614566, 22.34575289], [114.16627414, 22.34571303], [114.166326, 22.34572296], [114.16637202, 22.34575291], [114.16641531, 22.34581753], [114.16648027, 22.34605287], [114.16652063, 22.34616912], [114.16654399, 22.34619091], [114.16679842, 22.34620517], [114.16692897, 22.34626917], [114.16701452, 22.34635164], [114.16708943, 22.3462227], [114.16713806, 22.3461704], [114.16735707, 22.34607586], [114.1676547, 22.34603746], [114.16777002, 22.346005], [114.16795671, 22.34590555], [114.1682488, 22.34582577], [114.16834604, 22.34585046], [114.16847607, 22.34592881], [114.16855657, 22.34595558], [114.16859711, 22.34594072], [114.16886763, 22.34588341], [114.1693185, 22.34590812], [114.16948647, 22.34596574], [114.16949105, 22.34602135], [114.16965154, 22.34618986], [114.16970582, 22.34618655], [114.17030637, 22.34604361], [114.17042153, 22.34605186], [114.17070822, 22.34615507], [114.17116442, 22.3464847], [114.17147734, 22.3465995], [114.17174598, 22.34656863], [114.17192637, 22.3464942], [114.17200148, 22.34644061], [114.17214466, 22.3463765], [114.17228597, 22.34638147], [114.17258242, 22.34637733], [114.17272511, 22.34646821], [114.17275039, 22.34648432], [114.17291889, 22.34673818], [114.17333007, 22.3470019], [114.1733427, 22.34709332], [114.17311019, 22.34736809], [114.17305502, 22.34766471], [114.17297668, 22.34781477], [114.17288667, 22.34794645], [114.17311431, 22.34799171], [114.17319819, 22.34802158], [114.17334075, 22.34810836], [114.17346096, 22.34830927], [114.17347316, 22.34849445], [114.17383217, 22.34814421], [114.17402675, 22.34805372], [114.17428257, 22.34802861], [114.17441976, 22.34812811], [114.17452545, 22.34827002], [114.17479808, 22.3484326], [114.17493156, 22.3486699], [114.17521356, 22.34896488], [114.17539371, 22.34908494], [114.17564093, 22.34917018], [114.17579316, 22.3491411], [114.1759286, 22.34917244], [114.17597576, 22.34919636], [114.17603147, 22.34920521], [114.1760972, 22.34912199], [114.1761513, 22.34909125], [114.17624456, 22.34907728], [114.17632005, 22.34908237], [114.17658082, 22.34924341], [114.17666001, 22.34927256], [114.17688596, 22.34932651], [114.17691707, 22.3491626], [114.17696079, 22.34903665], [114.17701383, 22.34895924], [114.17710637, 22.34885801], [114.17718345, 22.34880544], [114.17744744, 22.34880864], [114.17756991, 22.34888734], [114.17773431, 22.34894724], [114.17789828, 22.3490696], [114.17809035, 22.34905905], [114.17809256, 22.34904919], [114.17823628, 22.34899488], [114.17830999, 22.34883971], [114.17843258, 22.34881089], [114.17853751, 22.34874306], [114.17866219, 22.3487498], [114.17876332, 22.34881864], [114.17888715, 22.34905878], [114.17899722, 22.34908759], [114.1794524, 22.34901898], [114.17950951, 22.34900938], [114.17963889, 22.34891581], [114.17990718, 22.34884544], [114.18015088, 22.34874951], [114.18032997, 22.34874691], [114.18045301, 22.34882133], [114.18055686, 22.34890494], [114.18061776, 22.34909077], [114.18076765, 22.3491353], [114.18085438, 22.34922721], [114.18097075, 22.34916498], [114.18111726, 22.3491458], [114.18126005, 22.34914579], [114.18164338, 22.34937175], [114.18167855, 22.34947701], [114.18190793, 22.34952375], [114.18198984, 22.34956184], [114.18216539, 22.34970823], [114.18227271, 22.34986494], [114.1823934, 22.34997183], [114.18241939, 22.34997421], [114.18249805, 22.34995551], [114.18266076, 22.3498365], [114.1828634, 22.34984851], [114.18299078, 22.34997155], [114.18302388, 22.35011351], [114.18307557, 22.35014665], [114.18336197, 22.35021416], [114.18369331, 22.35019784], [114.18370084, 22.35019082], [114.18409562, 22.35015579], [114.18415867, 22.35013745], [114.18421424, 22.35013082], [114.18443655, 22.35000311], [114.18457816, 22.34986656], [114.18464319, 22.34981744], [114.1847835, 22.34966796], [114.18489188, 22.3496365], [114.18503395, 22.34973267], [114.18506768, 22.34998666], [114.18496613, 22.35016805], [114.18499765, 22.35024797], [114.18534898, 22.35041153], [114.18540792, 22.35042632], [114.18554873, 22.35039951], [114.18558031, 22.35038267], [114.18568056, 22.35035909], [114.18589963, 22.35039353], [114.18605427, 22.35034574], [114.18620279, 22.35022551], [114.18639651, 22.35016539], [114.18656272, 22.35019182], [114.18669734, 22.3502601], [114.18713645, 22.35018786], [114.18733463, 22.35003542], [114.18768236, 22.34995179], [114.18800326, 22.34993013], [114.18826124, 22.35004326], [114.18857978, 22.3502445], [114.18868985, 22.35029032], [114.18871874, 22.35029299], [114.18898838, 22.35024841], [114.18945357, 22.3499789], [114.18959021, 22.34992328], [114.1898342, 22.34997887], [114.19006389, 22.34996663], [114.19021482, 22.34991164], [114.19043794, 22.34980777], [114.19062168, 22.34978332], [114.191232, 22.34980159], [114.19137869, 22.34985721], [114.19142232, 22.34992375], [114.19131078, 22.35011924], [114.19132448, 22.35018081], [114.19144449, 22.35029243], [114.19150569, 22.35047123], [114.19153239, 22.35050366], [114.1913905, 22.35089812], [114.19139971, 22.3511122], [114.19146285, 22.3512562], [114.19149491, 22.35128603], [114.19157831, 22.35134269], [114.19173868, 22.35149777], [114.19175703, 22.35155729], [114.19165935, 22.35169953], [114.19152527, 22.3517588], [114.1914737, 22.35180509], [114.19147917, 22.35191007], [114.19145998, 22.35196432], [114.19134248, 22.35176034], [114.19130189, 22.35173885], [114.19124186, 22.35175444], [114.19115984, 22.35179378], [114.19103313, 22.35183079], [114.19092917, 22.35195113], [114.1909228, 22.35206612], [114.19093497, 22.3521008], [114.19083754, 22.35218142], [114.19085732, 22.35221688], [114.19101941, 22.35224658], [114.19107751, 22.35223819], [114.19114332, 22.35220444], [114.19124982, 22.35220002], [114.19119595, 22.35238973], [114.19114859, 22.35246293], [114.19115862, 22.35265613], [114.19102344, 22.35283628], [114.19095688, 22.35289911], [114.19095444, 22.35308931], [114.1908944, 22.35318057], [114.19093637, 22.35319404], [114.19111875, 22.35309346], [114.19139274, 22.35308891], [114.19146011, 22.35299569], [114.19155449, 22.35294692], [114.19165624, 22.35292489], [114.19175465, 22.35278291], [114.191956, 22.35277313], [114.19202468, 22.35279569], [114.19211939, 22.35273798], [114.19237286, 22.35275455], [114.19245969, 22.35270025], [114.19266651, 22.35269555], [114.19276834, 22.35276628], [114.1928975, 22.35292133], [114.19292737, 22.35319105], [114.19272964, 22.35351181], [114.19273973, 22.3535117], [114.19290303, 22.35362923], [114.19285566, 22.35387019], [114.19288625, 22.35393103], [114.19308313, 22.35395546], [114.19334708, 22.35384176], [114.19358663, 22.3536859], [114.19396905, 22.35361327], [114.19402089, 22.35358519], [114.19406153, 22.35353712], [114.19416707, 22.35344743], [114.19438906, 22.35341165], [114.1945703, 22.35344919], [114.19459694, 22.35344919], [114.19475267, 22.35333622], [114.19485632, 22.35329728], [114.19494504, 22.35321765], [114.19518966, 22.35308778], [114.1954916, 22.353097], [114.19572932, 22.3530294], [114.19598812, 22.35302937], [114.19609638, 22.35297136], [114.19641762, 22.35292978], [114.19643688, 22.35291748], [114.19646933, 22.35269057], [114.19654805, 22.35256838], [114.1967667, 22.35255053], [114.19690763, 22.35262942], [114.19694269, 22.35285849], [114.19700898, 22.35289088], [114.19715226, 22.35301019], [114.19719908, 22.35307762], [114.19721537, 22.35319162], [114.19720695, 22.35336691], [114.19731735, 22.35356351], [114.19738144, 22.35381889], [114.19738145, 22.35392707], [114.19733278, 22.35412929], [114.19738037, 22.35424575], [114.19764924, 22.35409339], [114.19768411, 22.3540797], [114.19789657, 22.3539476], [114.19799315, 22.35391188], [114.19805651, 22.3539096], [114.19808887, 22.3539193], [114.19815734, 22.35396887], [114.19817823, 22.35400003], [114.19820307, 22.35409599], [114.1982011, 22.35419135], [114.19815842, 22.35433824], [114.19816133, 22.35438068], [114.19817926, 22.3544206], [114.19822183, 22.3544614], [114.19827756, 22.35448116], [114.19840029, 22.35455273], [114.19843543, 22.35458971], [114.19855687, 22.35467459], [114.19862612, 22.35473683], [114.19878267, 22.35491046], [114.19892982, 22.35514857], [114.19899706, 22.3552154], [114.19905377, 22.35522871], [114.19910395, 22.35521633], [114.19917844, 22.35518246], [114.19945133, 22.35497841], [114.19947257, 22.35503768], [114.19945923, 22.35508961], [114.19940263, 22.35512348], [114.19932232, 22.35519068], [114.19922489, 22.35531299], [114.19914848, 22.3553759], [114.198948, 22.35543359], [114.19883645, 22.35548533], [114.19880801, 22.35551107], [114.19880649, 22.35553735], [114.1988221, 22.35557069], [114.19885338, 22.35558413], [114.19891409, 22.35558326], [114.19898427, 22.35552712], [114.19903675, 22.35550487], [114.19910101, 22.35548818], [114.19933223, 22.35546029], [114.19946439, 22.35540588], [114.19954064, 22.35541458], [114.19962238, 22.35538297], [114.1998042, 22.35520759], [114.199904, 22.35509462], [114.20001318, 22.35480346], [114.20005994, 22.35471252], [114.20008648, 22.35467621], [114.20014359, 22.35462946], [114.20023192, 22.35459831], [114.20033372, 22.35459922], [114.20042421, 22.35462116], [114.20058897, 22.35468493], [114.20063989, 22.35469244], [114.20069392, 22.35468897], [114.20080138, 22.35464747], [114.2011117, 22.35446554], [114.20118263, 22.35444027], [114.20124416, 22.35443329], [114.20128999, 22.35443982], [114.20136414, 22.35447309], [114.20206551, 22.35468378], [114.2021493, 22.35470116], [114.20221563, 22.3546987], [114.20225969, 22.35468696], [114.20232344, 22.3546529], [114.20236511, 22.35461604], [114.20241463, 22.35454339], [114.20243519, 22.35449164], [114.20246166, 22.35445822], [114.20258125, 22.35439923], [114.20262964, 22.35438426], [114.20293558, 22.35434238], [114.20301469, 22.35433836], [114.20310692, 22.35435241], [114.20327583, 22.35441396], [114.20335222, 22.35442339], [114.20345973, 22.35440141], [114.20360298, 22.3543455], [114.20365635, 22.3543431], [114.20371419, 22.35435728], [114.20376462, 22.35438602], [114.20440981, 22.35485716], [114.20448412, 22.35489911], [114.20461749, 22.35494994], [114.20468043, 22.35496319], [114.20479221, 22.35497188], [114.20498728, 22.35497214], [114.20626005, 22.35492229], [114.20634556, 22.35489969], [114.20642941, 22.3548594], [114.20666232, 22.35466153], [114.20671714, 22.35464059], [114.20678193, 22.35463525], [114.20686726, 22.35465414], [114.20691295, 22.35467738], [114.20719203, 22.35493145], [114.20724698, 22.35497001], [114.20732536, 22.35500046], [114.20767521, 22.35508916], [114.2078196, 22.35509789], [114.20791168, 22.35509481], [114.20797947, 22.35510398], [114.20810467, 22.35516192], [114.20817337, 22.35520506], [114.20864541, 22.35559749], [114.20886828, 22.35579931], [114.20895483, 22.35586485], [114.20905119, 22.3559055], [114.20910472, 22.3559171], [114.20919394, 22.35591377], [114.20957509, 22.35582427], [114.20961791, 22.3558085], [114.20967857, 22.35576948], [114.2097089, 22.35573877], [114.20979987, 22.35561344], [114.20984001, 22.3555722], [114.20988193, 22.35553791], [114.21003001, 22.35544659], [114.21007447, 22.35542645], [114.2101472, 22.35540407], [114.21027164, 22.35537906], [114.21036923, 22.35538075], [114.21049682, 22.35539566], [114.2105673, 22.355394], [114.21066008, 22.35535912], [114.21081057, 22.3552507], [114.21088562, 22.35521497], [114.21097148, 22.35519715], [114.21106357, 22.35520136], [114.21111936, 22.35521587], [114.21129303, 22.35528465], [114.2114147, 22.3553241], [114.21154769, 22.3553569], [114.21167874, 22.35537538], [114.21188139, 22.35537778], [114.21195844, 22.35539132], [114.212507, 22.35560296], [114.21269009, 22.35565617], [114.21280281, 22.35566856], [114.21306994, 22.35572461], [114.21319716, 22.35576289], [114.21331518, 22.35578284], [114.21334566, 22.35577843], [114.21348257, 22.35578735], [114.21352914, 22.35579708], [114.21378858, 22.35580798], [114.21416946, 22.35580337], [114.21419791, 22.35586765], [114.21412777, 22.35604701], [114.21412716, 22.35608356], [114.21414815, 22.35613598], [114.21415322, 22.35618038], [114.21413434, 22.35631824], [114.21405062, 22.3564686], [114.21401748, 22.35655469], [114.21397352, 22.35661359], [114.21392523, 22.35683092], [114.2139015, 22.35686799], [114.21381753, 22.3569619], [114.2137965, 22.35700584], [114.21380623, 22.35703299], [114.21391073, 22.3570463], [114.2139879, 22.35703294], [114.21425736, 22.35689022], [114.21433433, 22.35687641], [114.21458082, 22.35689903], [114.21465558, 22.35693654], [114.21466774, 22.35694694], [114.21466243, 22.3569524], [114.21461713, 22.35695685], [114.21445202, 22.35700974], [114.21433823, 22.35710824], [114.21427597, 22.35717894], [114.21427793, 22.35719403], [114.21435277, 22.35728024], [114.21438395, 22.35730028], [114.21442172, 22.3573067], [114.21450025, 22.35730699], [114.21471296, 22.35728882], [114.21482789, 22.35727098], [114.2151751, 22.35723331], [114.21527236, 22.35722999], [114.21546387, 22.35720046], [114.21557947, 22.35719036], [114.2161037, 22.35717242], [114.21639429, 22.35719165], [114.21648929, 22.35720697], [114.21685159, 22.35733779], [114.21691843, 22.35737411], [114.21708659, 22.35749697], [114.21715617, 22.35755981], [114.21723188, 22.35764204], [114.21735541, 22.35782648], [114.21741672, 22.35795905], [114.21746584, 22.35801547], [114.21751031, 22.3580504], [114.217578, 22.35808673], [114.21763241, 22.35810448], [114.21780426, 22.35813411], [114.21807549, 22.35815582], [114.21853417, 22.35816573], [114.22233749, 22.35840942], [114.22473349, 22.35857696], [114.22450422, 22.35914614], [114.22449318, 22.3593272], [114.22419672, 22.36010814], [114.22401276, 22.36075573], [114.22384985, 22.36118171], [114.22378856, 22.36147692], [114.22376824, 22.36192449], [114.22377497, 22.3622932], [114.2237889, 22.36248632], [114.22376615, 22.36294531], [114.22374441, 22.36311652], [114.22379949, 22.363588], [114.22377803, 22.36366519], [114.22366272, 22.36392941], [114.22361546, 22.36399752], [114.22361547, 22.36402182], [114.22367644, 22.36405455], [114.22375966, 22.36415102], [114.2238268, 22.36418849], [114.22390147, 22.36417531], [114.22391482, 22.3641822], [114.22409087, 22.36419257], [114.2242744, 22.36430912], [114.22435052, 22.36442986], [114.22450668, 22.36456659], [114.22459218, 22.36461639], [114.22464336, 22.36465949], [114.22499075, 22.36487494], [114.22509613, 22.36498856], [114.22514976, 22.36515931], [114.2251462, 22.36528471], [114.22517476, 22.36561205], [114.22524169, 22.36588718], [114.22530441, 22.36609539], [114.22536264, 22.36621197], [114.2254192, 22.36638743], [114.22549697, 22.36658575], [114.22551825, 22.36662398], [114.22562404, 22.36672848], [114.2256409, 22.36673575], [114.22567167, 22.3669401], [114.22567176, 22.3671898], [114.22572236, 22.36733759], [114.22584161, 22.367482], [114.22606861, 22.36769133], [114.22612823, 22.36775737], [114.22623015, 22.36789787], [114.22632458, 22.36807084], [114.22644051, 22.36835465], [114.22654084, 22.36851755], [114.22668383, 22.36868114], [114.22687088, 22.36897654], [114.22691666, 22.36907114], [114.22691671, 22.36920328], [114.22687327, 22.36929219], [114.22675617, 22.36943518], [114.22675319, 22.36952364], [114.22687836, 22.3696943], [114.22686108, 22.36990563], [114.22672203, 22.37018395], [114.22669797, 22.3702671], [114.22670154, 22.3703669], [114.22674378, 22.37046136], [114.22679619, 22.37054588], [114.2268799, 22.37064495], [114.22699491, 22.37073674], [114.22726879, 22.37070194], [114.22771394, 22.37056733], [114.2282181, 22.37072851], [114.22829576, 22.37073129], [114.22836437, 22.37070942], [114.22853171, 22.3706965], [114.22859914, 22.37071831], [114.22867968, 22.37077148], [114.22870463, 22.37078019], [114.22889426, 22.37079166], [114.22897031, 22.37078936], [114.22907054, 22.37086037], [114.22949794, 22.37089158], [114.2296322, 22.37094137], [114.22976102, 22.37094133], [114.22992714, 22.370878], [114.23013625, 22.3708386], [114.23029279, 22.37083583], [114.2305375, 22.37078655], [114.23067956, 22.3707865], [114.23086196, 22.37081444], [114.23102933, 22.37083062], [114.23121111, 22.37082104], [114.23145007, 22.37075881], [114.23152297, 22.37075264], [114.23155457, 22.37074277], [114.23181063, 22.37076149], [114.23195754, 22.37079447], [114.23230516, 22.37090472], [114.23261719, 22.37104351], [114.23272649, 22.37108039], [114.23304846, 22.37120992], [114.23321997, 22.37126813], [114.23329161, 22.37127467], [114.23333922, 22.37129251], [114.23337846, 22.37129275], [114.23367919, 22.37138758], [114.23411369, 22.37167231], [114.23413973, 22.37170321], [114.23420454, 22.37173058], [114.23460547, 22.37196703], [114.23488654, 22.37240348], [114.23494458, 22.37247834], [114.23504997, 22.3725816], [114.23528964, 22.37274613], [114.23568931, 22.37294447], [114.23600673, 22.37307339], [114.23624995, 22.37314216], [114.23683069, 22.37319993], [114.23714058, 22.37328677], [114.23725593, 22.37330864], [114.23740043, 22.37337016], [114.23746245, 22.37340541], [114.23754254, 22.37346361], [114.23764674, 22.37361138], [114.23826219, 22.37412455], [114.23920214, 22.37480626], [114.23975071, 22.37524857], [114.2402749, 22.37578694], [114.24069361, 22.37628068], [114.2408639, 22.37649215], [114.24153389, 22.37719938], [114.24157997, 22.37727786], [114.24171823, 22.37761677], [114.24179502, 22.37771664], [114.24202912, 22.37788424], [114.2422247, 22.37817754], [114.24233306, 22.37856664], [114.24254874, 22.37891424], [114.2427526, 22.37913047], [114.24293401, 22.3792638], [114.24311965, 22.37936638], [114.24335474, 22.37945552], [114.24411054, 22.37962509], [114.24426298, 22.37964583], [114.24448463, 22.37972304], [114.24459665, 22.37994787], [114.24461909, 22.38009363], [114.24460578, 22.3803435], [114.24470881, 22.38048922], [114.24492819, 22.38060573], [114.24501959, 22.38064153], [114.24514183, 22.38072434], [114.24521341, 22.38079636], [114.2454852, 22.38117097], [114.24554964, 22.38122077], [114.24564537, 22.38124648], [114.24564253, 22.38158969], [114.24597246, 22.3818721], [114.24601933, 22.38192293], [114.24616191, 22.38217813], [114.24622927, 22.38227988], [114.24628826, 22.38242862], [114.24617972, 22.38260927], [114.24618795, 22.38278981], [114.24620852, 22.38286709], [114.2462675, 22.38300408], [114.24636433, 22.38312931], [114.24639766, 22.38321535], [114.24656393, 22.38343742], [114.24664462, 22.38347545], [114.24679529, 22.38359897], [114.24710517, 22.38398139], [114.24721972, 22.38418666], [114.24737506, 22.38452125], [114.24747117, 22.38487092], [114.24751081, 22.38513862], [114.24752086, 22.385311], [114.24740247, 22.38583452], [114.24723454, 22.38617462], [114.24698922, 22.38655523], [114.24684662, 22.38670664], [114.24654007, 22.38699267], [114.25444417, 22.38674165], [114.25443972, 22.38860376], [114.25428654, 22.38868933], [114.25360977, 22.38900625], [114.25345067, 22.38913282], [114.25313564, 22.38945806], [114.25290664, 22.3899005], [114.25278173, 22.39022771], [114.25271625, 22.39063342], [114.25267212, 22.39146447], [114.25264076, 22.39169063], [114.25254374, 22.39203259], [114.25246354, 22.39220554], [114.25232582, 22.39256589], [114.25248138, 22.3928392], [114.25244738, 22.39360018]]]]}, "properties": {"GmlID": "DCD.15", "OBJECTID": 15, "AREA_ID": "R", "AREA_CODE": "ST", "NAME_TC": "沙田區", "NAME_EN": "Sha Tin District", "REGION": "NT", "Shape_Length": 45951.43915357, "Shape_Area": 74270035.68913129}}, {"type": "Feature", "geometry": {"type": "MultiPolygon", "coordinates": [[[[114.3092438, 22.14847393], [114.50246266, 22.14845826], [114.50246899, 22.36512848], [114.45605958, 22.4662263], [114.36379374, 22.44201977], [114.36396653, 22.44135244], [114.36423401, 22.44052931], [114.3645779, 22.43980816], [114.36473909, 22.43928557], [114.36478752, 22.43885421], [114.36475788, 22.4384956], [114.36460561, 22.43780558], [114.36443537, 22.43758898], [114.36432102, 22.43723916], [114.36421465, 22.43701902], [114.3640648, 22.43665012], [114.36398095, 22.43624833], [114.36392895, 22.4355831], [114.36409249, 22.43490932], [114.36443206, 22.43420777], [114.36452849, 22.43396492], [114.36468798, 22.43402873], [114.36471151, 22.43400333], [114.36507226, 22.43382704], [114.3655571, 22.43369214], [114.36590238, 22.43355046], [114.36609577, 22.43345279], [114.36632997, 22.43326338], [114.36650079, 22.43299564], [114.36668921, 22.43245053], [114.36678038, 22.43199087], [114.36677068, 22.43169277], [114.36674635, 22.43159075], [114.36641621, 22.43100415], [114.36622262, 22.43048717], [114.3661933, 22.43036208], [114.36622701, 22.43006048], [114.36637681, 22.42984926], [114.36628838, 22.42958355], [114.36614756, 22.42947922], [114.36593193, 22.42913064], [114.36628312, 22.42867789], [114.36642008, 22.42816965], [114.3662607, 22.42701942], [114.36627852, 22.42688908], [114.36643745, 22.4265487], [114.36670738, 22.42619205], [114.36700003, 22.42590056], [114.36786271, 22.42536142], [114.36777245, 22.42475563], [114.36783532, 22.42401897], [114.36807065, 22.42350281], [114.36803368, 22.42342959], [114.36802764, 22.42317093], [114.36780205, 22.4229657], [114.36760007, 22.42272329], [114.36755839, 22.42262301], [114.36744541, 22.42254358], [114.36712462, 22.42243612], [114.36703587, 22.42239356], [114.36699552, 22.42235728], [114.36690416, 22.42221727], [114.36678504, 22.42173537], [114.3666713, 22.42155157], [114.36646387, 22.42134193], [114.36602246, 22.42099936], [114.36639362, 22.42075501], [114.3662337, 22.4204924], [114.36606438, 22.42028513], [114.36595201, 22.42001751], [114.36578265, 22.41931596], [114.36566378, 22.4190128], [114.36563068, 22.41883871], [114.3656211, 22.41863805], [114.36573604, 22.41833693], [114.36591319, 22.4181724], [114.36605307, 22.41796465], [114.3660654, 22.41790871], [114.36604419, 22.41781935], [114.36597949, 22.41766779], [114.36576271, 22.41741203], [114.36558483, 22.41704033], [114.36540981, 22.4164818], [114.36540383, 22.41618658], [114.36533039, 22.41599063], [114.36518323, 22.41586106], [114.36513483, 22.41583517], [114.36500314, 22.41568368], [114.36493105, 22.41556556], [114.36472332, 22.41512239], [114.36455062, 22.41489945], [114.36402556, 22.41459905], [114.36330122, 22.41413458], [114.36302303, 22.41386793], [114.36284273, 22.41352218], [114.36263832, 22.41323873], [114.36245772, 22.41313687], [114.36219143, 22.41295035], [114.36213058, 22.41289276], [114.36190099, 22.41233141], [114.36180905, 22.41220063], [114.36158918, 22.41194775], [114.36112343, 22.41146451], [114.36088927, 22.41118109], [114.36068726, 22.41083189], [114.36053421, 22.41045728], [114.36042439, 22.41041243], [114.36030825, 22.41028454], [114.36009109, 22.40973986], [114.35982129, 22.40922011], [114.35968134, 22.40890082], [114.35955976, 22.40839873], [114.3593569, 22.40833669], [114.35922718, 22.40825208], [114.35899076, 22.40813587], [114.35870415, 22.40804855], [114.35843791, 22.40799351], [114.35837908, 22.40796011], [114.35839496, 22.40777271], [114.35823896, 22.40750303], [114.3566578, 22.40762185], [114.35641341, 22.40758464], [114.3562248, 22.40750296], [114.35610686, 22.40741373], [114.35591932, 22.40721097], [114.3556224, 22.40682209], [114.35553407, 22.40660654], [114.35553126, 22.40635226], [114.35559222, 22.40601372], [114.35558017, 22.40580039], [114.35534153, 22.40588771], [114.35503217, 22.40595495], [114.35461114, 22.40597214], [114.35404921, 22.40589375], [114.35329885, 22.40588304], [114.35265815, 22.40578111], [114.35230718, 22.40580167], [114.35205055, 22.40587576], [114.35195881, 22.40591564], [114.35144172, 22.40597963], [114.35116521, 22.40603412], [114.35095328, 22.40615255], [114.35072714, 22.40632002], [114.35090596, 22.40650203], [114.35134027, 22.40667973], [114.351524, 22.40681562], [114.35164307, 22.40731195], [114.35171269, 22.40745371], [114.35187046, 22.40766804], [114.35205679, 22.40788752], [114.35209235, 22.40805644], [114.35209316, 22.40821096], [114.35204497, 22.4083471], [114.35170056, 22.4086623], [114.35127049, 22.40889859], [114.35067676, 22.40919157], [114.34995298, 22.409615], [114.34934375, 22.40991433], [114.34887267, 22.41009993], [114.34848646, 22.41021508], [114.34795886, 22.41032347], [114.34744484, 22.41038974], [114.3469444, 22.41039027], [114.346795, 22.41043137], [114.34670637, 22.41047528], [114.3464809, 22.41069174], [114.3462739, 22.41079921], [114.3460265, 22.4108283], [114.34562025, 22.41077164], [114.34543669, 22.41077357], [114.34519302, 22.41081188], [114.34495622, 22.410894], [114.34473129, 22.41104127], [114.34469374, 22.41114978], [114.34468215, 22.41136711], [114.34456103, 22.41151263], [114.34448143, 22.41167009], [114.34378129, 22.41244408], [114.3436176, 22.41260735], [114.3435279, 22.41286925], [114.34344203, 22.41357571], [114.34320829, 22.41394418], [114.34291587, 22.41419103], [114.34288843, 22.41428712], [114.34280942, 22.4144537], [114.34260638, 22.41457878], [114.34206039, 22.4147539], [114.34184102, 22.41490117], [114.34173946, 22.41506362], [114.34171683, 22.41516001], [114.34171201, 22.41536214], [114.34167915, 22.41537393], [114.34146956, 22.41555982], [114.34105446, 22.41578763], [114.34082899, 22.41602023], [114.34058256, 22.41634684], [114.34040476, 22.41651885], [114.3401458, 22.41673938], [114.33981673, 22.41694671], [114.33974983, 22.41700905], [114.3395694, 22.41723997], [114.33942453, 22.41761393], [114.33906053, 22.41806618], [114.3387142, 22.4181702], [114.33851985, 22.41844803], [114.33825409, 22.41844906], [114.33780473, 22.4187227], [114.33759303, 22.41880517], [114.33727764, 22.41845938], [114.3369731, 22.41789172], [114.33660037, 22.41735124], [114.33637245, 22.41706143], [114.3359807, 22.41669625], [114.33580007, 22.41654997], [114.33569948, 22.41644282], [114.33541467, 22.41630702], [114.33510847, 22.4162513], [114.3348458, 22.41610156], [114.33479255, 22.41567268], [114.3346282, 22.41541735], [114.33428567, 22.41515175], [114.33394006, 22.41496827], [114.33333169, 22.41477622], [114.33295552, 22.41468739], [114.33250129, 22.4146254], [114.33211384, 22.41460563], [114.33192015, 22.41461865], [114.33153978, 22.41469001], [114.33130253, 22.4147677], [114.32993419, 22.41539984], [114.32940272, 22.41562207], [114.32861591, 22.41592884], [114.32529291, 22.41715643], [114.32520582, 22.41729409], [114.325107, 22.41729943], [114.32498996, 22.41732589], [114.32482116, 22.41743121], [114.32476767, 22.41743539], [114.32468341, 22.41755492], [114.32437714, 22.41777663], [114.32408955, 22.41805897], [114.32372758, 22.41859368], [114.32354971, 22.41891477], [114.32342191, 22.41918166], [114.32270468, 22.41998957], [114.32250393, 22.42029272], [114.32241587, 22.42039457], [114.32222993, 22.42070024], [114.32232085, 22.42140731], [114.32266415, 22.42204554], [114.32286023, 22.42222203], [114.32273286, 22.42267532], [114.32256644, 22.42295565], [114.32239972, 22.42306017], [114.32206737, 22.42336916], [114.32193845, 22.42345057], [114.32167633, 22.4236774], [114.32153624, 22.42374616], [114.32091669, 22.42376631], [114.32079829, 22.42382581], [114.3204955, 22.42404899], [114.31994264, 22.42429444], [114.3194166, 22.42501749], [114.31924873, 22.42520471], [114.31855305, 22.4255432], [114.31838881, 22.42566154], [114.31826067, 22.42588827], [114.31811876, 22.42600141], [114.31799851, 22.42607589], [114.31772009, 22.42613322], [114.31733497, 22.4261618], [114.31479227, 22.4263145], [114.31422228, 22.42631036], [114.31380493, 22.42635166], [114.31305406, 22.42656333], [114.31277502, 22.42661891], [114.31164696, 22.42673461], [114.31118001, 22.42680823], [114.31088801, 22.42693014], [114.31071075, 22.42705829], [114.31043243, 22.42721709], [114.31027744, 22.42728583], [114.30996865, 22.42736277], [114.30972429, 22.42738258], [114.308611, 22.4273662], [114.30800426, 22.42770809], [114.30760536, 22.42738871], [114.30721831, 22.42698427], [114.30685181, 22.42646946], [114.30666842, 22.42615117], [114.30651847, 22.42581808], [114.30646044, 22.42564348], [114.30644897, 22.42555388], [114.30648307, 22.42524814], [114.30647279, 22.42515844], [114.3063406, 22.42491688], [114.30628088, 22.42472261], [114.3062334, 22.42435362], [114.30616257, 22.42410421], [114.3061143, 22.42378803], [114.30651032, 22.422326], [114.30640558, 22.42212877], [114.30636027, 22.42208095], [114.30608592, 22.42157129], [114.30609018, 22.42134391], [114.3063643, 22.4210461], [114.30680353, 22.42052392], [114.3069638, 22.42000595], [114.30707639, 22.4197769], [114.30710693, 22.4195479], [114.30651925, 22.41915008], [114.30645009, 22.41898554], [114.30621415, 22.41889986], [114.30563661, 22.41850514], [114.30555608, 22.41823752], [114.30552238, 22.41800806], [114.30557988, 22.41781138], [114.30602345, 22.41730132], [114.30609963, 22.41719112], [114.30615965, 22.41704923], [114.30616943, 22.41688777], [114.30613454, 22.41672231], [114.30603273, 22.4165967], [114.30572802, 22.41637148], [114.305406, 22.4162074], [114.30447465, 22.4156869], [114.30410666, 22.41543002], [114.30387575, 22.41519149], [114.30362375, 22.41496738], [114.30333713, 22.41484248], [114.30292963, 22.41477995], [114.30259658, 22.41475137], [114.30246014, 22.41476244], [114.30232251, 22.41480349], [114.30193759, 22.41502232], [114.30146396, 22.4152216], [114.30074347, 22.41537554], [114.30033173, 22.41542949], [114.29999258, 22.41551739], [114.29968759, 22.41565428], [114.29959643, 22.41567107], [114.29925781, 22.41564884], [114.29850344, 22.41536283], [114.29820747, 22.4151843], [114.29813148, 22.41517655], [114.29787018, 22.41528835], [114.2976147, 22.41531218], [114.29750986, 22.41526727], [114.29746021, 22.41522464], [114.29738956, 22.4152841], [114.29676643, 22.41544544], [114.29644715, 22.41556561], [114.29610486, 22.41560563], [114.29593058, 22.41560001], [114.29571099, 22.415535], [114.29550634, 22.41553227], [114.29529612, 22.41555665], [114.29465255, 22.41574336], [114.29409096, 22.41607244], [114.29382801, 22.41608128], [114.29321519, 22.41596581], [114.29270418, 22.41595581], [114.29249149, 22.41598825], [114.29211957, 22.41621051], [114.291711, 22.41635784], [114.29134466, 22.4165749], [114.29126468, 22.41660783], [114.29102906, 22.41664663], [114.29093203, 22.41630189], [114.29083702, 22.41614973], [114.29069118, 22.41602412], [114.29056896, 22.4159729], [114.28952477, 22.4154149], [114.28904837, 22.41526474], [114.28854719, 22.41515725], [114.2882717, 22.41506524], [114.28806224, 22.41485466], [114.28765197, 22.41433623], [114.28764143, 22.41395911], [114.28742993, 22.41392639], [114.28736911, 22.41388088], [114.28722511, 22.41372472], [114.28715182, 22.4135806], [114.28671416, 22.41220744], [114.28669594, 22.41193471], [114.28674228, 22.41169884], [114.28673969, 22.41155989], [114.28692677, 22.41130259], [114.28719264, 22.41105981], [114.28736827, 22.41047486], [114.28745284, 22.40997085], [114.28751159, 22.40976092], [114.28756759, 22.40967171], [114.28749062, 22.4095565], [114.28738769, 22.40916659], [114.2872983, 22.40895763], [114.28701117, 22.40838485], [114.2868241, 22.40806829], [114.28666742, 22.40782837], [114.28644035, 22.40753548], [114.28618202, 22.4072659], [114.28589519, 22.40702253], [114.28558291, 22.40680795], [114.28524488, 22.40663133], [114.28508643, 22.40652712], [114.28500065, 22.40643931], [114.2848855, 22.406294], [114.28479046, 22.40613662], [114.28454765, 22.40549461], [114.28435527, 22.40518145], [114.28410155, 22.40490865], [114.28395459, 22.40479068], [114.28362032, 22.40456419], [114.28348017, 22.40443926], [114.28312042, 22.40400349], [114.28291845, 22.40369504], [114.28274415, 22.40337233], [114.28259868, 22.4030375], [114.2824822, 22.4026889], [114.281842, 22.40137835], [114.28118334, 22.40158757], [114.28016243, 22.40187988], [114.27938275, 22.40204753], [114.27893485, 22.40221697], [114.27830586, 22.40242558], [114.27789578, 22.40250492], [114.27704952, 22.40281817], [114.27690998, 22.40285442], [114.27673381, 22.40281836], [114.2766148, 22.40275887], [114.27644079, 22.4025739], [114.27544439, 22.40179472], [114.27536898, 22.40169822], [114.27521084, 22.40159338], [114.27504574, 22.40150672], [114.27489148, 22.40139744], [114.27476319, 22.40126223], [114.27240495, 22.39798273], [114.27232595, 22.3979213], [114.27232422, 22.3979581], [114.27228776, 22.39801277], [114.27216367, 22.3980646], [114.27194224, 22.3980812], [114.27172522, 22.3981425], [114.27166851, 22.39813967], [114.27148307, 22.3980472], [114.27137475, 22.39801399], [114.27130735, 22.39800596], [114.27117968, 22.39802219], [114.2710944, 22.3980056], [114.27088814, 22.39791391], [114.2708156, 22.39790162], [114.27049947, 22.39789704], [114.25806046, 22.39845937], [114.25244738, 22.39360018], [114.25248138, 22.3928392], [114.25232582, 22.39256589], [114.25246354, 22.39220554], [114.25254374, 22.39203259], [114.25264076, 22.39169063], [114.25267212, 22.39146447], [114.25271625, 22.39063342], [114.25278173, 22.39022771], [114.25290664, 22.3899005], [114.25313564, 22.38945806], [114.25345067, 22.38913282], [114.25360977, 22.38900625], [114.25428654, 22.38868933], [114.25443972, 22.38860376], [114.25444417, 22.38674165], [114.24654007, 22.38699267], [114.24684662, 22.38670664], [114.24698922, 22.38655523], [114.24723454, 22.38617462], [114.24740247, 22.38583452], [114.24752086, 22.385311], [114.24751081, 22.38513862], [114.24747117, 22.38487092], [114.24737506, 22.38452125], [114.24721972, 22.38418666], [114.24710517, 22.38398139], [114.24679529, 22.38359897], [114.24664462, 22.38347545], [114.24656393, 22.38343742], [114.24639766, 22.38321535], [114.24636433, 22.38312931], [114.2462675, 22.38300408], [114.24620852, 22.38286709], [114.24618795, 22.38278981], [114.24617972, 22.38260927], [114.24628826, 22.38242862], [114.24622927, 22.38227988], [114.24616191, 22.38217813], [114.24601933, 22.38192293], [114.24597246, 22.3818721], [114.24564253, 22.38158969], [114.24564537, 22.38124648], [114.24554964, 22.38122077], [114.2454852, 22.38117097], [114.24521341, 22.38079636], [114.24514183, 22.38072434], [114.24501959, 22.38064153], [114.24492819, 22.38060573], [114.24470881, 22.38048922], [114.24460578, 22.3803435], [114.24461909, 22.38009363], [114.24459665, 22.37994787], [114.24448463, 22.37972304], [114.24426298, 22.37964583], [114.24411054, 22.37962509], [114.24335474, 22.37945552], [114.24311965, 22.37936638], [114.24293401, 22.3792638], [114.2427526, 22.37913047], [114.24254874, 22.37891424], [114.24233306, 22.37856664], [114.2422247, 22.37817754], [114.24202912, 22.37788424], [114.24179502, 22.37771664], [114.24171823, 22.37761677], [114.24157997, 22.37727786], [114.24153389, 22.37719938], [114.2408639, 22.37649215], [114.24069361, 22.37628068], [114.2402749, 22.37578694], [114.23975071, 22.37524857], [114.23920214, 22.37480626], [114.23826219, 22.37412455], [114.23764674, 22.37361138], [114.23754254, 22.37346361], [114.23746245, 22.37340541], [114.23740043, 22.37337016], [114.23725593, 22.37330864], [114.23714058, 22.37328677], [114.23683069, 22.37319993], [114.23624995, 22.37314216], [114.23600673, 22.37307339], [114.23568931, 22.37294447], [114.23528964, 22.37274613], [114.23504997, 22.3725816], [114.23494458, 22.37247834], [114.23488654, 22.37240348], [114.23460547, 22.37196703], [114.23420454, 22.37173058], [114.23413973, 22.37170321], [114.23411369, 22.37167231], [114.23367919, 22.37138758], [114.23337846, 22.37129275], [114.23333922, 22.37129251], [114.23329161, 22.37127467], [114.23321997, 22.37126813], [114.23304846, 22.37120992], [114.23272649, 22.37108039], [114.23261719, 22.37104351], [114.23230516, 22.37090472], [114.23195754, 22.37079447], [114.23181063, 22.37076149], [114.23155457, 22.37074277], [114.23152297, 22.37075264], [114.23145007, 22.37075881], [114.23121111, 22.37082104], [114.23102933, 22.37083062], [114.23086196, 22.37081444], [114.23067956, 22.3707865], [114.2305375, 22.37078655], [114.23029279, 22.37083583], [114.23013625, 22.3708386], [114.22992714, 22.370878], [114.22976102, 22.37094133], [114.2296322, 22.37094137], [114.22949794, 22.37089158], [114.22907054, 22.37086037], [114.22897031, 22.37078936], [114.22889426, 22.37079166], [114.22870463, 22.37078019], [114.22867968, 22.37077148], [114.22859914, 22.37071831], [114.22853171, 22.3706965], [114.22836437, 22.37070942], [114.22829576, 22.37073129], [114.2282181, 22.37072851], [114.22771394, 22.37056733], [114.22726879, 22.37070194], [114.22699491, 22.37073674], [114.2268799, 22.37064495], [114.22679619, 22.37054588], [114.22674378, 22.37046136], [114.22670154, 22.3703669], [114.22669797, 22.3702671], [114.22672203, 22.37018395], [114.22686108, 22.36990563], [114.22687836, 22.3696943], [114.22675319, 22.36952364], [114.22675617, 22.36943518], [114.22687327, 22.36929219], [114.22691671, 22.36920328], [114.22691666, 22.36907114], [114.22687088, 22.36897654], [114.22668383, 22.36868114], [114.22654084, 22.36851755], [114.22644051, 22.36835465], [114.22632458, 22.36807084], [114.22623015, 22.36789787], [114.22612823, 22.36775737], [114.22606861, 22.36769133], [114.22584161, 22.367482], [114.22572236, 22.36733759], [114.22567176, 22.3671898], [114.22567167, 22.3669401], [114.2256409, 22.36673575], [114.22562404, 22.36672848], [114.22551825, 22.36662398], [114.22549697, 22.36658575], [114.2254192, 22.36638743], [114.22536264, 22.36621197], [114.22530441, 22.36609539], [114.22524169, 22.36588718], [114.22517476, 22.36561205], [114.2251462, 22.36528471], [114.22514976, 22.36515931], [114.22509613, 22.36498856], [114.22499075, 22.36487494], [114.22464336, 22.36465949], [114.22459218, 22.36461639], [114.22450668, 22.36456659], [114.22435052, 22.36442986], [114.2242744, 22.36430912], [114.22409087, 22.36419257], [114.22391482, 22.3641822], [114.22390147, 22.36417531], [114.2238268, 22.36418849], [114.22375966, 22.36415102], [114.22367644, 22.36405455], [114.22361547, 22.36402182], [114.22361546, 22.36399752], [114.22366272, 22.36392941], [114.22377803, 22.36366519], [114.22379949, 22.363588], [114.22374441, 22.36311652], [114.22376615, 22.36294531], [114.2237889, 22.36248632], [114.22377497, 22.3622932], [114.22376824, 22.36192449], [114.22378856, 22.36147692], [114.22384985, 22.36118171], [114.22401276, 22.36075573], [114.22419672, 22.36010814], [114.22449318, 22.3593272], [114.22450422, 22.35914614], [114.22473349, 22.35857696], [114.22233749, 22.35840942], [114.22242056, 22.3582655], [114.22242509, 22.35822954], [114.22240006, 22.35810561], [114.22240871, 22.35792531], [114.22238385, 22.35784739], [114.22235159, 22.35768778], [114.22229091, 22.35752109], [114.22227673, 22.35744542], [114.22227381, 22.35737321], [114.22229996, 22.35724949], [114.22235364, 22.35714336], [114.22246592, 22.35700193], [114.22247705, 22.35697216], [114.22247602, 22.35691768], [114.22245591, 22.35687238], [114.22236207, 22.35681669], [114.22225959, 22.35677486], [114.22209879, 22.35672415], [114.22175594, 22.35658447], [114.22171494, 22.35654372], [114.22164112, 22.35623142], [114.22164036, 22.35617821], [114.22165322, 22.35612308], [114.22167799, 22.35606886], [114.22172984, 22.35600155], [114.22183191, 22.35590048], [114.2218532, 22.35586698], [114.22186493, 22.35583092], [114.22186809, 22.35578589], [114.22185977, 22.3557444], [114.22184275, 22.35570058], [114.22175552, 22.35556759], [114.22174123, 22.35547339], [114.22174699, 22.35543299], [114.22181221, 22.35529536], [114.22182522, 22.35524332], [114.2218161, 22.35518094], [114.22177906, 22.35511881], [114.22174853, 22.3550862], [114.22160511, 22.35500534], [114.22151026, 22.35493512], [114.2214423, 22.35485232], [114.22142298, 22.35480019], [114.22135352, 22.35467547], [114.22131115, 22.35462149], [114.22128871, 22.35457763], [114.2212744, 22.35452109], [114.22127495, 22.35445671], [114.22129521, 22.35438359], [114.22133703, 22.35431111], [114.22143407, 22.35420051], [114.22145403, 22.35415906], [114.22146435, 22.35410994], [114.2214513, 22.35399424], [114.22136708, 22.35344334], [114.2213172, 22.3533425], [114.22128225, 22.35330027], [114.22122625, 22.35324667], [114.22112045, 22.35318004], [114.22403468, 22.3345172], [114.22412143, 22.33450701], [114.22417724, 22.33449345], [114.22423183, 22.33447424], [114.22429613, 22.33444262], [114.22454906, 22.33426193], [114.22465157, 22.33420998], [114.22476016, 22.33417212], [114.22493184, 22.33414216], [114.22505681, 22.33414043], [114.2252346, 22.33419893], [114.22754204, 22.33441275], [114.22786909, 22.33442871], [114.22825234, 22.33441713], [114.22839571, 22.3344198], [114.22850426, 22.33440603], [114.22853803, 22.3343921], [114.22859139, 22.33435558], [114.2286896, 22.33422202], [114.22871089, 22.33413987], [114.22887705, 22.33394396], [114.2288916, 22.33390106], [114.22889037, 22.33385591], [114.22885515, 22.33378763], [114.2286659, 22.33356955], [114.22864937, 22.33347783], [114.2286542, 22.33343324], [114.22864872, 22.33334294], [114.22862381, 22.33325603], [114.22858009, 22.33317533], [114.22850544, 22.33307884], [114.22848965, 22.33303595], [114.22848478, 22.33299136], [114.22849932, 22.33292588], [114.22855812, 22.33280226], [114.22864362, 22.33269274], [114.22878857, 22.33255949], [114.22901903, 22.33236865], [114.22913548, 22.33228846], [114.22923434, 22.3321891], [114.22931256, 22.33207506], [114.22939924, 22.33186676], [114.22942527, 22.33173355], [114.22942524, 22.33164324], [114.22940214, 22.33151965], [114.2292788, 22.33103373], [114.229238, 22.33062681], [114.22925435, 22.33053762], [114.22929132, 22.33045464], [114.22934711, 22.33038069], [114.22941322, 22.33032422], [114.22945628, 22.33030276], [114.22953331, 22.33024798], [114.22961699, 22.33014862], [114.22963518, 22.33010685], [114.2296661, 22.33007241], [114.22970613, 22.330047], [114.22975223, 22.33003401], [114.22980077, 22.33003342], [114.22984688, 22.33004639], [114.22992759, 22.33010619], [114.2299743, 22.33011577], [114.23001981, 22.33010278], [114.23006285, 22.33003955], [114.23005613, 22.32990409], [114.23007609, 22.32976467], [114.23010217, 22.32972685], [114.23021923, 22.32966586], [114.23024773, 22.32962916], [114.23025316, 22.32954562], [114.23023976, 22.3294113], [114.23024577, 22.32927584], [114.23027847, 22.32912287], [114.23032638, 22.32904497], [114.23040037, 22.32898681], [114.23049074, 22.32895517], [114.23065637, 22.32895117], [114.23070185, 22.32893591], [114.23074189, 22.32891106], [114.23077524, 22.32887831], [114.2307995, 22.32883937], [114.23080905, 22.32870754], [114.23083474, 22.32860387], [114.2309152, 22.32842505], [114.23095513, 22.32836499], [114.23125339, 22.3280242], [114.23136829, 22.32785621], [114.23144425, 22.32769028], [114.23174321, 22.32665872], [114.23174682, 22.32656899], [114.2317225, 22.32644313], [114.23172913, 22.32631162], [114.23175456, 22.32617841], [114.23178227, 22.32609166], [114.23186998, 22.32590837], [114.231928, 22.32583505], [114.23199847, 22.32577201], [114.23205527, 22.32570082], [114.23213487, 22.32555177], [114.23214281, 22.32549997], [114.23213382, 22.32537846], [114.23211671, 22.32531725], [114.23211789, 22.32528433], [114.23217484, 22.32514698], [114.23218877, 22.32506448], [114.23221107, 22.32498951], [114.23224444, 22.32493214], [114.23234826, 22.32483781], [114.23240972, 22.32476747], [114.23245573, 22.32467942], [114.23247485, 22.32460864], [114.23247351, 22.3245151], [114.23241126, 22.32436439], [114.23241176, 22.324306], [114.23244077, 22.32424471], [114.23253107, 22.32416392], [114.23256723, 22.324102], [114.23258087, 22.32403671], [114.23259685, 22.32378121], [114.23262351, 22.32370881], [114.23265143, 22.32366788], [114.23269843, 22.32364343], [114.23274404, 22.3236357], [114.23280851, 22.32363933], [114.23285522, 22.32362745], [114.23289828, 22.32360656], [114.23293527, 22.32357833], [114.23313355, 22.32334911], [114.23333061, 22.3230911], [114.23383684, 22.32232332], [114.2339284, 22.32221831], [114.23403695, 22.32212853], [114.23409759, 22.32209126], [114.234228, 22.32203139], [114.2343202, 22.32200256], [114.23441482, 22.32198334], [114.23451127, 22.32197372], [114.23523743, 22.32201071], [114.23550849, 22.32198799], [114.23560801, 22.32199052], [114.23574763, 22.32201748], [114.23583541, 22.32204767], [114.23592113, 22.32210293], [114.23601517, 22.32220193], [114.23605664, 22.32222505], [114.2361064, 22.32223918], [114.23619116, 22.32224403], [114.23633492, 22.32222647], [114.23641739, 22.32220564], [114.23649018, 22.32214853], [114.23654718, 22.32207626], [114.23661078, 22.32190592], [114.23663426, 22.32186733], [114.23666603, 22.32183517], [114.2367236, 22.32180472], [114.23679211, 22.32174148], [114.23702553, 22.32141346], [114.23712896, 22.32131493], [114.23724128, 22.32125772], [114.23728625, 22.32125328], [114.23732304, 22.32125948], [114.23743522, 22.32125942], [114.23751368, 22.32124777], [114.23759224, 22.32121256], [114.23770699, 22.32114253], [114.23777788, 22.32107763], [114.23786847, 22.32091546], [114.23803179, 22.32070932], [114.23808582, 22.32062406], [114.2383789, 22.31996186], [114.23847528, 22.31980547], [114.2385923, 22.31966151], [114.23875252, 22.31954085], [114.23883599, 22.31949033], [114.23896055, 22.31943962], [114.23906684, 22.31941133], [114.23920201, 22.31939098], [114.2393578, 22.31938494], [114.24022971, 22.31945234], [114.24039052, 22.31948266], [114.24050609, 22.31952166], [114.24066664, 22.31960711], [114.24074997, 22.31967716], [114.24080852, 22.3197534], [114.24088812, 22.31989796], [114.24098537, 22.32004459], [114.24104972, 22.3201105], [114.24108878, 22.32018962], [114.24119206, 22.32056077], [114.24120104, 22.32062381], [114.24119743, 22.32075526], [114.24122918, 22.32081372], [114.24126654, 22.32083768], [114.24135498, 22.32083504], [114.24140259, 22.32081471], [114.24152623, 22.32073634], [114.24160889, 22.32070727], [114.24167356, 22.32070528], [114.24174899, 22.32072691], [114.24180682, 22.32076899], [114.24184896, 22.32082196], [114.24186843, 22.32086965], [114.24188459, 22.32094682], [114.24191803, 22.32100092], [114.24197947, 22.32104677], [114.24214431, 22.32112974], [114.24217647, 22.32115273], [114.24220364, 22.32118655], [114.24226618, 22.3213038], [114.24230511, 22.32135029], [114.24234785, 22.32138099], [114.24238682, 22.32139751], [114.24255687, 22.32140778], [114.24263262, 22.32143472], [114.24269908, 22.32149389], [114.2427496, 22.32157988], [114.24278249, 22.32162108], [114.24283583, 22.32165143], [114.24294237, 22.32150123], [114.24298796, 22.3214124], [114.24302957, 22.32130607], [114.24304975, 22.32119234], [114.24305053, 22.32110348], [114.24300131, 22.32096976], [114.24299595, 22.32087483], [114.24298219, 22.32077692], [114.2429424, 22.32062593], [114.24292792, 22.32035433], [114.24300915, 22.32008492], [114.24301866, 22.31996024], [114.24294124, 22.31971607], [114.24290349, 22.31965953], [114.242786, 22.31943531], [114.24270082, 22.31925704], [114.24267116, 22.31921168], [114.2426162, 22.31902782], [114.24251928, 22.3188716], [114.24251011, 22.31881262], [114.24246526, 22.31871997], [114.24246093, 22.318693], [114.24245102, 22.3186926], [114.24243149, 22.31861048], [114.24243238, 22.31858716], [114.24242644, 22.31857333], [114.24242757, 22.31840213], [114.24243512, 22.31827078], [114.24242156, 22.31821495], [114.2423624, 22.31809343], [114.24232513, 22.31804002], [114.24228163, 22.31793608], [114.24226787, 22.31783529], [114.24226903, 22.31764246], [114.24225027, 22.31756985], [114.24222972, 22.31756097], [114.24221561, 22.31751646], [114.24220604, 22.31751273], [114.24212793, 22.31739475], [114.24209233, 22.31716841], [114.24209646, 22.31712998], [114.24190958, 22.31694661], [114.2417593, 22.31675755], [114.24160683, 22.31660057], [114.2416466, 22.31655768], [114.24159033, 22.31651273], [114.24187633, 22.31613401], [114.24197247, 22.31598767], [114.2419964, 22.31593524], [114.2420265, 22.31583369], [114.24203684, 22.31577072], [114.24203516, 22.31567373], [114.24205558, 22.31560696], [114.24204935, 22.31551204], [114.24206791, 22.31542403], [114.24208859, 22.31540091], [114.24213811, 22.31537382], [114.24217491, 22.31537161], [114.24222533, 22.31540028], [114.2423621, 22.315428], [114.24245212, 22.31543748], [114.24269452, 22.31543575], [114.24281217, 22.31542203], [114.24285139, 22.31542201], [114.24292983, 22.31540373], [114.24304747, 22.31539], [114.24316514, 22.31538539], [114.24343969, 22.31540808], [114.24355734, 22.31540803], [114.24363579, 22.31539432], [114.24371421, 22.31536691], [114.24375343, 22.31535777], [114.24383187, 22.31535317], [114.2439103, 22.31533946], [114.24402797, 22.31533941], [114.2441064, 22.3153257], [114.2441456, 22.31530742], [114.24418483, 22.31529829], [114.24422404, 22.31528003], [114.24430248, 22.31526632], [114.24432207, 22.31524806], [114.24435149, 22.31523893], [114.24436618, 22.31522524], [114.24438579, 22.3152161], [114.24440048, 22.31518416], [114.24442499, 22.31515679], [114.24445927, 22.31509747], [114.24447396, 22.31506097], [114.244518, 22.31487849], [114.24455718, 22.31480549], [114.24462578, 22.31473248], [114.24476298, 22.31460014], [114.24486713, 22.31444198], [114.24491506, 22.3143627], [114.24499315, 22.31426138], [114.24518318, 22.31413148], [114.24522808, 22.31407743], [114.24529244, 22.31403705], [114.24534138, 22.31398689], [114.24541483, 22.31379562], [114.24544473, 22.31374202], [114.2455757, 22.31359721], [114.24546878, 22.3135195], [114.24532545, 22.31347139], [114.24527372, 22.31346399], [114.24517171, 22.3135008], [114.24503893, 22.31357897], [114.24478932, 22.31353573], [114.24471649, 22.31350499], [114.24465274, 22.31336791], [114.24447754, 22.31324198], [114.24442576, 22.31316047], [114.24445358, 22.31305669], [114.24449729, 22.31292696], [114.2444389, 22.31286552], [114.24435745, 22.31281768], [114.24407455, 22.31276192], [114.24388161, 22.31259441], [114.24379154, 22.31246676], [114.24377864, 22.31234705], [114.24383429, 22.31221933], [114.2439928, 22.31207961], [114.24406559, 22.31193992], [114.24400553, 22.31181225], [114.2439493, 22.31166264], [114.24389783, 22.31157088], [114.24379066, 22.31151107], [114.24356776, 22.31143135], [114.24353812, 22.31139461], [114.24354049, 22.31134539], [114.24360052, 22.31123575], [114.24362689, 22.31114179], [114.24359564, 22.31108363], [114.2435115, 22.31100091], [114.24350668, 22.31094946], [114.24352824, 22.3108309], [114.24349939, 22.31078394], [114.24337201, 22.31068779], [114.24314311, 22.31064662], [114.24298451, 22.31061077], [114.24289454, 22.31067465], [114.24285548, 22.31072424], [114.24281139, 22.31076189], [114.24275436, 22.31078921], [114.24269607, 22.31079791], [114.24263453, 22.3107834], [114.24258078, 22.31075405], [114.24253842, 22.3107129], [114.24247522, 22.31061342], [114.24241178, 22.31044859], [114.24237229, 22.31040952], [114.24230958, 22.31039568], [114.24224994, 22.31040609], [114.242194, 22.31043328], [114.24201432, 22.31059244], [114.24196308, 22.31062148], [114.2418972, 22.31062015], [114.24186925, 22.31057552], [114.24185334, 22.31051705], [114.24183852, 22.31046083], [114.24182614, 22.31042919], [114.24181376, 22.31038411], [114.2418127, 22.31033425], [114.24181989, 22.31027862], [114.2418518, 22.31019613], [114.24187702, 22.31011578], [114.24187245, 22.31000291], [114.24180883, 22.30988585], [114.24181468, 22.30984592], [114.24189105, 22.3096637], [114.24186321, 22.30948614], [114.24185658, 22.30935952], [114.24186865, 22.3092447], [114.24185611, 22.30921758], [114.2418223, 22.30919117], [114.24176748, 22.3091634], [114.24141006, 22.30906918], [114.2413368, 22.30907493], [114.2412445, 22.30911313], [114.24118175, 22.30912651], [114.24112789, 22.30912358], [114.2410649, 22.3091058], [114.2410265, 22.30907996], [114.24098669, 22.30902647], [114.24095499, 22.30899944], [114.24091414, 22.30897822], [114.24083316, 22.30895332], [114.24077862, 22.3089137], [114.24074469, 22.30887068], [114.24069209, 22.30877055], [114.24066093, 22.30872926], [114.24059233, 22.30857191], [114.24057591, 22.30851735], [114.24057042, 22.30846066], [114.24057996, 22.30834548], [114.24061767, 22.30823456], [114.2404037, 22.30743992], [114.24002322, 22.30658566], [114.2400103, 22.30640284], [114.24010592, 22.30633509], [114.24012662, 22.30631312], [114.2401268, 22.30626217], [114.24010318, 22.30620644], [114.23993935, 22.30605543], [114.23988714, 22.30598842], [114.23986386, 22.30593699], [114.23986004, 22.30590753], [114.23988044, 22.30585129], [114.23991712, 22.30580479], [114.24005877, 22.30571852], [114.24017542, 22.30559448], [114.24020358, 22.30553952], [114.24019911, 22.3054987], [114.24015354, 22.30545967], [114.24001642, 22.30539145], [114.23995653, 22.30532679], [114.23995844, 22.30528188], [114.2400196, 22.30519979], [114.24010761, 22.30516033], [114.2401237, 22.30514085], [114.2401386, 22.3050953], [114.24014362, 22.30500875], [114.24015172, 22.30499177], [114.24025528, 22.30496405], [114.24043399, 22.30492758], [114.24045446, 22.30493212], [114.24056195, 22.30500033], [114.24059273, 22.30501005], [114.24061692, 22.3050076], [114.24064444, 22.30498529], [114.24066412, 22.30494619], [114.24067701, 22.30472528], [114.24069185, 22.30469765], [114.24071426, 22.30467975], [114.24073931, 22.30467237], [114.24075538, 22.30467735], [114.2408705, 22.30476128], [114.24091202, 22.30477627], [114.24094311, 22.30477513], [114.24097868, 22.30475969], [114.24100833, 22.30473247], [114.24102788, 22.30464941], [114.24103735, 22.30463611], [114.24129911, 22.30448287], [114.24135248, 22.30445884], [114.24144067, 22.30443985], [114.24147035, 22.30441595], [114.24149107, 22.30437796], [114.24149381, 22.30428758], [114.24146112, 22.30418206], [114.24137153, 22.30401841], [114.2413773, 22.30398619], [114.24139242, 22.30395685], [114.24143859, 22.30391613], [114.24153979, 22.30386109], [114.2416328, 22.30384367], [114.24167929, 22.30381513], [114.24170794, 22.30378247], [114.24174376, 22.30370105], [114.24177778, 22.30355912], [114.24182571, 22.30348622], [114.24202797, 22.3032887], [114.24210346, 22.3032965], [114.24217276, 22.30329257], [114.24219368, 22.30328027], [114.24223246, 22.30323498], [114.24224312, 22.30321295], [114.2422361, 22.30314237], [114.24219446, 22.3030641], [114.24216643, 22.30297542], [114.24215983, 22.30292283], [114.24216642, 22.30287106], [114.24220509, 22.30284229], [114.24227151, 22.30282645], [114.24240976, 22.30281578], [114.24248543, 22.30278767], [114.2425834, 22.30272002], [114.24262234, 22.30270274], [114.24269388, 22.30268845], [114.2428004, 22.30261782], [114.24284211, 22.30260359], [114.24291402, 22.30260091], [114.24297092, 22.30258398], [114.24304869, 22.3025428], [114.24312822, 22.30253317], [114.24319182, 22.30250778], [114.24337797, 22.30239833], [114.24343106, 22.30238228], [114.2435139, 22.30238795], [114.24357619, 22.30236509], [114.24365713, 22.30229097], [114.24372486, 22.30220378], [114.24385134, 22.30191861], [114.24389989, 22.30186097], [114.24387329, 22.30172507], [114.24387438, 22.30162172], [114.24385849, 22.3015593], [114.24386278, 22.3012199], [114.24376427, 22.30116423], [114.24366149, 22.30101415], [114.24363361, 22.30070509], [114.2437053, 22.30038194], [114.24374875, 22.30030979], [114.2438067, 22.30024115], [114.2440423, 22.30002934], [114.24413235, 22.29991142], [114.24428422, 22.29984217], [114.24438689, 22.29974653], [114.24440826, 22.29961985], [114.24437094, 22.29934834], [114.24438035, 22.29925567], [114.24448173, 22.29906386], [114.24468695, 22.29859815], [114.24482049, 22.29847083], [114.24485638, 22.29839282], [114.24476744, 22.29824566], [114.24477054, 22.29812486], [114.24481084, 22.29807851], [114.24504337, 22.298018], [114.24514858, 22.29794876], [114.24521972, 22.29779509], [114.24525551, 22.29753058], [114.24541224, 22.29713173], [114.24541832, 22.2966872], [114.24543652, 22.29653706], [114.24535578, 22.29638404], [114.245294, 22.2963436], [114.24507089, 22.29631202], [114.24482376, 22.29610746], [114.24482177, 22.29590747], [114.24486584, 22.29581598], [114.24509203, 22.29570855], [114.24513226, 22.29549801], [114.24515999, 22.29549507], [114.24516312, 22.29545812], [114.24519398, 22.29542879], [114.24531244, 22.29537654], [114.24542959, 22.29524924], [114.24544208, 22.29501289], [114.24539092, 22.29479064], [114.24515327, 22.29465294], [114.24515327, 22.29464121], [114.24497681, 22.29462838], [114.24447967, 22.29477931], [114.24413369, 22.29479704], [114.24463921, 22.29500795], [114.24466003, 22.29506248], [114.24465438, 22.29510588], [114.24447981, 22.29508132], [114.24415269, 22.29500405], [114.243668, 22.29484063], [114.24315302, 22.29458691], [114.24315302, 22.29457518], [114.24272435, 22.29428389], [114.24264428, 22.29421179], [114.24256172, 22.29419834], [114.24232035, 22.29419961], [114.24215506, 22.29420884], [114.2421341, 22.29415278], [114.24213942, 22.29409794], [114.24222582, 22.29392861], [114.24221389, 22.29377473], [114.24223442, 22.29366998], [114.24223282, 22.29359009], [114.24225907, 22.2935142], [114.24224975, 22.29341875], [114.24222366, 22.2933706], [114.24213432, 22.29330798], [114.24208635, 22.2930807], [114.24198096, 22.29287106], [114.24194361, 22.29282598], [114.24188861, 22.29280901], [114.24166729, 22.29286629], [114.24161122, 22.29285674], [114.24155514, 22.29282405], [114.24148595, 22.29272266], [114.24146028, 22.29257675], [114.24147156, 22.29244122], [114.24153748, 22.29232453], [114.2415239, 22.29227257], [114.24148029, 22.29224167], [114.24137675, 22.29221536], [114.24116531, 22.29221012], [114.24109719, 22.29217567], [114.24105787, 22.29212572], [114.24106004, 22.29204041], [114.24118052, 22.29188921], [114.24120232, 22.29183923], [114.24121097, 22.29174971], [114.24120037, 22.29169989], [114.24111719, 22.29160058], [114.24103832, 22.29146168], [114.24106611, 22.2913872], [114.24110334, 22.29133265], [114.24121774, 22.29120494], [114.24125763, 22.29114296], [114.24128809, 22.29106692], [114.24130138, 22.29100371], [114.24130399, 22.29093058], [114.241292, 22.2908587], [114.24125746, 22.29075643], [114.24124939, 22.29068401], [114.24126011, 22.29063086], [114.24129729, 22.29053207], [114.24146852, 22.29033434], [114.24150576, 22.290255], [114.24152037, 22.29017939], [114.24151768, 22.29010626], [114.24150736, 22.29007333], [114.24143502, 22.28994765], [114.24127, 22.28978846], [114.2412136, 22.28971309], [114.24110254, 22.28942537], [114.2410703, 22.28921307], [114.24124901, 22.28885597], [114.24138967, 22.28846326], [114.2414863, 22.28833529], [114.24166531, 22.28798715], [114.24217992, 22.28743436], [114.24234805, 22.28729352], [114.24233681, 22.28726915], [114.24225503, 22.2872014], [114.24208843, 22.28713108], [114.24192334, 22.28702084], [114.24196664, 22.28634524], [114.24213727, 22.28631159], [114.24219947, 22.28631763], [114.2422787, 22.28635295], [114.24243312, 22.28646956], [114.24250971, 22.28649027], [114.24292053, 22.28655095], [114.24317037, 22.2865965], [114.24338218, 22.28651777], [114.24346718, 22.2864692], [114.24368104, 22.2862056], [114.24422758, 22.28563477], [114.24423372, 22.28228996], [114.26159887, 22.27300665], [114.26158245, 22.24573543], [114.30906868, 22.19282836], [114.3092438, 22.14847393]]]]}, "properties": {"GmlID": "DCD.16", "OBJECTID": 16, "AREA_ID": "Q", "AREA_CODE": "SK", "NAME_TC": "西貢區", "NAME_EN": "Sai Kung District", "REGION": "NT", "Shape_Length": 123547.79981321, "Shape_Area": 766457000.0314283}}, {"type": "Feature", "geometry": {"type": "MultiPolygon", "coordinates": [[[[114.45603731, 22.46622046], [114.45488723, 22.46872377], [114.45504666, 22.51743308], [114.45513694, 22.54497529], [114.43396569, 22.56199646], [114.40761967, 22.56365471], [114.33618955, 22.5681287], [114.33580608, 22.51282607], [114.33585213, 22.5100633], [114.33478956, 22.50902639], [114.33425609, 22.50890296], [114.33389224, 22.50871176], [114.33347984, 22.50847551], [114.33280048, 22.50794656], [114.33183234, 22.50673479], [114.33148059, 22.50650977], [114.33105587, 22.50608197], [114.33036434, 22.50549668], [114.32985472, 22.50500135], [114.329127, 22.50458512], [114.32869047, 22.50441088], [114.32779302, 22.50393845], [114.32748974, 22.50369647], [114.32723505, 22.50355585], [114.32680437, 22.50319002], [114.32670128, 22.50312814], [114.32652536, 22.50297055], [114.32630107, 22.50291442], [114.32604659, 22.50296536], [114.3257861, 22.50306138], [114.32549528, 22.50312926], [114.32495002, 22.50328752], [114.32470158, 22.50332718], [114.3244065, 22.50329864], [114.32396769, 22.50317756], [114.32385552, 22.50302147], [114.32360331, 22.50281345], [114.32307505, 22.50252174], [114.32287548, 22.50241891], [114.32254298, 22.5023677], [114.3221915, 22.50227131], [114.32202196, 22.50217243], [114.32186659, 22.50195621], [114.32144499, 22.5014724], [114.32094593, 22.50107106], [114.32054684, 22.50090657], [114.32003695, 22.50075251], [114.31912808, 22.50055757], [114.31882879, 22.50045481], [114.31848088, 22.5002472], [114.31831415, 22.50021431], [114.3182151, 22.50015582], [114.31808904, 22.50010574], [114.31746748, 22.49954567], [114.3169901, 22.49916956], [114.31676499, 22.49905261], [114.31638688, 22.49894416], [114.31603028, 22.49879225], [114.31601005, 22.49868631], [114.31610714, 22.49820809], [114.3161248, 22.49786501], [114.3160076, 22.4976643], [114.31596243, 22.49748862], [114.31581807, 22.49712895], [114.31573679, 22.4968529], [114.31562862, 22.49666891], [114.31544845, 22.49650172], [114.31530435, 22.49639307], [114.31509729, 22.49631795], [114.31488128, 22.49630976], [114.31466868, 22.49620582], [114.3144953, 22.49608518], [114.31385589, 22.49558248], [114.31359597, 22.49551319], [114.31317366, 22.49556292], [114.31271885, 22.49557338], [114.31246977, 22.49556352], [114.31214483, 22.49547321], [114.31159734, 22.49521149], [114.31154174, 22.49514991], [114.31149315, 22.49501775], [114.31142387, 22.49492349], [114.31135565, 22.49487462], [114.31133652, 22.49480704], [114.31124141, 22.49471072], [114.3111897, 22.49462338], [114.31110643, 22.49457573], [114.31106201, 22.49450872], [114.31101655, 22.49449897], [114.31100573, 22.49445525], [114.31095259, 22.49441498], [114.31094352, 22.49437442], [114.31086803, 22.4942997], [114.31079189, 22.49426636], [114.31072747, 22.49419316], [114.31062479, 22.49416628], [114.31044766, 22.49402128], [114.31038833, 22.49395561], [114.31032121, 22.49391652], [114.31024188, 22.4938344], [114.31014601, 22.49380226], [114.31009369, 22.49377368], [114.31003835, 22.49371836], [114.31000953, 22.49371126], [114.30991048, 22.49377648], [114.30972686, 22.49377429], [114.30968732, 22.49379544], [114.309561, 22.49373944], [114.30953337, 22.49371124], [114.30947158, 22.49369552], [114.30934957, 22.49361794], [114.30920747, 22.49360565], [114.30914117, 22.49355775], [114.30884126, 22.49348178], [114.30874151, 22.49344331], [114.30856725, 22.49330559], [114.30846283, 22.49317967], [114.30802931, 22.49278747], [114.30771509, 22.49259147], [114.30668587, 22.49206387], [114.30535035, 22.49118956], [114.30510118, 22.49106898], [114.30490621, 22.49101881], [114.304603, 22.49100898], [114.30401825, 22.49099937], [114.3038558, 22.49096931], [114.30335749, 22.4907684], [114.30261527, 22.49024511], [114.30222528, 22.49006424], [114.30207366, 22.49003417], [114.30147803, 22.48997424], [114.30110908, 22.48995579], [114.30088188, 22.49017739], [114.30067634, 22.49040905], [114.30053567, 22.49051987], [114.30030833, 22.4905905], [114.2999619, 22.49068135], [114.29943137, 22.49076227], [114.29865161, 22.49065215], [114.29844586, 22.49065231], [114.29821852, 22.49070281], [114.29788294, 22.49082384], [114.29768811, 22.49092464], [114.29688722, 22.49141842], [114.29674654, 22.49152925], [114.29655179, 22.49172063], [114.29627444, 22.49203078], [114.29602449, 22.49211635], [114.29564253, 22.49213397], [114.29544761, 22.49212405], [114.29412635, 22.49193378], [114.29363973, 22.49199371], [114.29342062, 22.49235659], [114.29318258, 22.4925782], [114.292856, 22.49278515], [114.29258736, 22.49301141], [114.29203542, 22.49340435], [114.29175401, 22.49357565], [114.29158079, 22.49363617], [114.2913859, 22.49367657], [114.29105023, 22.49368686], [114.29075788, 22.49372734], [114.2902708, 22.4939793], [114.28959979, 22.4944629], [114.2894483, 22.49459386], [114.28931848, 22.49476506], [114.28864758, 22.49536943], [114.28830124, 22.4955911], [114.28755433, 22.49596403], [114.28706725, 22.49623612], [114.28621202, 22.49656885], [114.28578979, 22.49669998], [114.28488027, 22.49686164], [114.2845005, 22.49688242], [114.2837695, 22.49682251], [114.28356375, 22.49682265], [114.28264339, 22.49696418], [114.28231862, 22.49709523], [114.28179904, 22.49737739], [114.28120377, 22.49783071], [114.28101981, 22.49800194], [114.28067344, 22.49821353], [114.28055435, 22.49825386], [114.28040019, 22.4982588], [114.27849586, 22.49751132], [114.2781709, 22.49740081], [114.27774852, 22.49734068], [114.27694944, 22.49705738], [114.27618084, 22.49674866], [114.2755093, 22.49654778], [114.27539014, 22.49648746], [114.27514095, 22.49630643], [114.27488094, 22.49614555], [114.27471844, 22.49606513], [114.27436103, 22.49598483], [114.27333227, 22.49598545], [114.27297488, 22.49593533], [114.27206519, 22.49586542], [114.27113386, 22.49583577], [114.27067908, 22.49587629], [114.27032737, 22.49597715], [114.27000254, 22.49603773], [114.26944115, 22.49603939], [114.26909459, 22.49599933], [114.26885632, 22.49594914], [114.26857469, 22.49583858], [114.26834721, 22.49571793], [114.26794633, 22.4954162], [114.26774052, 22.49531567], [114.26757806, 22.49528557], [114.26738315, 22.49529574], [114.26704753, 22.49542677], [114.26683106, 22.495598], [114.26650632, 22.49579949], [114.26626812, 22.49584995], [114.26611651, 22.49585003], [114.2659888, 22.49581923], [114.2659166, 22.49570704], [114.26589486, 22.49555607], [114.26593798, 22.49525409], [114.26602437, 22.49488163], [114.26603505, 22.49464006], [114.2659916, 22.49443878], [114.26588323, 22.49431806], [114.26550412, 22.49414716], [114.2654066, 22.49405663], [114.26530904, 22.4939057], [114.26527647, 22.49378494], [114.26521145, 22.49369439], [114.26466993, 22.49360409], [114.26456161, 22.49354377], [114.26419319, 22.49315142], [114.26398736, 22.49303075], [114.26380325, 22.49299059], [114.26360835, 22.49302089], [114.26342432, 22.49311157], [114.26331607, 22.49318209], [114.26313189, 22.49304126], [114.26295858, 22.49295078], [114.26269863, 22.4928704], [114.26242789, 22.49282021], [114.26214634, 22.49282036], [114.26173216, 22.49286452], [114.26153426, 22.4928951], [114.26149031, 22.4929253], [114.26137193, 22.49294995], [114.26121706, 22.49294169], [114.26104791, 22.49289545], [114.26098838, 22.49291272], [114.26084932, 22.49306916], [114.26064921, 22.49321913], [114.26032758, 22.49339152], [114.2601738, 22.49348531], [114.26014181, 22.49348302], [114.260061, 22.4934578], [114.25970721, 22.49326387], [114.25949845, 22.49323162], [114.2593663, 22.49323464], [114.25880529, 22.49328042], [114.25840553, 22.49322679], [114.25821997, 22.49317835], [114.25783136, 22.49294669], [114.25762839, 22.49290366], [114.25720323, 22.49291105], [114.25685302, 22.49289497], [114.25657319, 22.49298507], [114.25638187, 22.49299055], [114.25610881, 22.4928285], [114.25608483, 22.49280623], [114.25585335, 22.49273005], [114.2555195, 22.49273557], [114.25486539, 22.49285343], [114.25467355, 22.49283775], [114.2543413, 22.49283964], [114.25423213, 22.49283631], [114.25415078, 22.49286727], [114.25369557, 22.4932096], [114.25347881, 22.49328769], [114.2528015, 22.4933143], [114.25246422, 22.49331769], [114.25227134, 22.49328055], [114.25202019, 22.49315884], [114.25189281, 22.49314875], [114.2516854, 22.49315561], [114.25149846, 22.49325659], [114.2512453, 22.49348139], [114.25049631, 22.49423006], [114.25028503, 22.49429423], [114.24961365, 22.49439712], [114.24939287, 22.49446407], [114.24903725, 22.49462208], [114.24879005, 22.49481113], [114.24848053, 22.49525877], [114.24825947, 22.49573424], [114.24808718, 22.49588055], [114.24805523, 22.49592653], [114.24800884, 22.49603611], [114.24800645, 22.49624408], [114.24796953, 22.49636526], [114.24768442, 22.49665274], [114.24754714, 22.49686821], [114.24749328, 22.4970553], [114.24748839, 22.49726515], [114.24754702, 22.49762489], [114.24754556, 22.49769592], [114.24751314, 22.49779574], [114.24731888, 22.49798059], [114.24683084, 22.49850602], [114.24670973, 22.49866373], [114.24634322, 22.49906591], [114.24604368, 22.4995001], [114.24556228, 22.49992554], [114.24494571, 22.50082129], [114.24472646, 22.50098572], [114.24441528, 22.50115993], [114.2442075, 22.50124869], [114.24373342, 22.5013654], [114.2434437, 22.50147508], [114.24324943, 22.50162371], [114.2430627, 22.50188655], [114.2428929, 22.50202356], [114.24239935, 22.50214726], [114.24218437, 22.50224296], [114.24220333, 22.50233607], [114.24217161, 22.50242118], [114.2421635, 22.50251093], [114.24238575, 22.50365449], [114.24251208, 22.50458489], [114.24164905, 22.50465056], [114.24159347, 22.50419475], [114.24140857, 22.50397765], [114.24128408, 22.50391168], [114.24109318, 22.50383879], [114.24079943, 22.50380935], [114.24065279, 22.50376415], [114.24035693, 22.50349826], [114.24023662, 22.50343503], [114.24009248, 22.50342124], [114.23975752, 22.5035008], [114.23949042, 22.5035071], [114.23929774, 22.50346589], [114.23900097, 22.50333622], [114.23875189, 22.50318623], [114.23847304, 22.50299179], [114.23844007, 22.50294403], [114.23835249, 22.50080411], [114.23832775, 22.50072211], [114.23805447, 22.50047184], [114.23768792, 22.50018249], [114.23753212, 22.50013018], [114.23735706, 22.50012611], [114.23690214, 22.5001736], [114.23669542, 22.50014426], [114.23654507, 22.50007862], [114.23627624, 22.49983565], [114.23592396, 22.49954828], [114.23571873, 22.49939749], [114.23563985, 22.49935618], [114.23534648, 22.49913159], [114.23521295, 22.49907007], [114.23538052, 22.49892067], [114.23542994, 22.49885678], [114.23554951, 22.49861137], [114.23553959, 22.49834416], [114.2346646, 22.49785518], [114.23458365, 22.49782457], [114.23440878, 22.49780514], [114.23413105, 22.4978874], [114.23391623, 22.49791857], [114.23384378, 22.49791025], [114.23364638, 22.49776735], [114.23344007, 22.49780548], [114.2332138, 22.49791976], [114.23296309, 22.4981436], [114.2328597, 22.49819935], [114.23255648, 22.49828116], [114.23245409, 22.49834665], [114.23188875, 22.49759804], [114.23171067, 22.49728853], [114.23136001, 22.49656728], [114.23129631, 22.49635347], [114.23119817, 22.49578085], [114.23115538, 22.4956437], [114.23083904, 22.49501757], [114.23042915, 22.49406543], [114.23026556, 22.49385859], [114.22997922, 22.4936587], [114.22939942, 22.49285672], [114.22934212, 22.49272544], [114.2292494, 22.49260156], [114.22904576, 22.49240814], [114.2288102, 22.49224906], [114.2286825, 22.49218383], [114.22804347, 22.49168639], [114.2275676, 22.49137348], [114.22732146, 22.49122833], [114.22710894, 22.49106493], [114.22686304, 22.49091974], [114.22659915, 22.49080504], [114.2263216, 22.49072272], [114.226035, 22.49067414], [114.22549018, 22.49048853], [114.22468459, 22.49025997], [114.22468447, 22.48990809], [114.22460094, 22.48961611], [114.2246058, 22.48921361], [114.2245917, 22.4890178], [114.22444681, 22.48886875], [114.22430778, 22.48870263], [114.22412352, 22.48863812], [114.22403005, 22.488465], [114.22401999, 22.48829138], [114.22414102, 22.48778943], [114.22410287, 22.48748726], [114.22403931, 22.48737569], [114.22363414, 22.48696622], [114.22350357, 22.48714906], [114.22317395, 22.4874379], [114.22302283, 22.4875008], [114.22235607, 22.48756186], [114.22210682, 22.48767062], [114.22197307, 22.48774653], [114.22176298, 22.4878875], [114.22159155, 22.48803999], [114.22135835, 22.48833902], [114.2208664, 22.48892451], [114.22052326, 22.48919862], [114.22043822, 22.4892338], [114.22028408, 22.48924687], [114.2198429, 22.48906699], [114.21955069, 22.48914866], [114.2194366, 22.48910225], [114.21886835, 22.48935171], [114.21809984, 22.48971729], [114.21776498, 22.48993831], [114.21766608, 22.48996989], [114.21660686, 22.49001127], [114.21636893, 22.49008424], [114.21615859, 22.49016987], [114.21600007, 22.49016591], [114.21585284, 22.49014654], [114.21525409, 22.48994154], [114.21504726, 22.48989842], [114.21464632, 22.48993392], [114.21453759, 22.48995644], [114.21376426, 22.49018687], [114.21358071, 22.49024591], [114.21326301, 22.49036741], [114.21276848, 22.49018226], [114.2124152, 22.49024917], [114.21204533, 22.49039758], [114.21152042, 22.49038897], [114.21099921, 22.49033348], [114.21053242, 22.49026124], [114.20972061, 22.4901495], [114.20933207, 22.49026525], [114.20893019, 22.49009258], [114.20864644, 22.48995416], [114.20823524, 22.48970641], [114.20782802, 22.48960608], [114.20756182, 22.48954516], [114.20745104, 22.48952848], [114.20730735, 22.48956749], [114.20714272, 22.48979305], [114.20704394, 22.48984041], [114.20676242, 22.48985221], [114.20663665, 22.48988936], [114.20612116, 22.49023238], [114.20569849, 22.49065076], [114.2055781, 22.49075619], [114.20548872, 22.49077427], [114.20520351, 22.49080201], [114.20492401, 22.4908939], [114.20463599, 22.49111505], [114.20434151, 22.49138903], [114.20369128, 22.49173554], [114.20249577, 22.49247117], [114.20106192, 22.49275942], [114.20080166, 22.49283812], [114.20059823, 22.49293222], [114.20047371, 22.492925], [114.20016628, 22.49279425], [114.20005996, 22.49280193], [114.19932478, 22.49304407], [114.19890946, 22.49298312], [114.19865261, 22.49297954], [114.19840342, 22.49300559], [114.19815434, 22.49305145], [114.19797753, 22.49307189], [114.19756505, 22.49297425], [114.19744089, 22.49299359], [114.19734832, 22.4930711], [114.19720484, 22.49325193], [114.19713541, 22.49327777], [114.19662547, 22.49311524], [114.19599147, 22.49314581], [114.19584389, 22.49307975], [114.1957619, 22.49307976], [114.19564714, 22.49317636], [114.19548341, 22.49324992], [114.19542307, 22.49331362], [114.19535203, 22.49350169], [114.19529989, 22.49358583], [114.1950642, 22.49374868], [114.19485057, 22.4938605], [114.19475205, 22.49399109], [114.19473628, 22.49415921], [114.19469261, 22.49422842], [114.19458816, 22.49425057], [114.19429293, 22.49445161], [114.19421951, 22.49453379], [114.19410164, 22.49477566], [114.19402221, 22.49486666], [114.19395028, 22.49491958], [114.19382839, 22.49497484], [114.19365903, 22.49495862], [114.19339323, 22.49480127], [114.19332678, 22.49477853], [114.19269031, 22.49477162], [114.19237807, 22.49472849], [114.19228764, 22.49469042], [114.19211278, 22.49458413], [114.19195739, 22.49442214], [114.19184347, 22.49437758], [114.19157719, 22.49434464], [114.19156321, 22.49437297], [114.19153375, 22.49451131], [114.19151228, 22.49467564], [114.1915078, 22.49478474], [114.19149032, 22.49487201], [114.19143387, 22.49491473], [114.19127701, 22.49500341], [114.19086087, 22.49510557], [114.19020491, 22.49512838], [114.18990717, 22.4951739], [114.18968086, 22.49517392], [114.18921374, 22.49510571], [114.18905137, 22.49510572], [114.1889065, 22.49511502], [114.18877111, 22.49513545], [114.18864551, 22.49517405], [114.18850741, 22.49517775], [114.18815486, 22.49530231], [114.18798574, 22.49531748], [114.18778745, 22.49530922], [114.18774745, 22.49537907], [114.18722578, 22.49548695], [114.18664996, 22.49557162], [114.18611432, 22.49561891], [114.18334402, 22.49562352], [114.17938452, 22.49452259], [114.17921515, 22.49443414], [114.17909502, 22.49435748], [114.17898159, 22.49427246], [114.1788419, 22.49414699], [114.17871678, 22.49400889], [114.17843468, 22.49363152], [114.17840422, 22.49359968], [114.1783704, 22.49353136], [114.17824776, 22.49343946], [114.17808904, 22.49338661], [114.17799954, 22.49339167], [114.17775131, 22.49338386], [114.17753794, 22.49322142], [114.17732911, 22.49285328], [114.17718623, 22.49250604], [114.17706634, 22.49238302], [114.17695043, 22.49229621], [114.17689348, 22.49226418], [114.17674061, 22.49209474], [114.17660273, 22.49201072], [114.17649782, 22.49192112], [114.17632597, 22.49171547], [114.17562557, 22.49140953], [114.1754802, 22.49127212], [114.17529336, 22.49097084], [114.17501061, 22.49074011], [114.17482377, 22.49067559], [114.17486172, 22.49046482], [114.17486574, 22.49037709], [114.17482627, 22.49035387], [114.17472435, 22.49024942], [114.17469788, 22.49021135], [114.17462494, 22.49001126], [114.17441114, 22.48983068], [114.17438867, 22.48947648], [114.17428576, 22.48917519], [114.17422131, 22.48907445], [114.1739066, 22.48893054], [114.17388861, 22.48889896], [114.17381568, 22.48883258], [114.17375023, 22.48867103], [114.17372377, 22.48852851], [114.17370928, 22.48836371], [114.17368081, 22.48821562], [114.17362736, 22.48809863], [114.17356892, 22.48804292], [114.17341255, 22.48793893], [114.17302988, 22.48776066], [114.17291099, 22.48768917], [114.17285455, 22.4876446], [114.17277413, 22.48752715], [114.17274965, 22.48747051], [114.17274065, 22.48737813], [114.17266522, 22.48736838], [114.17261627, 22.48735351], [114.17250538, 22.48727414], [114.17243294, 22.48716968], [114.17237749, 22.48705966], [114.17237249, 22.48698167], [114.17243145, 22.48687211], [114.17243645, 22.48667575], [114.17208278, 22.48622356], [114.17199887, 22.48601792], [114.17198939, 22.48577559], [114.17202887, 22.48518138], [114.17187402, 22.48478864], [114.17184206, 22.4846605], [114.17183208, 22.48448689], [114.17195569, 22.48411468], [114.17190862, 22.48405018], [114.17178675, 22.48396923], [114.17171132, 22.48396923], [114.17166489, 22.48401239], [114.17160685, 22.48411493], [114.17153719, 22.48427143], [114.17149078, 22.48432539], [114.17131956, 22.48437233], [114.17106422, 22.48446946], [114.17066958, 22.48466371], [114.17061156, 22.48467451], [114.17004863, 22.48467989], [114.16976428, 22.4846367], [114.1696424, 22.48465828], [114.16960177, 22.48484716], [114.16960756, 22.48501984], [114.16974104, 22.48505223], [114.17009503, 22.48518715], [114.17011244, 22.4852519], [114.17007181, 22.48530587], [114.16994994, 22.4853814], [114.16982807, 22.48544077], [114.16976423, 22.4855217], [114.16975261, 22.48559186], [114.16977583, 22.48566202], [114.16976422, 22.48573217], [114.16961448, 22.48596206], [114.16938812, 22.48626425], [114.16930106, 22.48658263], [114.16900507, 22.48689021], [114.16888899, 22.48696037], [114.16874392, 22.48671212], [114.16857563, 22.48645848], [114.16844797, 22.48640451], [114.16832028, 22.48640451], [114.16808816, 22.48642068], [114.16794888, 22.48639369], [114.16784441, 22.48634511], [114.16769934, 22.48625337], [114.16750783, 22.48622098], [114.16713294, 22.48617239], [114.16699366, 22.48607524], [114.1669008, 22.48608064], [114.16677893, 22.48610221], [114.16649457, 22.4861076], [114.16635528, 22.4860914], [114.16618119, 22.4859295], [114.16607673, 22.48579998], [114.16590265, 22.48572442], [114.16558928, 22.48563265], [114.16533393, 22.48558946], [114.165125, 22.4856596], [114.16498571, 22.48574593], [114.16486615, 22.4859402], [114.16475007, 22.48601033], [114.16469204, 22.48601033], [114.16453535, 22.48597254], [114.16429741, 22.48596173], [114.16412331, 22.4859833], [114.16405524, 22.48602798], [114.16416118, 22.48623117], [114.16416697, 22.48632293], [114.16423082, 22.48646331], [114.16425981, 22.48684119], [114.16423657, 22.48699773], [114.16411466, 22.4870625], [114.1638534, 22.48712726], [114.16380695, 22.48723522], [114.16380113, 22.48752132], [114.16384174, 22.48772317], [114.16434093, 22.48860852], [114.16443378, 22.48894863], [114.16441038, 22.48914437], [114.16429914, 22.48957413], [114.16418985, 22.4896911], [114.16407035, 22.48975802], [114.16382413, 22.48979071], [114.16363255, 22.48977449], [114.16348096, 22.48974038], [114.15953383, 22.48829439], [114.15318543, 22.48826841], [114.15149674, 22.48824435], [114.15144286, 22.48822545], [114.1514073, 22.48818337], [114.1514077, 22.48814201], [114.15142473, 22.48809045], [114.15191232, 22.48740637], [114.15193233, 22.48735558], [114.15194084, 22.48730206], [114.15193752, 22.48724807], [114.15191657, 22.48718663], [114.15187897, 22.4871458], [114.15181643, 22.4871278], [114.15168313, 22.48713363], [114.15162641, 22.48712146], [114.15157339, 22.48709914], [114.15151847, 22.48706012], [114.15149063, 22.48701297], [114.15149162, 22.48695961], [114.15152125, 22.48691342], [114.15200068, 22.48658041], [114.15232655, 22.48631885], [114.15217988, 22.48634483], [114.15212272, 22.48633662], [114.15206495, 22.48630698], [114.15204873, 22.48628468], [114.15204586, 22.48619086], [114.15196355, 22.48606137], [114.15193595, 22.48584119], [114.15192573, 22.48581586], [114.15189231, 22.48577176], [114.15173722, 22.48567402], [114.15168242, 22.485656], [114.15155219, 22.48564222], [114.15143844, 22.48561853], [114.15132738, 22.4855856], [114.15119117, 22.48553183], [114.15134157, 22.48544688], [114.15200508, 22.48502808], [114.15206991, 22.48497804], [114.15240586, 22.48469696], [114.15273942, 22.4844552], [114.15288023, 22.48438308], [114.15315274, 22.48419808], [114.15324427, 22.48409686], [114.15331673, 22.48398975], [114.15323295, 22.48366318], [114.15308714, 22.48321216], [114.15305805, 22.4830611], [114.15302898, 22.48283112], [114.15301645, 22.48233631], [114.15302753, 22.48198033], [114.15304232, 22.48180025], [114.15309252, 22.48142867], [114.15317528, 22.48114011], [114.15331797, 22.48079861], [114.15293509, 22.48013168], [114.15161791, 22.48011643], [114.1515213, 22.4801255], [114.15143334, 22.48014494], [114.15128689, 22.4802184], [114.15121105, 22.48027474], [114.15114415, 22.48034014], [114.15107946, 22.48041836], [114.1497951, 22.47970433], [114.14958386, 22.47965423], [114.14927485, 22.47961327], [114.1489952, 22.47971922], [114.14842256, 22.47796833], [114.14841434, 22.47787849], [114.14842537, 22.47778783], [114.1484812, 22.47767573], [114.14853413, 22.47752335], [114.14850771, 22.47734639], [114.14831741, 22.47682039], [114.14822033, 22.47663967], [114.14813234, 22.47653525], [114.14800012, 22.476432], [114.14757176, 22.4761419], [114.14712754, 22.47572891], [114.14684724, 22.47561088], [114.14654049, 22.47551251], [114.14636069, 22.47536009], [114.14624965, 22.47519786], [114.14602758, 22.47484389], [114.14579026, 22.47468108], [114.1455948, 22.47460319], [114.14532489, 22.47456854], [114.14504564, 22.47461173], [114.14441268, 22.47472406], [114.14389285, 22.47473258], [114.14388556, 22.47468958], [114.14396581, 22.47416195], [114.14393338, 22.4739744], [114.14373016, 22.47365914], [114.14358282, 22.47354074], [114.14339602, 22.47348592], [114.14228963, 22.47342162], [114.14213729, 22.47338492], [114.14205189, 22.47331898], [114.14197251, 22.47319594], [114.14193554, 22.47313373], [114.1418422, 22.47286399], [114.14165597, 22.47258912], [114.14124241, 22.47244326], [114.14107462, 22.47229561], [114.14086934, 22.47223799], [114.14054716, 22.47224024], [114.14013314, 22.47200386], [114.1399788, 22.47197967], [114.13992036, 22.47195645], [114.13954679, 22.47173261], [114.13890546, 22.47165215], [114.13870617, 22.47157922], [114.1385219, 22.47145337], [114.13850492, 22.47142829], [114.13849745, 22.47134195], [114.13852443, 22.47130482], [114.13867679, 22.47126632], [114.13871126, 22.47121851], [114.13871578, 22.47115212], [114.13864788, 22.47108341], [114.13846608, 22.47096035], [114.13814298, 22.47070819], [114.13804261, 22.47061486], [114.13778839, 22.47049828], [114.13764607, 22.47042211], [114.13763057, 22.47040539], [114.13761886, 22.47033928], [114.13760668, 22.47015331], [114.13758022, 22.47010084], [114.13746786, 22.4699843], [114.1371902, 22.46979017], [114.13675221, 22.46959277], [114.13624382, 22.46924865], [114.13615498, 22.46903369], [114.13586782, 22.46887345], [114.13574256, 22.46845284], [114.13557357, 22.46838428], [114.13527822, 22.46835493], [114.13504405, 22.46816556], [114.13487097, 22.46800461], [114.13468766, 22.46798564], [114.13455528, 22.46792881], [114.1341887, 22.46781513], [114.13400539, 22.46780562], [114.13356398, 22.46784284], [114.13315312, 22.46784258], [114.13281051, 22.46787787], [114.13273979, 22.4679192], [114.13221053, 22.46817612], [114.13144918, 22.46862588], [114.13133299, 22.46865494], [114.13123606, 22.46865916], [114.1311399, 22.46864712], [114.13104763, 22.4686192], [114.13092404, 22.46855356], [114.1307484, 22.46843421], [114.13068095, 22.46840624], [114.13060535, 22.46837488], [114.12998096, 22.46829291], [114.12961658, 22.46778862], [114.1293805, 22.46749909], [114.1293053, 22.46744213], [114.12921947, 22.46740011], [114.12912641, 22.4673747], [114.12892123, 22.4673666], [114.12882517, 22.46735354], [114.12873184, 22.46732867], [114.128642, 22.46728898], [114.12809927, 22.46699244], [114.12790925, 22.46650797], [114.1277275, 22.46604453], [114.12766156, 22.46584156], [114.12762701, 22.46566376], [114.12761553, 22.46549556], [114.12753424, 22.46527204], [114.12746512, 22.46496611], [114.12749794, 22.46486735], [114.12749072, 22.46467432], [114.12742156, 22.46451063], [114.12732323, 22.46436159], [114.12718787, 22.46422948], [114.12712353, 22.46415383], [114.12694141, 22.46397881], [114.1268971, 22.46391559], [114.12685827, 22.46383147], [114.12648482, 22.46381387], [114.12555633, 22.46382712], [114.12541727, 22.46383441], [114.12530615, 22.46380898], [114.12509061, 22.46372764], [114.12488478, 22.46363839], [114.1248162, 22.46355484], [114.12479568, 22.46321506], [114.12490994, 22.46288251], [114.12498715, 22.46273681], [114.12493241, 22.46233657], [114.12446128, 22.46210884], [114.12443035, 22.46201176], [114.12426569, 22.46170586], [114.12406981, 22.46140202], [114.12406989, 22.46121301], [114.12414257, 22.46098351], [114.12428815, 22.46073281], [114.12438886, 22.46052696], [114.12438164, 22.4604257], [114.1241208, 22.4602416], [114.12405148, 22.46017978], [114.12393174, 22.46002934], [114.12388102, 22.45977281], [114.1239029, 22.45948254], [114.12385946, 22.4592125], [114.12385949, 22.45915398], [114.12375543, 22.45908348], [114.12357213, 22.45900941], [114.12339666, 22.45892496], [114.12301715, 22.45869203], [114.12291851, 22.45858701], [114.12288041, 22.45851861], [114.12259455, 22.45816407], [114.12242166, 22.45800417], [114.12230004, 22.45785521], [114.12214176, 22.45748621], [114.12205754, 22.45723256], [114.12201796, 22.45681097], [114.12196327, 22.45648846], [114.1219363, 22.45614134], [114.12185934, 22.4557858], [114.12179887, 22.45564431], [114.12169811, 22.45553082], [114.12161372, 22.45549637], [114.12155484, 22.45545233], [114.12145467, 22.45539246], [114.12111868, 22.45526208], [114.12092898, 22.45516571], [114.12057672, 22.45493156], [114.12003426, 22.45424962], [114.11968805, 22.45401363], [114.11952126, 22.45386745], [114.1193291, 22.45361778], [114.11908439, 22.45326497], [114.11889926, 22.45310799], [114.11878939, 22.45303797], [114.11862974, 22.45291261], [114.11850956, 22.45279047], [114.11840146, 22.45265214], [114.11835755, 22.45252], [114.11835761, 22.45235987], [114.11841678, 22.45202958], [114.11842284, 22.45192208], [114.11841565, 22.45185098], [114.11837338, 22.45175041], [114.1182212, 22.45160793], [114.11808514, 22.45146735], [114.11806529, 22.45140519], [114.11806412, 22.45131002], [114.11809973, 22.45114488], [114.11809024, 22.45097164], [114.11807637, 22.45093288], [114.11791497, 22.45079377], [114.11783067, 22.45073832], [114.11755184, 22.450624], [114.11746996, 22.4505579], [114.11736418, 22.45042031], [114.1172159, 22.45011017], [114.11717065, 22.45004435], [114.11707779, 22.44993877], [114.11686457, 22.44981218], [114.11676077, 22.44977215], [114.11658552, 22.44973793], [114.11653379, 22.44958451], [114.11646047, 22.44950282], [114.11628874, 22.44936943], [114.11624659, 22.44932852], [114.11616654, 22.4492255], [114.11607927, 22.44906087], [114.11541802, 22.44863517], [114.11534578, 22.44858379], [114.11526648, 22.44850254], [114.11515735, 22.44835208], [114.11509908, 22.44829223], [114.1137259, 22.44639192], [114.11366156, 22.44632811], [114.11336184, 22.44583809], [114.11329084, 22.44574607], [114.11320774, 22.44558405], [114.11199816, 22.44387577], [114.11195472, 22.44379819], [114.11193978, 22.44352483], [114.11199505, 22.44331862], [114.11208307, 22.44311135], [114.11221873, 22.44290114], [114.11252015, 22.4425438], [114.11281408, 22.44209534], [114.11285732, 22.44195553], [114.11280669, 22.44178694], [114.1126712, 22.44162568], [114.11250562, 22.4413803], [114.11248309, 22.44124712], [114.11250243, 22.44112894], [114.11259702, 22.44099408], [114.1131237, 22.44034666], [114.11367848, 22.43951134], [114.11385064, 22.43906827], [114.11393819, 22.43878666], [114.11406885, 22.43850451], [114.11412861, 22.43827447], [114.11420989, 22.43810441], [114.11421962, 22.43806716], [114.11427186, 22.43800001], [114.11454468, 22.43753675], [114.1145942, 22.43743462], [114.11463521, 22.43737818], [114.11482828, 22.43725354], [114.1149743, 22.43713247], [114.11504029, 22.43702105], [114.11503442, 22.43671457], [114.11506447, 22.43655855], [114.11513646, 22.4363914], [114.1152094, 22.43632075], [114.11540527, 22.43618766], [114.11556349, 22.43604754], [114.11563132, 22.4359284], [114.11598691, 22.43548752], [114.11636714, 22.43528346], [114.11666167, 22.4350906], [114.11681477, 22.43495299], [114.11689851, 22.43480923], [114.11693352, 22.43463569], [114.11689132, 22.43454178], [114.11659895, 22.43253239], [114.11658567, 22.43235234], [114.11658818, 22.43217173], [114.11662229, 22.43190253], [114.11666487, 22.43172645], [114.11675786, 22.43146968], [114.11683807, 22.43130547], [114.11693285, 22.43114803], [114.11704159, 22.43099794], [114.11716246, 22.43085688], [114.11729608, 22.43072599], [114.11745884, 22.43058665], [114.11751291, 22.4305116], [114.11754633, 22.43042752], [114.11755791, 22.43033778], [114.11754641, 22.4302486], [114.11751669, 22.43017805], [114.11748195, 22.43016312], [114.11744215, 22.43011546], [114.11744218, 22.43003623], [114.11775317, 22.42941334], [114.1178771, 22.42914462], [114.11795652, 22.428945], [114.11814575, 22.42877155], [114.11820474, 22.42868108], [114.11826535, 22.42855652], [114.11832349, 22.42846535], [114.1184523, 22.42838552], [114.11863135, 22.42832273], [114.11879821, 22.42829795], [114.11896232, 22.42828847], [114.11918003, 22.42834776], [114.11932589, 22.42840044], [114.1194144, 22.42838636], [114.11952188, 22.42832062], [114.11980893, 22.42801875], [114.11997964, 22.42788142], [114.12015476, 22.42777084], [114.12045641, 22.42764452], [114.12077502, 22.42761407], [114.12101925, 22.42760053], [114.12110372, 22.42748481], [114.12131516, 22.42713737], [114.12142694, 22.42701118], [114.12144532, 22.42695443], [114.12145992, 22.42686526], [114.12145996, 22.42677495], [114.12144604, 22.42668577], [114.12139327, 22.42654634], [114.1213916, 22.42648328], [114.1213614, 22.42647882], [114.12133527, 22.42641772], [114.12134109, 22.42634148], [114.12139977, 22.42618397], [114.12139981, 22.42606446], [114.12135423, 22.42578295], [114.12151393, 22.42540798], [114.1219846, 22.42464063], [114.12214146, 22.424467], [114.12224693, 22.42425652], [114.12241985, 22.42403711], [114.12269641, 22.4236369], [114.12282654, 22.42349475], [114.12290669, 22.42335145], [114.12296332, 22.42329324], [114.12305065, 22.42324456], [114.12313678, 22.42321771], [114.12328553, 22.42317756], [114.12344833, 22.4231454], [114.12383177, 22.42305391], [114.12417317, 22.42289675], [114.12437145, 22.42273663], [114.12444432, 22.42264151], [114.12450762, 22.42252337], [114.12459139, 22.42233416], [114.12471498, 22.42199099], [114.12482044, 22.4217794], [114.12482586, 22.4217794], [114.12492052, 22.42147319], [114.12499463, 22.42134612], [114.12506452, 22.42125545], [114.12517661, 22.42103378], [114.12527059, 22.42089887], [114.12597001, 22.42009737], [114.12600497, 22.42002962], [114.12600199, 22.41994397], [114.12594245, 22.41975416], [114.12593045, 22.4196405], [114.12592808, 22.41952237], [114.12595461, 22.41940425], [114.12593785, 22.41915062], [114.12589694, 22.4190655], [114.12590118, 22.41897424], [114.12592832, 22.41888636], [114.12602289, 22.4187901], [114.12604218, 22.41872963], [114.12605548, 22.41857232], [114.12602544, 22.41838307], [114.12594303, 22.41817533], [114.12584902, 22.41779118], [114.12584984, 22.41776492], [114.12578485, 22.41761485], [114.12565615, 22.41718932], [114.12559538, 22.417065], [114.12555568, 22.41694071], [114.12556113, 22.41682817], [114.12563828, 22.41665744], [114.12566241, 22.41654715], [114.12565041, 22.41642621], [114.12559686, 22.41629071], [114.12557942, 22.41620504], [114.12557297, 22.41593487], [114.12564963, 22.41601418], [114.12571472, 22.4161275], [114.12576284, 22.41618286], [114.12581098, 22.41620923], [114.12588462, 22.41621451], [114.12598091, 22.41619347], [114.12603756, 22.41619085], [114.12619614, 22.41622252], [114.12636324, 22.41621204], [114.1264312, 22.41623314], [114.12653029, 22.41631486], [114.12662286, 22.4163641], [114.12671347, 22.41639574], [114.12682676, 22.41641159], [114.1272289, 22.41644597], [114.1274548, 22.41645416], [114.12778899, 22.41640682], [114.1278513, 22.41640684], [114.12787962, 22.41643584], [114.12789093, 22.41648064], [114.12784554, 22.41668352], [114.12784552, 22.41673886], [114.12786817, 22.41677575], [114.12790215, 22.41679421], [114.12818725, 22.41686703], [114.12843929, 22.41689872], [114.12852427, 22.41688557], [114.12861206, 22.41684605], [114.12878485, 22.41682768], [114.12902124, 22.41679085], [114.12923085, 22.41671713], [114.12957071, 22.41667507], [114.12968682, 22.41668565], [114.12992469, 22.41676214], [114.13000681, 22.41675952], [114.13010312, 22.4167332], [114.13039408, 22.41656769], [114.13053005, 22.41650976], [114.13075379, 22.41647557], [114.13087273, 22.41647824], [114.13098033, 22.41650198], [114.13109488, 22.41655691], [114.13127325, 22.41673878], [114.13136387, 22.41677569], [114.13146015, 22.4167968], [114.13158475, 22.41681265], [114.13170937, 22.41679951], [114.13200394, 22.41669682], [114.13208324, 22.41669421], [114.13219085, 22.41672585], [114.13224748, 22.41676013], [114.13234944, 22.41677269], [114.13243242, 22.41688227], [114.13288705, 22.41689919], [114.13325739, 22.41687466], [114.1335332, 22.41680251], [114.13371946, 22.41667544], [114.13389577, 22.41661449], [114.1340162, 22.41660724], [114.13417637, 22.41663639], [114.13459119, 22.41683078], [114.13522822, 22.41706665], [114.13551844, 22.41714231], [114.13609951, 22.41723036], [114.13624282, 22.41722928], [114.13637832, 22.41717779], [114.13655413, 22.41707486], [114.13669209, 22.41704855], [114.13679265, 22.41705417], [114.13688898, 22.4171001], [114.13712737, 22.41734091], [114.137314, 22.41746524], [114.13752234, 22.41753584], [114.13775297, 22.41754485], [114.13797879, 22.41751075], [114.13809501, 22.41748055], [114.13818234, 22.41744866], [114.13832465, 22.41730898], [114.13835521, 22.41725218], [114.13839978, 22.41721357], [114.13840159, 22.41720349], [114.13848471, 22.41716488], [114.13864308, 22.41715428], [114.13878456, 22.41718511], [114.13910128, 22.41731674], [114.13925844, 22.41734142], [114.13945354, 22.41731403], [114.1397083, 22.41719204], [114.13975587, 22.41715678], [114.1398727, 22.41711705], [114.13993053, 22.41708515], [114.14003892, 22.41705382], [114.14041228, 22.41699065], [114.14058872, 22.41692854], [114.14072785, 22.41684851], [114.14084107, 22.41680765], [114.14097356, 22.41672539], [114.14120964, 22.41660227], [114.14131926, 22.4165144], [114.14149874, 22.41639294], [114.14166137, 22.41620991], [114.14187519, 22.4160196], [114.14197574, 22.41597818], [114.14219796, 22.41592057], [114.14290372, 22.41580763], [114.14315965, 22.41578417], [114.14342641, 22.41578142], [114.14359803, 22.41579545], [114.1438768, 22.41588341], [114.14409115, 22.41598087], [114.14423565, 22.41606432], [114.14427659, 22.41607664], [114.14467577, 22.41631467], [114.14499489, 22.41643734], [114.14509845, 22.41646872], [114.14536036, 22.41659361], [114.1456813, 22.41666365], [114.14581617, 22.41671072], [114.14611602, 22.41685186], [114.1461654, 22.41685859], [114.14628604, 22.41669731], [114.14641146, 22.41659143], [114.14657362, 22.41643862], [114.14686306, 22.41608091], [114.14694314, 22.41589202], [114.14692566, 22.4157146], [114.14677703, 22.41531956], [114.14677709, 22.41505337], [114.14686336, 22.41467845], [114.14689416, 22.41459831], [114.14701735, 22.41434075], [114.14720828, 22.41403453], [114.14728115, 22.41383208], [114.14723387, 22.41350477], [114.14710713, 22.41313914], [114.14704829, 22.41289804], [114.14711385, 22.41247465], [114.1472197, 22.41212824], [114.14722705, 22.41194797], [114.14732743, 22.41183398], [114.14749782, 22.41194599], [114.14774947, 22.41208488], [114.14824681, 22.41229884], [114.14852257, 22.41237], [114.14896695, 22.41242214], [114.14919398, 22.41248181], [114.14930354, 22.41250339], [114.14951067, 22.41252189], [114.14987046, 22.41251924], [114.15009715, 22.4125707], [114.15022059, 22.4125808], [114.15041026, 22.41258251], [114.15060356, 22.41254895], [114.15064331, 22.41253608], [114.15094679, 22.4124863], [114.15131772, 22.41248076], [114.15162661, 22.41250769], [114.15179281, 22.41250325], [114.15236065, 22.41240646], [114.15262077, 22.4124009], [114.15271892, 22.41241939], [114.15299228, 22.41255716], [114.15344749, 22.41258298], [114.15514429, 22.4129001], [114.15597759, 22.41257473], [114.15630711, 22.41240981], [114.15656243, 22.41231914], [114.15684544, 22.41225647], [114.15723203, 22.41220613], [114.15762946, 22.41218714], [114.15782456, 22.41215133], [114.15796545, 22.41207856], [114.15804074, 22.41199964], [114.158181, 22.41187423], [114.15823529, 22.41185475], [114.1582891, 22.41197875], [114.15836342, 22.41209084], [114.15848899, 22.41218385], [114.15862739, 22.41217671], [114.15871966, 22.41218626], [114.15881962, 22.41224826], [114.15889653, 22.41239782], [114.15884336, 22.41256817], [114.15873369, 22.41276928], [114.15866919, 22.41292149], [114.1586777, 22.41297735], [114.15871026, 22.41300636], [114.15874538, 22.41302546], [114.15884387, 22.41299584], [114.159031, 22.41285516], [114.1593514, 22.4126382], [114.1594711, 22.41253171], [114.15977385, 22.41242307], [114.15986084, 22.41238251], [114.16001978, 22.41212261], [114.16009284, 22.41205108], [114.16015051, 22.41205228], [114.15996077, 22.41264483], [114.15997356, 22.41270684], [114.1603849, 22.4130586], [114.16047204, 22.41307769], [114.16053868, 22.41305623], [114.16072324, 22.41289648], [114.16078476, 22.41285834], [114.16089753, 22.4128655], [114.16135885, 22.41307778], [114.16147853, 22.41309423], [114.16919477, 22.41292776], [114.17340841, 22.41283668], [114.17342267, 22.41572015], [114.18512618, 22.41562826], [114.18524292, 22.41834691], [114.19867556, 22.4186053], [114.19920327, 22.42163938], [114.19963419, 22.42154426], [114.20012639, 22.42168344], [114.20024289, 22.4222185], [114.20005283, 22.42255733], [114.20027605, 22.4230322], [114.20042038, 22.42353558], [114.20051825, 22.42400732], [114.20053115, 22.42434862], [114.20075211, 22.42437535], [114.20086518, 22.42439826], [114.20100291, 22.42445462], [114.20105842, 22.42449283], [114.20107282, 22.42459412], [114.20232996, 22.42539363], [114.20251537, 22.4250453], [114.20222276, 22.4248744], [114.20228718, 22.42418416], [114.20248612, 22.42336407], [114.20220255, 22.42289872], [114.20238819, 22.42282901], [114.20263915, 22.42315506], [114.20285285, 22.42333231], [114.20302932, 22.42340192], [114.20316394, 22.42339555], [114.20347015, 22.42317066], [114.20354434, 22.42305983], [114.20352095, 22.42284454], [114.2033628, 22.42247413], [114.20352986, 22.4223886], [114.20368796, 22.42269885], [114.20398034, 22.42259745], [114.20341508, 22.42391473], [114.20342455, 22.42414585], [114.20329007, 22.4243232], [114.20340646, 22.42470944], [114.20365711, 22.42466504], [114.20448443, 22.42578564], [114.20472757, 22.42609401], [114.20504421, 22.4260563], [114.20514797, 22.42539918], [114.20520847, 22.42520232], [114.20535476, 22.4251766], [114.2061493, 22.42553092], [114.20662439, 22.42545744], [114.2066569, 22.42553488], [114.20688932, 22.42587676], [114.20753524, 22.42656996], [114.20771843, 22.42671589], [114.21470757, 22.43136145], [114.22725877, 22.43899222], [114.24960793, 22.43896125], [114.24961162, 22.4328704], [114.24971831, 22.43256331], [114.24972799, 22.43250009], [114.24971824, 22.43243688], [114.24967936, 22.43237368], [114.24911573, 22.43194047], [114.2494874, 22.43141595], [114.24934203, 22.43129301], [114.2480943, 22.43004894], [114.24802939, 22.42996648], [114.2480034, 22.42990211], [114.2480012, 22.42983572], [114.24801417, 22.42980554], [114.24803578, 22.42978138], [114.24852795, 22.42969054], [114.24860621, 22.42965793], [114.24866211, 22.42961448], [114.24880519, 22.42929342], [114.24846465, 22.42916999], [114.2479002, 22.42902273], [114.24766486, 22.42898306], [114.24752232, 22.42897106], [114.24730718, 22.42864635], [114.24714551, 22.42835629], [114.24709301, 22.42823004], [114.24705247, 22.42805366], [114.2470452, 22.42796363], [114.24704751, 22.42786214], [114.24703554, 22.42781851], [114.24703577, 22.42777348], [114.2470482, 22.42772996], [114.24707205, 22.42769076], [114.24710574, 22.4276584], [114.24714712, 22.42763499], [114.2471935, 22.42762204], [114.2472419, 22.42762037], [114.24728919, 22.42763009], [114.24733233, 22.42765058], [114.247389, 22.42770697], [114.24759604, 22.4278244], [114.24762888, 22.42785755], [114.24766897, 22.42788283], [114.24771423, 22.42789897], [114.24776223, 22.42790507], [114.24781049, 22.42790081], [114.24785642, 22.42788644], [114.24789761, 22.4278627], [114.24793187, 22.42783086], [114.24795744, 22.42779258], [114.24797294, 22.42774983], [114.24837331, 22.42723898], [114.24864278, 22.42686337], [114.24894745, 22.42640151], [114.24922601, 22.42593758], [114.24930402, 22.42587768], [114.24934149, 22.42577473], [114.24933799, 22.42568508], [114.24929754, 22.42560362], [114.24922642, 22.42554298], [114.24913564, 22.42551255], [114.24906788, 22.42551196], [114.2489799, 22.42547439], [114.24890664, 22.42541555], [114.24885389, 22.42534008], [114.2488258, 22.42525395], [114.24882461, 22.42516395], [114.24885469, 22.42506837], [114.24887222, 22.42497969], [114.24887102, 22.42488954], [114.24885114, 22.42480128], [114.24881333, 22.42471826], [114.24868016, 22.42452284], [114.24864604, 22.42443851], [114.24863386, 22.42434913], [114.24864428, 22.42425955], [114.24867673, 22.42417465], [114.24872944, 22.42409905], [114.24876916, 22.42406031], [114.24896159, 22.42369549], [114.24915086, 22.42327974], [114.24931527, 22.42284983], [114.24938515, 22.42273129], [114.24941528, 22.42264551], [114.24943413, 22.42251149], [114.24942874, 22.42242141], [114.24940907, 22.42233306], [114.24938181, 22.4222616], [114.24841652, 22.42019475], [114.248334, 22.41994221], [114.24828185, 22.41971495], [114.24825491, 22.41949065], [114.24825138, 22.41921989], [114.24825999, 22.41909891], [114.24825507, 22.41886058], [114.24829285, 22.41874955], [114.24829272, 22.41873118], [114.24823692, 22.41867231], [114.24821685, 22.4186302], [114.24821271, 22.41853036], [114.24827005, 22.41816252], [114.24825832, 22.41811071], [114.24824856, 22.41798361], [114.24838684, 22.41679048], [114.24843214, 22.41668874], [114.24880376, 22.41564448], [114.24895938, 22.4152768], [114.24901122, 22.41507329], [114.24900386, 22.41493743], [114.24896999, 22.41482885], [114.24893397, 22.41476939], [114.24887084, 22.41469534], [114.24866791, 22.41454257], [114.24859659, 22.41451541], [114.24855839, 22.41447841], [114.2485225, 22.41440862], [114.248494, 22.41431719], [114.24847907, 22.41419017], [114.24860897, 22.41408133], [114.24869236, 22.41402384], [114.24927563, 22.41348268], [114.24962177, 22.41311869], [114.24966849, 22.41306089], [114.24980796, 22.41292764], [114.24987115, 22.41285482], [114.24997799, 22.41269312], [114.25010256, 22.41254955], [114.25016047, 22.4125054], [114.25021945, 22.4124257], [114.25029867, 22.41235223], [114.25048576, 22.41209755], [114.2505121, 22.41202788], [114.2505852, 22.411931], [114.25063844, 22.41187491], [114.25067628, 22.41185709], [114.25073468, 22.41180858], [114.25085854, 22.41176251], [114.25089143, 22.4117433], [114.25094145, 22.41168996], [114.25111124, 22.41144791], [114.25116224, 22.41140302], [114.25121117, 22.41132461], [114.25124308, 22.41124825], [114.2513024, 22.41118703], [114.25134773, 22.41110915], [114.25135289, 22.41101095], [114.25139108, 22.41094576], [114.25143028, 22.41089695], [114.2514449, 22.41082701], [114.25158726, 22.41070228], [114.25160975, 22.41066974], [114.25163053, 22.41059934], [114.25170569, 22.41048744], [114.25178618, 22.41040451], [114.25178443, 22.41030673], [114.25180634, 22.41023197], [114.25182318, 22.41021456], [114.25183711, 22.41017694], [114.25188116, 22.41014536], [114.25191887, 22.41004625], [114.25196436, 22.4099809], [114.2519555, 22.40992218], [114.25198421, 22.40982679], [114.25203167, 22.4097619], [114.25204083, 22.40972428], [114.25205342, 22.40971205], [114.25202544, 22.40953023], [114.25206074, 22.40926142], [114.25206946, 22.40908101], [114.2520428, 22.40887325], [114.25193154, 22.40874991], [114.25185615, 22.40862653], [114.25180948, 22.40856652], [114.25177716, 22.4085065], [114.2516641, 22.40809626], [114.25166153, 22.40797665], [114.25167307, 22.40792615], [114.25167373, 22.40786831], [114.2517044, 22.40774181], [114.25174421, 22.40762517], [114.25178114, 22.40755121], [114.25178505, 22.40752205], [114.25176838, 22.40743487], [114.25168752, 22.40733747], [114.25166743, 22.40727117], [114.25158835, 22.40712136], [114.25162686, 22.40703876], [114.25166705, 22.40700381], [114.25171581, 22.40693075], [114.25174292, 22.40690661], [114.25179949, 22.40675964], [114.25180679, 22.40669148], [114.25178865, 22.40660498], [114.2517946, 22.40645856], [114.25182428, 22.40632746], [114.25184375, 22.40630605], [114.25176952, 22.40609786], [114.25179216, 22.40597887], [114.25196937, 22.40572148], [114.25219161, 22.40544121], [114.2523634, 22.40527138], [114.25246852, 22.40521368], [114.25257918, 22.40529896], [114.25275819, 22.40515078], [114.25299127, 22.40501392], [114.25308559, 22.40498075], [114.25333509, 22.40486759], [114.25351098, 22.4047485], [114.2535813, 22.40459675], [114.25360364, 22.40450451], [114.25362587, 22.40421295], [114.25362015, 22.40412607], [114.25356395, 22.40384937], [114.25348347, 22.40364234], [114.25327725, 22.40332456], [114.25322811, 22.4032655], [114.25302725, 22.40310039], [114.25345315, 22.40275367], [114.25350762, 22.40268489], [114.25355526, 22.40258408], [114.25359852, 22.40241474], [114.2536505, 22.40233005], [114.25376749, 22.40219695], [114.2538802, 22.40214046], [114.2539582, 22.40209205], [114.25406221, 22.40198716], [114.25414882, 22.40179361], [114.25417545, 22.4016898], [114.25423538, 22.40153555], [114.25429027, 22.40146091], [114.25438491, 22.40130082], [114.25438291, 22.4012796], [114.25424343, 22.40108227], [114.25390725, 22.40085999], [114.25386073, 22.40079249], [114.25382582, 22.40069796], [114.25368049, 22.40053866], [114.25346254, 22.4003929], [114.25339859, 22.40029839], [114.25338111, 22.40022005], [114.2533142, 22.40004992], [114.25322991, 22.39996622], [114.25313723, 22.39992056], [114.25308807, 22.39984125], [114.25302497, 22.39961852], [114.25298914, 22.39954336], [114.25282438, 22.39929641], [114.25274612, 22.39911623], [114.25272233, 22.39817739], [114.25276595, 22.39791344], [114.25287029, 22.3976935], [114.25287389, 22.39738255], [114.25285524, 22.39711222], [114.25276519, 22.39676482], [114.25251454, 22.39648887], [114.25243069, 22.39619596], [114.25229852, 22.39585236], [114.2522748, 22.39576947], [114.25221682, 22.39547996], [114.25220729, 22.39539702], [114.25224769, 22.39489797], [114.25245196, 22.39435893], [114.25246515, 22.39407352], [114.25245622, 22.39399907], [114.25244738, 22.39360018], [114.25806046, 22.39845937], [114.27049947, 22.39789704], [114.2708156, 22.39790162], [114.27088814, 22.39791391], [114.2710944, 22.3980056], [114.27117968, 22.39802219], [114.27130735, 22.39800596], [114.27137475, 22.39801399], [114.27148307, 22.3980472], [114.27166851, 22.39813967], [114.27172522, 22.3981425], [114.27194224, 22.3980812], [114.27216367, 22.3980646], [114.27228776, 22.39801277], [114.27232422, 22.3979581], [114.27232595, 22.3979213], [114.27240495, 22.39798273], [114.27476319, 22.40126223], [114.27489148, 22.40139744], [114.27504574, 22.40150672], [114.27521084, 22.40159338], [114.27536898, 22.40169822], [114.27544439, 22.40179472], [114.27644079, 22.4025739], [114.2766148, 22.40275887], [114.27673381, 22.40281836], [114.27690998, 22.40285442], [114.27704952, 22.40281817], [114.27789578, 22.40250492], [114.27830586, 22.40242558], [114.27893485, 22.40221697], [114.27938275, 22.40204753], [114.28016243, 22.40187988], [114.28118334, 22.40158757], [114.281842, 22.40137835], [114.2824822, 22.4026889], [114.28259868, 22.4030375], [114.28274415, 22.40337233], [114.28291845, 22.40369504], [114.28312042, 22.40400349], [114.28348017, 22.40443926], [114.28362032, 22.40456419], [114.28395459, 22.40479068], [114.28410155, 22.40490865], [114.28435527, 22.40518145], [114.28454765, 22.40549461], [114.28479046, 22.40613662], [114.2848855, 22.406294], [114.28500065, 22.40643931], [114.28508643, 22.40652712], [114.28524488, 22.40663133], [114.28558291, 22.40680795], [114.28589519, 22.40702253], [114.28618202, 22.4072659], [114.28644035, 22.40753548], [114.28666742, 22.40782837], [114.2868241, 22.40806829], [114.28701117, 22.40838485], [114.2872983, 22.40895763], [114.28738769, 22.40916659], [114.28749062, 22.4095565], [114.28756759, 22.40967171], [114.28751159, 22.40976092], [114.28745284, 22.40997085], [114.28736827, 22.41047486], [114.28719264, 22.41105981], [114.28692677, 22.41130259], [114.28673969, 22.41155989], [114.28674228, 22.41169884], [114.28669594, 22.41193471], [114.28671416, 22.41220744], [114.28715182, 22.4135806], [114.28722511, 22.41372472], [114.28736911, 22.41388088], [114.28742993, 22.41392639], [114.28764143, 22.41395911], [114.28765197, 22.41433623], [114.28806224, 22.41485466], [114.2882717, 22.41506524], [114.28854719, 22.41515725], [114.28904837, 22.41526474], [114.28952477, 22.4154149], [114.29056896, 22.4159729], [114.29069118, 22.41602412], [114.29083702, 22.41614973], [114.29093203, 22.41630189], [114.29102906, 22.41664663], [114.29126468, 22.41660783], [114.29134466, 22.4165749], [114.291711, 22.41635784], [114.29211957, 22.41621051], [114.29249149, 22.41598825], [114.29270418, 22.41595581], [114.29321519, 22.41596581], [114.29382801, 22.41608128], [114.29409096, 22.41607244], [114.29465255, 22.41574336], [114.29529612, 22.41555665], [114.29550634, 22.41553227], [114.29571099, 22.415535], [114.29593058, 22.41560001], [114.29610486, 22.41560563], [114.29644715, 22.41556561], [114.29676643, 22.41544544], [114.29738956, 22.4152841], [114.29746021, 22.41522464], [114.29750986, 22.41526727], [114.2976147, 22.41531218], [114.29787018, 22.41528835], [114.29813148, 22.41517655], [114.29820747, 22.4151843], [114.29850344, 22.41536283], [114.29925781, 22.41564884], [114.29959643, 22.41567107], [114.29968759, 22.41565428], [114.29999258, 22.41551739], [114.30033173, 22.41542949], [114.30074347, 22.41537554], [114.30146396, 22.4152216], [114.30193759, 22.41502232], [114.30232251, 22.41480349], [114.30246014, 22.41476244], [114.30259658, 22.41475137], [114.30292963, 22.41477995], [114.30333713, 22.41484248], [114.30362375, 22.41496738], [114.30387575, 22.41519149], [114.30410666, 22.41543002], [114.30447465, 22.4156869], [114.305406, 22.4162074], [114.30572802, 22.41637148], [114.30603273, 22.4165967], [114.30613454, 22.41672231], [114.30616943, 22.41688777], [114.30615965, 22.41704923], [114.30609963, 22.41719112], [114.30602345, 22.41730132], [114.30557988, 22.41781138], [114.30552238, 22.41800806], [114.30555608, 22.41823752], [114.30563661, 22.41850514], [114.30621415, 22.41889986], [114.30645009, 22.41898554], [114.30651925, 22.41915008], [114.30710693, 22.4195479], [114.30707639, 22.4197769], [114.3069638, 22.42000595], [114.30680353, 22.42052392], [114.3063643, 22.4210461], [114.30609018, 22.42134391], [114.30608592, 22.42157129], [114.30636027, 22.42208095], [114.30640558, 22.42212877], [114.30651032, 22.422326], [114.3061143, 22.42378803], [114.30616257, 22.42410421], [114.3062334, 22.42435362], [114.30628088, 22.42472261], [114.3063406, 22.42491688], [114.30647279, 22.42515844], [114.30648307, 22.42524814], [114.30644897, 22.42555388], [114.30646044, 22.42564348], [114.30651847, 22.42581808], [114.30666842, 22.42615117], [114.30685181, 22.42646946], [114.30721831, 22.42698427], [114.30760536, 22.42738871], [114.30800426, 22.42770809], [114.308611, 22.4273662], [114.30972429, 22.42738258], [114.30996865, 22.42736277], [114.31027744, 22.42728583], [114.31043243, 22.42721709], [114.31071075, 22.42705829], [114.31088801, 22.42693014], [114.31118001, 22.42680823], [114.31164696, 22.42673461], [114.31277502, 22.42661891], [114.31305406, 22.42656333], [114.31380493, 22.42635166], [114.31422228, 22.42631036], [114.31479227, 22.4263145], [114.31733497, 22.4261618], [114.31772009, 22.42613322], [114.31799851, 22.42607589], [114.31811876, 22.42600141], [114.31826067, 22.42588827], [114.31838881, 22.42566154], [114.31855305, 22.4255432], [114.31924873, 22.42520471], [114.3194166, 22.42501749], [114.31994264, 22.42429444], [114.3204955, 22.42404899], [114.32079829, 22.42382581], [114.32091669, 22.42376631], [114.32153624, 22.42374616], [114.32167633, 22.4236774], [114.32193845, 22.42345057], [114.32206737, 22.42336916], [114.32239972, 22.42306017], [114.32256644, 22.42295565], [114.32273286, 22.42267532], [114.32286023, 22.42222203], [114.32266415, 22.42204554], [114.32232085, 22.42140731], [114.32222993, 22.42070024], [114.32241587, 22.42039457], [114.32250393, 22.42029272], [114.32270468, 22.41998957], [114.32342191, 22.41918166], [114.32354971, 22.41891477], [114.32372758, 22.41859368], [114.32408955, 22.41805897], [114.32437714, 22.41777663], [114.32468341, 22.41755492], [114.32476767, 22.41743539], [114.32482116, 22.41743121], [114.32498996, 22.41732589], [114.325107, 22.41729943], [114.32520582, 22.41729409], [114.32529291, 22.41715643], [114.32861591, 22.41592884], [114.32940272, 22.41562207], [114.32993419, 22.41539984], [114.33130253, 22.4147677], [114.33153978, 22.41469001], [114.33192015, 22.41461865], [114.33211384, 22.41460563], [114.33250129, 22.4146254], [114.33295552, 22.41468739], [114.33333169, 22.41477622], [114.33394006, 22.41496827], [114.33428567, 22.41515175], [114.3346282, 22.41541735], [114.33479255, 22.41567268], [114.3348458, 22.41610156], [114.33510847, 22.4162513], [114.33541467, 22.41630702], [114.33569948, 22.41644282], [114.33580007, 22.41654997], [114.3359807, 22.41669625], [114.33637245, 22.41706143], [114.33660037, 22.41735124], [114.3369731, 22.41789172], [114.33727764, 22.41845938], [114.33759303, 22.41880517], [114.33780473, 22.4187227], [114.33825409, 22.41844906], [114.33851985, 22.41844803], [114.3387142, 22.4181702], [114.33906053, 22.41806618], [114.33942453, 22.41761393], [114.3395694, 22.41723997], [114.33974983, 22.41700905], [114.33981673, 22.41694671], [114.3401458, 22.41673938], [114.34040476, 22.41651885], [114.34058256, 22.41634684], [114.34082899, 22.41602023], [114.34105446, 22.41578763], [114.34146956, 22.41555982], [114.34167915, 22.41537393], [114.34171201, 22.41536214], [114.34171683, 22.41516001], [114.34173946, 22.41506362], [114.34184102, 22.41490117], [114.34206039, 22.4147539], [114.34260638, 22.41457878], [114.34280942, 22.4144537], [114.34288843, 22.41428712], [114.34291587, 22.41419103], [114.34320829, 22.41394418], [114.34344203, 22.41357571], [114.3435279, 22.41286925], [114.3436176, 22.41260735], [114.34378129, 22.41244408], [114.34448143, 22.41167009], [114.34456103, 22.41151263], [114.34468215, 22.41136711], [114.34469374, 22.41114978], [114.34473129, 22.41104127], [114.34495622, 22.410894], [114.34519302, 22.41081188], [114.34543669, 22.41077357], [114.34562025, 22.41077164], [114.3460265, 22.4108283], [114.3462739, 22.41079921], [114.3464809, 22.41069174], [114.34670637, 22.41047528], [114.346795, 22.41043137], [114.3469444, 22.41039027], [114.34744484, 22.41038974], [114.34795886, 22.41032347], [114.34848646, 22.41021508], [114.34887267, 22.41009993], [114.34934375, 22.40991433], [114.34995298, 22.409615], [114.35067676, 22.40919157], [114.35127049, 22.40889859], [114.35170056, 22.4086623], [114.35204497, 22.4083471], [114.35209316, 22.40821096], [114.35209235, 22.40805644], [114.35205679, 22.40788752], [114.35187046, 22.40766804], [114.35171269, 22.40745371], [114.35164307, 22.40731195], [114.351524, 22.40681562], [114.35134027, 22.40667973], [114.35090596, 22.40650203], [114.35072714, 22.40632002], [114.35095328, 22.40615255], [114.35116521, 22.40603412], [114.35144172, 22.40597963], [114.35195881, 22.40591564], [114.35205055, 22.40587576], [114.35230718, 22.40580167], [114.35265815, 22.40578111], [114.35329885, 22.40588304], [114.35404921, 22.40589375], [114.35461114, 22.40597214], [114.35503217, 22.40595495], [114.35534153, 22.40588771], [114.35558017, 22.40580039], [114.35559222, 22.40601372], [114.35553126, 22.40635226], [114.35553407, 22.40660654], [114.3556224, 22.40682209], [114.35591932, 22.40721097], [114.35610686, 22.40741373], [114.3562248, 22.40750296], [114.35641341, 22.40758464], [114.3566578, 22.40762185], [114.35823896, 22.40750303], [114.35839496, 22.40777271], [114.35837908, 22.40796011], [114.35843791, 22.40799351], [114.35870415, 22.40804855], [114.35899076, 22.40813587], [114.35922718, 22.40825208], [114.3593569, 22.40833669], [114.35955976, 22.40839873], [114.35968134, 22.40890082], [114.35982129, 22.40922011], [114.36009109, 22.40973986], [114.36030825, 22.41028454], [114.36042439, 22.41041243], [114.36053421, 22.41045728], [114.36068726, 22.41083189], [114.36088927, 22.41118109], [114.36112343, 22.41146451], [114.36158918, 22.41194775], [114.36180905, 22.41220063], [114.36190099, 22.41233141], [114.36213058, 22.41289276], [114.36219143, 22.41295035], [114.36245772, 22.41313687], [114.36263832, 22.41323873], [114.36284273, 22.41352218], [114.36302303, 22.41386793], [114.36330122, 22.41413458], [114.36402556, 22.41459905], [114.36455062, 22.41489945], [114.36472332, 22.41512239], [114.36493105, 22.41556556], [114.36500314, 22.41568368], [114.36513483, 22.41583517], [114.36518323, 22.41586106], [114.36533039, 22.41599063], [114.36540383, 22.41618658], [114.36540981, 22.4164818], [114.36558483, 22.41704033], [114.36576271, 22.41741203], [114.36597949, 22.41766779], [114.36604419, 22.41781935], [114.3660654, 22.41790871], [114.36605307, 22.41796465], [114.36591319, 22.4181724], [114.36573604, 22.41833693], [114.3656211, 22.41863805], [114.36563068, 22.41883871], [114.36566378, 22.4190128], [114.36578265, 22.41931596], [114.36595201, 22.42001751], [114.36606438, 22.42028513], [114.3662337, 22.4204924], [114.36639362, 22.42075501], [114.36602246, 22.42099936], [114.36646387, 22.42134193], [114.3666713, 22.42155157], [114.36678504, 22.42173537], [114.36690416, 22.42221727], [114.36699552, 22.42235728], [114.36703587, 22.42239356], [114.36712462, 22.42243612], [114.36744541, 22.42254358], [114.36755839, 22.42262301], [114.36760007, 22.42272329], [114.36780205, 22.4229657], [114.36802764, 22.42317093], [114.36803368, 22.42342959], [114.36807065, 22.42350281], [114.36783532, 22.42401897], [114.36777245, 22.42475563], [114.36786271, 22.42536142], [114.36700003, 22.42590056], [114.36670738, 22.42619205], [114.36643745, 22.4265487], [114.36627852, 22.42688908], [114.3662607, 22.42701942], [114.36642008, 22.42816965], [114.36628312, 22.42867789], [114.36593193, 22.42913064], [114.36614756, 22.42947922], [114.36628838, 22.42958355], [114.36637681, 22.42984926], [114.36622701, 22.43006048], [114.3661933, 22.43036208], [114.36622262, 22.43048717], [114.36641621, 22.43100415], [114.36674635, 22.43159075], [114.36677068, 22.43169277], [114.36678038, 22.43199087], [114.36668921, 22.43245053], [114.36650079, 22.43299564], [114.36632997, 22.43326338], [114.36609577, 22.43345279], [114.36590238, 22.43355046], [114.3655571, 22.43369214], [114.36507226, 22.43382704], [114.36471151, 22.43400333], [114.36468798, 22.43402873], [114.36452849, 22.43396492], [114.36443206, 22.43420777], [114.36409249, 22.43490932], [114.36392895, 22.4355831], [114.36398095, 22.43624833], [114.3640648, 22.43665012], [114.36421465, 22.43701902], [114.36432102, 22.43723916], [114.36443537, 22.43758898], [114.36460561, 22.43780558], [114.36475788, 22.4384956], [114.36478752, 22.43885421], [114.36473909, 22.43928557], [114.3645779, 22.43980816], [114.36423401, 22.44052931], [114.36396653, 22.44135244], [114.36379374, 22.44201977], [114.45603731, 22.46622046]]]]}, "properties": {"GmlID": "DCD.17", "OBJECTID": 17, "AREA_ID": "P", "AREA_CODE": "TP", "NAME_TC": "大埔區", "NAME_EN": "Tai Po District", "REGION": "NT", "Shape_Length": 117986.22747195, "Shape_Area": 341461594.2042242}}, {"type": "Feature", "geometry": {"type": "MultiPolygon", "coordinates": [[[[114.33618955, 22.5681287], [114.33470284, 22.56822148], [114.33296249, 22.56833008], [114.30908053, 22.56667186], [114.2760209, 22.56550365], [114.26177344, 22.56040911], [114.24866476, 22.55572031], [114.23705403, 22.55072227], [114.23362897, 22.54367082], [114.22634895, 22.54366911], [114.22635748, 22.54369806], [114.22635918, 22.54370426], [114.22635965, 22.54371138], [114.22635938, 22.54372009], [114.22635761, 22.54373156], [114.22635636, 22.54373844], [114.22635237, 22.54374691], [114.22634554, 22.54375653], [114.22628381, 22.54384981], [114.22617385, 22.54415487], [114.22616071, 22.5441786], [114.22607418, 22.54427472], [114.22604541, 22.54430668], [114.22599708, 22.54437777], [114.2258938, 22.54452736], [114.22585041, 22.54456596], [114.22571175, 22.54476913], [114.22548708, 22.54509476], [114.22542178, 22.54519053], [114.22541443, 22.5452091], [114.22540885, 22.54522897], [114.22540291, 22.54524602], [114.2253954, 22.54531426], [114.2254748, 22.5454579], [114.22560759, 22.54570679], [114.22562618, 22.5457423], [114.22565464, 22.54590115], [114.22566235, 22.54592855], [114.22566696, 22.54594992], [114.22577479, 22.5460845], [114.22621244, 22.54656298], [114.2264167, 22.54683382], [114.22662093, 22.54705952], [114.22692141, 22.5478489], [114.22690602, 22.54800725], [114.22647842, 22.54818113], [114.22618976, 22.54838892], [114.22604495, 22.54851719], [114.22584918, 22.54882106], [114.22573887, 22.54899228], [114.22505277, 22.54975013], [114.22456973, 22.55017019], [114.22425303, 22.55088097], [114.22411987, 22.55095054], [114.22358905, 22.55096695], [114.22327501, 22.55091738], [114.22300576, 22.55107819], [114.22286191, 22.55120014], [114.22259459, 22.55132845], [114.22193357, 22.5515562], [114.22174205, 22.55159509], [114.22152817, 22.55160056], [114.22133668, 22.5517144], [114.22116756, 22.55186706], [114.22091685, 22.55225634], [114.22083626, 22.55256971], [114.22083642, 22.55306728], [114.22047589, 22.55359746], [114.22038938, 22.55366973], [114.22029799, 22.55366433], [114.22016672, 22.55358942], [114.22008894, 22.55358402], [114.220017, 22.55360571], [114.21990327, 22.5536834], [114.21980898, 22.55371955], [114.21975358, 22.55377555], [114.21971958, 22.55385593], [114.21971669, 22.55396159], [114.21968365, 22.55402029], [114.2195223, 22.55415308], [114.2194922, 22.55427229], [114.21939502, 22.55442222], [114.2193698, 22.55458387], [114.21907823, 22.55493974], [114.21890621, 22.55512852], [114.21867584, 22.55532544], [114.21844257, 22.55555036], [114.21826955, 22.55567502], [114.21806445, 22.55581143], [114.2179449, 22.55593608], [114.217837, 22.5559921], [114.21775338, 22.55598399], [114.21745002, 22.55589196], [114.21728082, 22.55579176], [114.21709221, 22.5558198], [114.21693371, 22.55572864], [114.21691425, 22.55569252], [114.21698131, 22.55558956], [114.21697544, 22.55546946], [114.21693652, 22.55535297], [114.21687038, 22.55526449], [114.21675369, 22.55518957], [114.21626948, 22.55506146], [114.21618685, 22.55508947], [114.21606731, 22.55527282], [114.21601968, 22.55529179], [114.21593704, 22.55530897], [114.21581746, 22.55531713], [114.21575329, 22.55531444], [114.21568912, 22.55529187], [114.21559479, 22.5552341], [114.21542266, 22.55507792], [114.21534895, 22.55503347], [114.21528945, 22.55499758], [114.21520583, 22.55498135], [114.21508624, 22.55497776], [114.21497832, 22.5549507], [114.21480913, 22.55489475], [114.2144426, 22.55489213], [114.21425009, 22.55487501], [114.21396486, 22.55484784], [114.21391731, 22.55484634], [114.21385672, 22.55483818], [114.21377503, 22.55482927], [114.21372137, 22.55482407], [114.21365465, 22.55480602], [114.21361837, 22.55480206], [114.21358191, 22.55480041], [114.21353393, 22.55480064], [114.21348594, 22.55480325], [114.21345153, 22.55480639], [114.21341725, 22.55481078], [114.21339332, 22.55481474], [114.21336977, 22.55482019], [114.21334386, 22.55482782], [114.21331825, 22.55483615], [114.21326472, 22.55485449], [114.21322314, 22.55486871], [114.21321118, 22.5548728], [114.2131834, 22.55488219], [114.21313752, 22.55490755], [114.21308867, 22.55492543], [114.21303581, 22.55493883], [114.21298296, 22.55495224], [114.21287529, 22.55497324], [114.21285158, 22.55497992], [114.21283124, 22.55498609], [114.21281117, 22.55499307], [114.21278884, 22.55500324], [114.21276774, 22.55501562], [114.21274864, 22.55502829], [114.21273036, 22.55504191], [114.21271479, 22.55505466], [114.21270007, 22.5550682], [114.21268211, 22.55508676], [114.21266473, 22.55510577], [114.21265243, 22.55511972], [114.21264049, 22.55513395], [114.21262827, 22.55514955], [114.21261726, 22.55516587], [114.21260461, 22.555187], [114.21259201, 22.55520813], [114.21257887, 22.55523019], [114.21256576, 22.55525226], [114.21255382, 22.55527418], [114.21254254, 22.5552964], [114.21253255, 22.55531919], [114.21252133, 22.55534146], [114.21250728, 22.55535973], [114.21249204, 22.55537715], [114.21247689, 22.55539537], [114.21246073, 22.55541283], [114.21244092, 22.55542969], [114.21242033, 22.5554457], [114.21240334, 22.55546024], [114.21238498, 22.55547294], [114.21236534, 22.55548246], [114.21234559, 22.55549172], [114.21231579, 22.55550582], [114.212286, 22.55551991], [114.21225607, 22.55553256], [114.21222741, 22.55554715], [114.21218988, 22.55557208], [114.21215235, 22.55559701], [114.21208838, 22.55562222], [114.21199224, 22.55567654], [114.21197021, 22.55569319], [114.21195277, 22.55571519], [114.21193943, 22.55573908], [114.21193412, 22.5557575], [114.21192415, 22.5558412], [114.2119112, 22.55590243], [114.21189901, 22.55592989], [114.21184963, 22.55598397], [114.21177421, 22.55603508], [114.211676, 22.55608168], [114.21165965, 22.55610011], [114.21165201, 22.55611815], [114.2116433, 22.55620253], [114.21163156, 22.55624881], [114.21157131, 22.55630424], [114.21147968, 22.55637158], [114.21135563, 22.55644852], [114.21133995, 22.55645825], [114.21129558, 22.55648576], [114.21110106, 22.55628471], [114.21104346, 22.5562215], [114.21090423, 22.5561251], [114.21085651, 22.55608036], [114.2107738, 22.55598942], [114.21072794, 22.5559368], [114.21069016, 22.55591897], [114.21064192, 22.55590573], [114.21060237, 22.55590418], [114.21054847, 22.55591344], [114.21043749, 22.55594434], [114.21030828, 22.55600697], [114.21019509, 22.55604844], [114.21015851, 22.55605423], [114.21014493, 22.55605144], [114.21011997, 22.55608206], [114.21010226, 22.55613488], [114.21008499, 22.55616543], [114.21005043, 22.55619693], [114.21003486, 22.55620361], [114.21001557, 22.55620478], [114.20992826, 22.55618654], [114.20987683, 22.55618431], [114.20983186, 22.55620504], [114.20955117, 22.55639021], [114.20949209, 22.55641029], [114.20926532, 22.55643504], [114.20910274, 22.55650619], [114.20893023, 22.55661476], [114.2087616, 22.55676807], [114.2086537, 22.55686653], [114.20849387, 22.55693397], [114.20804576, 22.55682958], [114.20795704, 22.55680892], [114.20673786, 22.55652489], [114.20631103, 22.55654543], [114.2061772, 22.55651577], [114.20611736, 22.55650988], [114.20601693, 22.55649074], [114.2059175, 22.55646561], [114.20588632, 22.55645395], [114.20581954, 22.55644027], [114.20573693, 22.55643234], [114.20564033, 22.55643248], [114.20557274, 22.55642789], [114.20546391, 22.55640792], [114.20536746, 22.55639657], [114.2052656, 22.55640359], [114.20518276, 22.5563982], [114.20511867, 22.55637143], [114.20495194, 22.55632367], [114.20489851, 22.55631801], [114.20477785, 22.55631816], [114.20458426, 22.55632921], [114.20448117, 22.55634725], [114.20436842, 22.55635292], [114.20421337, 22.55633889], [114.20410723, 22.55630184], [114.20397712, 22.5562708], [114.20389904, 22.55625964], [114.20378295, 22.5562318], [114.20370257, 22.55622272], [114.20347557, 22.55621499], [114.2033086, 22.5562176], [114.20316333, 22.55616168], [114.20310475, 22.55616507], [114.20293524, 22.55611877], [114.20288606, 22.55611436], [114.20267964, 22.55613436], [114.20255212, 22.55611839], [114.20234125, 22.55614184], [114.20227646, 22.55615739], [114.20217684, 22.5561713], [114.20210142, 22.55618775], [114.20201834, 22.55621591], [114.20199485, 22.55621658], [114.20191899, 22.55619951], [114.20181153, 22.55614891], [114.20177299, 22.55613923], [114.20160445, 22.55611244], [114.20157727, 22.55610438], [114.20154949, 22.55608876], [114.20150575, 22.55617593], [114.20147728, 22.55621379], [114.20140179, 22.55628901], [114.2013377, 22.55634267], [114.20126387, 22.55641529], [114.20121395, 22.55647226], [114.20118027, 22.5565241], [114.2011255, 22.55663149], [114.20109971, 22.55670194], [114.20108921, 22.55679674], [114.20108252, 22.5570061], [114.20109492, 22.55716406], [114.20107878, 22.55722442], [114.20104609, 22.55727697], [114.20087278, 22.55749902], [114.20083568, 22.55751919], [114.20071082, 22.55754638], [114.20065817, 22.55754634], [114.20058848, 22.55753571], [114.20037424, 22.5574866], [114.2002586, 22.55745527], [114.20016472, 22.55741523], [114.19984685, 22.55721703], [114.19977152, 22.55716806], [114.19971004, 22.55712162], [114.19968979, 22.55710071], [114.19964613, 22.55703547], [114.19963085, 22.55699942], [114.19961092, 22.55693121], [114.19959439, 22.55689975], [114.19954034, 22.55684437], [114.19951662, 22.55682805], [114.19942325, 22.5567848], [114.19930247, 22.55670938], [114.19925282, 22.55668591], [114.19917648, 22.55665897], [114.19900917, 22.55663034], [114.19891945, 22.55663026], [114.19858224, 22.55667102], [114.1982515, 22.55668975], [114.1981321, 22.55670318], [114.19806315, 22.55669646], [114.19802805, 22.55668591], [114.19800554, 22.55663269], [114.19782354, 22.55657119], [114.19761328, 22.55652549], [114.19752903, 22.55651714], [114.1973183, 22.55659251], [114.19703774, 22.55679734], [114.19688534, 22.55685829], [114.19660238, 22.5568999], [114.19630935, 22.55697749], [114.19614728, 22.55697274], [114.19608811, 22.55690823], [114.19608037, 22.55675174], [114.19594656, 22.556385], [114.19595474, 22.55624091], [114.19594907, 22.55603258], [114.1959439, 22.55581636], [114.19590659, 22.55572795], [114.19584339, 22.55569541], [114.19564789, 22.55569733], [114.19545033, 22.5557289], [114.19534126, 22.55571171], [114.19519435, 22.5555694], [114.19492944, 22.55549855], [114.19478321, 22.55542577], [114.19466498, 22.55536694], [114.19446742, 22.55533637], [114.19420056, 22.55532703], [114.19323901, 22.55545472], [114.19272185, 22.55567613], [114.19268914, 22.55569903], [114.19264199, 22.55573205], [114.19253395, 22.5557851], [114.19233565, 22.55599442], [114.19224193, 22.55603995], [114.19193563, 22.55596388], [114.19173059, 22.55580717], [114.19153841, 22.55554627], [114.19142624, 22.55545166], [114.19128495, 22.55534378], [114.19109339, 22.55519612], [114.19089418, 22.5550222], [114.19075857, 22.55482165], [114.19058706, 22.55438954], [114.19051913, 22.55434941], [114.19017856, 22.55433892], [114.18961263, 22.55426634], [114.18928755, 22.55417398], [114.18910639, 22.55424824], [114.18893962, 22.55435798], [114.18876417, 22.55455482], [114.18869637, 22.55465385], [114.18861126, 22.55493492], [114.18847127, 22.55513179], [114.18820821, 22.55548034], [114.18800473, 22.55558691], [114.18777363, 22.55561455], [114.18754083, 22.55558469], [114.18734404, 22.55550586], [114.18726358, 22.55540708], [114.18713537, 22.55485222], [114.18701085, 22.55471174], [114.18688927, 22.55463473], [114.18667171, 22.55461144], [114.18642991, 22.55463416], [114.1857804, 22.55479667], [114.18550001, 22.55490539], [114.18516433, 22.55500935], [114.18484021, 22.55506431], [114.18428715, 22.55519575], [114.18390515, 22.55521011], [114.18364663, 22.55519219], [114.18306784, 22.5552197], [114.18268121, 22.55526415], [114.1825063, 22.55533567], [114.18202269, 22.55541979], [114.18174256, 22.55544943], [114.18164224, 22.55543007], [114.18154963, 22.55539137], [114.18125971, 22.5551093], [114.1811689, 22.55480753], [114.18117352, 22.55437604], [114.18113475, 22.55425064], [114.18099275, 22.55413214], [114.1806532, 22.55429653], [114.18033013, 22.55451635], [114.17952343, 22.55491012], [114.17828664, 22.55538034], [114.17767544, 22.55566897], [114.17779275, 22.55617359], [114.1776581, 22.55699051], [114.17757811, 22.55853107], [114.17744648, 22.55895417], [114.17726256, 22.55916562], [114.17721239, 22.55940097], [114.17708815, 22.55976739], [114.17669714, 22.55989999], [114.17634116, 22.55995566], [114.17617969, 22.55993893], [114.17522119, 22.56010665], [114.17462695, 22.55995899], [114.17418243, 22.55979269], [114.17404197, 22.55969807], [114.17402546, 22.55969299], [114.17382743, 22.55963212], [114.17326251, 22.55955183], [114.17228858, 22.55967223], [114.17178966, 22.55965312], [114.17131464, 22.55963492], [114.17099051, 22.55966358], [114.17064168, 22.55964493], [114.17049042, 22.55968506], [114.17020641, 22.55988145], [114.16967542, 22.56052224], [114.16947022, 22.56085711], [114.16925927, 22.56100571], [114.16913835, 22.56104775], [114.1689624, 22.56114523], [114.16867839, 22.56122119], [114.16792207, 22.56125412], [114.16730879, 22.56121013], [114.16696615, 22.56098839], [114.16641609, 22.56040042], [114.16633234, 22.56019606], [114.16605495, 22.55988049], [114.16535547, 22.55934812], [114.16501061, 22.55923426], [114.16458356, 22.5591464], [114.1642831, 22.5591177], [114.1639034, 22.55914826], [114.1634702, 22.55925334], [114.16320779, 22.55937661], [114.16308249, 22.5595773], [114.16307915, 22.55961817], [114.16303276, 22.55978089], [114.16303252, 22.5597817], [114.16302432, 22.55979551], [114.16301622, 22.55980966], [114.16300413, 22.55983135], [114.16299294, 22.55985189], [114.16298351, 22.55986963], [114.16297578, 22.55988458], [114.162967, 22.55990199], [114.16296091, 22.55991447], [114.16295267, 22.5599319], [114.16294445, 22.55994998], [114.16293618, 22.55996904], [114.16292601, 22.55999344], [114.16291129, 22.56002993], [114.16287352, 22.56012672], [114.16286406, 22.56015007], [114.1628575, 22.56016554], [114.16285041, 22.56018134], [114.16283215, 22.56022066], [114.16282495, 22.56023649], [114.16281274, 22.5602641], [114.16278193, 22.56033485], [114.16276962, 22.56036273], [114.16269154, 22.56053573], [114.16267147, 22.56058053], [114.16256839, 22.56081359], [114.16252696, 22.56090682], [114.16250682, 22.56095179], [114.16244795, 22.56108191], [114.16243652, 22.56110647], [114.1624286, 22.56112268], [114.16242068, 22.56113811], [114.16241258, 22.56115345], [114.16238989, 22.56119534], [114.16237085, 22.56122919], [114.16235353, 22.56125881], [114.16234224, 22.56127699], [114.16233046, 22.56129509], [114.16231837, 22.561313], [114.16230833, 22.56132723], [114.16229775, 22.56134147], [114.16228396, 22.56135931], [114.1622645, 22.56138393], [114.16224238, 22.56141157], [114.16222873, 22.56142834], [114.16221758, 22.56144168], [114.16220563, 22.56145544], [114.16219386, 22.56146866], [114.1621759, 22.56148839], [114.16216092, 22.56150443], [114.16214574, 22.56152031], [114.1621302, 22.56153608], [114.16211715, 22.56154871], [114.16210402, 22.56156091], [114.16206394, 22.56159692], [114.16203743, 22.56162035], [114.16201786, 22.56163739], [114.16200469, 22.5616486], [114.16199122, 22.56165967], [114.16197381, 22.56167337], [114.16195255, 22.56168959], [114.16192748, 22.56170833], [114.1618984, 22.56172975], [114.16187269, 22.56174846], [114.16185211, 22.56176315], [114.161833, 22.56177646], [114.16181999, 22.56178515], [114.16180491, 22.56179477], [114.16178581, 22.56180646], [114.16177034, 22.56181553], [114.16175494, 22.56182408], [114.16173565, 22.56183417], [114.16171636, 22.56184373], [114.16170065, 22.56185109], [114.16168413, 22.56185825], [114.16166729, 22.56186504], [114.16164599, 22.56187315], [114.16162898, 22.5618792], [114.16161176, 22.56188484], [114.16159425, 22.56189], [114.16157647, 22.56189474], [114.1615541, 22.56190018], [114.16153632, 22.56190406], [114.16151447, 22.56190842], [114.161488, 22.56191329], [114.16147031, 22.56191625], [114.16145275, 22.56191875], [114.16143539, 22.56192078], [114.16141365, 22.56192282], [114.16140057, 22.56192373], [114.16139205, 22.56192415], [114.16137879, 22.56192447], [114.16136591, 22.5619244], [114.16134892, 22.56192367], [114.16133609, 22.56192266], [114.16131797, 22.56192064], [114.16129959, 22.56191808], [114.16128126, 22.56191511], [114.16126319, 22.56191172], [114.16124023, 22.56190698], [114.16119891, 22.56189786], [114.16116256, 22.56188919], [114.1611492, 22.56188576], [114.16113569, 22.56188207], [114.16110574, 22.5618722], [114.16109335, 22.56186739], [114.16108117, 22.56186239], [114.16106496, 22.56185545], [114.16104887, 22.56184827], [114.16103674, 22.56184263], [114.16102068, 22.56183487], [114.16100461, 22.56182688], [114.16097684, 22.5618127], [114.16094924, 22.56179803], [114.16085323, 22.56174574], [114.16075771, 22.5616944], [114.16073707, 22.5616831], [114.16071232, 22.56166925], [114.16046127, 22.56152489], [114.16043003, 22.56150638], [114.16040813, 22.56149293], [114.16039759, 22.56148612], [114.16037939, 22.56147365], [114.16036508, 22.56146339], [114.16035094, 22.56145292], [114.16034048, 22.56144493], [114.16032767, 22.56143477], [114.16031505, 22.56142442], [114.16030262, 22.56141387], [114.16029292, 22.56140533], [114.16027996, 22.56139351], [114.16026424, 22.56137865], [114.16025475, 22.56136934], [114.1602427, 22.56135709], [114.16023092, 22.56134462], [114.16022247, 22.56133528], [114.16021681, 22.56132873], [114.16020587, 22.56131533], [114.16019309, 22.56129858], [114.1601776, 22.56127727], [114.16016222, 22.56125531], [114.16014776, 22.56123377], [114.16013254, 22.56120977], [114.16008053, 22.56112541], [114.16002349, 22.56103392], [114.15998802, 22.5609783], [114.15997625, 22.5609602], [114.15996421, 22.56094216], [114.15995168, 22.56092395], [114.15993633, 22.5609022], [114.15992337, 22.56088427], [114.15991274, 22.56087002], [114.1599022, 22.56085646], [114.15988877, 22.56083973], [114.15987254, 22.56082], [114.15985886, 22.56080381], [114.15985037, 22.56079411], [114.15983809, 22.56078065], [114.15982556, 22.56076739], [114.15980964, 22.56075092], [114.15979681, 22.56073791], [114.15978419, 22.56072541], [114.15976819, 22.56070992], [114.15975527, 22.56069771], [114.159742, 22.56068558], [114.15972205, 22.56066808], [114.15962133, 22.56058206], [114.1596007, 22.56056424], [114.15958771, 22.56055279], [114.15957239, 22.56053877], [114.15955593, 22.56052304], [114.15953505, 22.56050242], [114.15952023, 22.56048729], [114.1595054, 22.56047148], [114.15949089, 22.56045538], [114.15947797, 22.56044035], [114.15946816, 22.56042815], [114.15946014, 22.56041764], [114.15945228, 22.56040701], [114.15939609, 22.56032957], [114.15937028, 22.56029478], [114.15936262, 22.56028424], [114.15935302, 22.56027011], [114.15934622, 22.56025936], [114.15933977, 22.56024878], [114.15932289, 22.56021986], [114.15930864, 22.56019421], [114.15930051, 22.56017868], [114.15929102, 22.56015932], [114.15928018, 22.56013594], [114.15926985, 22.56011246], [114.15926333, 22.56009691], [114.15925713, 22.56008149], [114.15924984, 22.56006251], [114.15924115, 22.56003918], [114.15920601, 22.55994308], [114.15916973, 22.5598413], [114.15915937, 22.55981304], [114.15915144, 22.55979278], [114.15913974, 22.55976442], [114.15912993, 22.55974172], [114.15912174, 22.5597239], [114.1591161, 22.55971249], [114.15911026, 22.55970116], [114.15910213, 22.5596859], [114.15909238, 22.55966807], [114.15907776, 22.55964241], [114.15906887, 22.55962756], [114.15906183, 22.55961623], [114.15905469, 22.55960529], [114.15904964, 22.55959793], [114.15903659, 22.55957986], [114.15901757, 22.55955484], [114.15900108, 22.55953422], [114.15899003, 22.55952091], [114.15897893, 22.55950783], [114.15897047, 22.55949813], [114.15896185, 22.55948856], [114.15894748, 22.55947351], [114.15892835, 22.55945461], [114.15891607, 22.55944294], [114.15890683, 22.55943443], [114.15889695, 22.55942559], [114.1588842, 22.55941459], [114.15887085, 22.5594035], [114.15886088, 22.55939552], [114.15885063, 22.55938758], [114.15884055, 22.55938002], [114.15882074, 22.55936577], [114.15880191, 22.559353], [114.15877986, 22.55933867], [114.15875625, 22.55932399], [114.158736, 22.55931185], [114.15871561, 22.55929999], [114.15869525, 22.55928849], [114.15864083, 22.55925815], [114.158621, 22.55924685], [114.15860503, 22.55923743], [114.15858944, 22.5592277], [114.15857424, 22.55921766], [114.15855554, 22.55920488], [114.15853682, 22.55919177], [114.15851848, 22.55917855], [114.15850475, 22.55916822], [114.15849442, 22.55916011], [114.15848446, 22.55915201], [114.15847117, 22.55914081], [114.1584579, 22.55912913], [114.15844468, 22.55911694], [114.15843175, 22.55910449], [114.15841891, 22.55909146], [114.15840641, 22.55907824], [114.15839118, 22.55906152], [114.15837646, 22.55904466], [114.15836257, 22.55902823], [114.15835186, 22.55901519], [114.15834134, 22.55900188], [114.15833368, 22.55899171], [114.15832591, 22.55898087], [114.15831595, 22.55896634], [114.15830433, 22.5589487], [114.15829538, 22.55893448], [114.15828515, 22.5589173], [114.15827692, 22.5589029], [114.15826891, 22.5588884], [114.15826105, 22.55887347], [114.15825523, 22.55886179], [114.15824783, 22.5588463], [114.15824062, 22.55883064], [114.15821948, 22.55878318], [114.15820912, 22.55875936], [114.15819698, 22.5587307], [114.15812682, 22.55856212], [114.15811652, 22.55853764], [114.15810587, 22.55851289], [114.15803655, 22.5583556], [114.15793218, 22.55811652], [114.15784907, 22.55792826], [114.1577608, 22.557724], [114.15767766, 22.55753318], [114.15765659, 22.55748554], [114.15759978, 22.55735847], [114.1575852, 22.55732527], [114.15757464, 22.55730035], [114.15756082, 22.55726703], [114.15733729, 22.55673322], [114.1573149, 22.55668146], [114.15729108, 22.55662527], [114.15723432, 22.55648942], [114.15722164, 22.55645873], [114.15720661, 22.55642164], [114.15714471, 22.55626732], [114.15713009, 22.55623038], [114.15712064, 22.55620541], [114.15711228, 22.55618139], [114.15710072, 22.55614573], [114.1570909, 22.55611374], [114.15708511, 22.55609375], [114.15707998, 22.5560747], [114.15706005, 22.55599591], [114.15703533, 22.55589412], [114.15699626, 22.5556883], [114.15698007, 22.55559814], [114.15697521, 22.55557279], [114.15697086, 22.55555261], [114.15696715, 22.55553737], [114.15696189, 22.55551773], [114.15695719, 22.55550158], [114.15695229, 22.55548588], [114.15694679, 22.55546941], [114.15694112, 22.55545364], [114.15693505, 22.55543777], [114.1569288, 22.55542234], [114.15692378, 22.55541055], [114.15691852, 22.55539874], [114.15690928, 22.55537915], [114.15689793, 22.55535674], [114.1568922, 22.55534601], [114.15688456, 22.55533224], [114.15687252, 22.55531172], [114.15685871, 22.55528976], [114.15685163, 22.55527901], [114.15684427, 22.55526822], [114.15682941, 22.55524749], [114.15681396, 22.55522712], [114.15680089, 22.55521091], [114.15679266, 22.55520111], [114.15678452, 22.5551917], [114.15677598, 22.55518214], [114.15676751, 22.55517296], [114.15674973, 22.55515448], [114.15673756, 22.55514233], [114.15672799, 22.55513304], [114.15671849, 22.55512407], [114.15670847, 22.55511489], [114.15669863, 22.55510625], [114.15669218, 22.55510084], [114.15667883, 22.55509032], [114.1566665, 22.55508136], [114.15665975, 22.55507675], [114.15665289, 22.5550723], [114.15663953, 22.55506429], [114.15662565, 22.55505684], [114.15661856, 22.55505334], [114.15660157, 22.55504576], [114.15659393, 22.55504272], [114.15657839, 22.55503716], [114.15656321, 22.55503251], [114.15655554, 22.55503044], [114.15654749, 22.55502847], [114.15653938, 22.55502668], [114.15653123, 22.55502507], [114.15652234, 22.55502355], [114.1565144, 22.55502239], [114.15650284, 22.55502099], [114.15649415, 22.55502015], [114.15647804, 22.55501916], [114.15646216, 22.55501889], [114.15645358, 22.55501904], [114.15644501, 22.5550194], [114.15643204, 22.55502034], [114.1564164, 22.55502208], [114.15640471, 22.55502386], [114.15638853, 22.55502696], [114.15637617, 22.55502984], [114.15636169, 22.55503385], [114.15636004, 22.55503439], [114.15634752, 22.55503845], [114.15633432, 22.55504336], [114.15632408, 22.55504758], [114.15631312, 22.55505253], [114.15630162, 22.55505819], [114.15629035, 22.55506418], [114.15627957, 22.55507028], [114.15626867, 22.55507672], [114.15622878, 22.5551012], [114.15621333, 22.55511047], [114.15620238, 22.55511674], [114.15619498, 22.55512079], [114.1561806, 22.55512817], [114.15617007, 22.55513311], [114.15615982, 22.55513755], [114.15615197, 22.55514071], [114.15613999, 22.55514513], [114.15613159, 22.55514795], [114.15611904, 22.55515175], [114.15611078, 22.55515398], [114.15609851, 22.55515691], [114.15608708, 22.55515925], [114.15607227, 22.55516172], [114.15605731, 22.55516359], [114.15604552, 22.55516462], [114.15603046, 22.55516538], [114.15601958, 22.55516552], [114.15600377, 22.55516517], [114.15599143, 22.55516443], [114.15597955, 22.55516331], [114.1559667, 22.55516161], [114.15595203, 22.555159], [114.15594145, 22.55515664], [114.15592981, 22.55515356], [114.1559183, 22.55515004], [114.15590592, 22.55514579], [114.15589393, 22.55514132], [114.15588203, 22.55513662], [114.15586996, 22.55513158], [114.15585729, 22.55512599], [114.15584507, 22.55512036], [114.15575735, 22.55507817], [114.15571498, 22.55505807], [114.15553684, 22.55497478], [114.15538574, 22.55490442], [114.15534433, 22.55488476], [114.15532446, 22.55487492], [114.15530083, 22.55486288], [114.15528262, 22.55485326], [114.15526869, 22.55484556], [114.15525414, 22.55483709], [114.1552403, 22.55482862], [114.15522601, 22.55481943], [114.15521279, 22.55481049], [114.15520296, 22.55480356], [114.15519218, 22.5547957], [114.15517102, 22.55477959], [114.15515043, 22.55476312], [114.15514052, 22.55475481], [114.15513071, 22.55474632], [114.15511474, 22.55473195], [114.15510534, 22.55472309], [114.15509913, 22.55471699], [114.15509073, 22.55470836], [114.15508465, 22.55470183], [114.1550787, 22.5546952], [114.15507003, 22.55468518], [114.15506535, 22.55467951], [114.15505573, 22.55466782], [114.15504184, 22.55465015], [114.15502994, 22.55463432], [114.15501637, 22.55461544], [114.15500223, 22.55459497], [114.15498884, 22.55457475], [114.15494372, 22.55450334], [114.15492623, 22.55447613], [114.15491565, 22.5544601], [114.15490601, 22.55444632], [114.15489861, 22.55443661], [114.15489052, 22.55442697], [114.15488229, 22.55441816], [114.1548763, 22.55441233], [114.15487009, 22.5544068], [114.15486369, 22.55440159], [114.15485705, 22.55439663], [114.1548502, 22.55439193], [114.15484251, 22.55438711], [114.15483474, 22.55438271], [114.15482815, 22.55437934], [114.15482144, 22.5543762], [114.1548146, 22.55437329], [114.15480766, 22.55437064], [114.15479822, 22.55436756], [114.15479006, 22.55436535], [114.1547818, 22.55436349], [114.15477346, 22.554362], [114.15476437, 22.55436081], [114.15475578, 22.55436011], [114.1547433, 22.55435972], [114.15473276, 22.55435996], [114.15472246, 22.55436067], [114.15471299, 22.55436174], [114.154702, 22.5543635], [114.15469414, 22.5543651], [114.15468235, 22.55436798], [114.15467439, 22.55437024], [114.1546667, 22.55437265], [114.15465907, 22.55437524], [114.15464789, 22.55437939], [114.15462818, 22.55438747], [114.15458646, 22.5544057], [114.1545673, 22.5544137], [114.15455617, 22.55441809], [114.15454589, 22.55442196], [114.15453488, 22.55442588], [114.15452267, 22.55442995], [114.15451036, 22.55443375], [114.15449797, 22.5544373], [114.1544848, 22.5544407], [114.15447563, 22.55444285], [114.15446173, 22.55444577], [114.15445245, 22.5544475], [114.15443849, 22.55444975], [114.15442446, 22.55445164], [114.15440106, 22.55445409], [114.15437801, 22.55445592], [114.15435546, 22.55445721], [114.15433344, 22.55445797], [114.15429108, 22.55445867], [114.154167, 22.55445979], [114.15412473, 22.55446], [114.15401647, 22.55446013], [114.15397165, 22.55446056], [114.15394557, 22.55446117], [114.15391786, 22.55446225], [114.15388024, 22.55446424], [114.15384263, 22.55446654], [114.15382384, 22.55446786], [114.15380036, 22.55446979], [114.15373933, 22.55447547], [114.15370179, 22.55447943], [114.15365791, 22.55448481], [114.15359682, 22.55449294], [114.15357333, 22.55449633], [114.15354994, 22.55449991], [114.15353113, 22.55450299], [114.15350811, 22.55450705], [114.15348625, 22.55451117], [114.15346803, 22.55451483], [114.15344168, 22.55452056], [114.15341267, 22.55452741], [114.1533836, 22.55453476], [114.15335762, 22.55454182], [114.15332777, 22.55455055], [114.15328478, 22.55456368], [114.15322776, 22.55458147], [114.15318945, 22.55459382], [114.15317663, 22.55459815], [114.15316012, 22.55460396], [114.15312637, 22.5546164], [114.15297628, 22.55467328], [114.15287574, 22.55471159], [114.15284534, 22.55472259], [114.15283221, 22.55472711], [114.15281662, 22.55473221], [114.15280548, 22.55473564], [114.1527925, 22.55473936], [114.15273834, 22.55475357], [114.15272069, 22.55475854], [114.15270312, 22.55476379], [114.15268988, 22.55476799], [114.15267689, 22.55477234], [114.15261551, 22.5547938], [114.15257676, 22.55480693], [114.15255254, 22.55481466], [114.15252414, 22.55482298], [114.15250786, 22.55482742], [114.15249525, 22.55483062], [114.15247842, 22.55483458], [114.15246578, 22.55483728], [114.15245288, 22.55483972], [114.15244384, 22.5548412], [114.15243032, 22.55484311], [114.15241656, 22.55484474], [114.15239834, 22.55484635], [114.15238472, 22.55484715], [114.15237105, 22.55484751], [114.15235275, 22.55484734], [114.15233911, 22.55484677], [114.15232184, 22.5548455], [114.15230491, 22.55484365], [114.15228792, 22.55484119], [114.15227028, 22.55483798], [114.15225685, 22.55483512], [114.15224343, 22.55483182], [114.15222613, 22.55482687], [114.15220928, 22.55482137], [114.1521963, 22.55481669], [114.15218388, 22.55481176], [114.15216779, 22.55480473], [114.15215317, 22.55479772], [114.15213908, 22.55479042], [114.15212509, 22.55478269], [114.15210978, 22.55477359], [114.15209834, 22.55476629], [114.15208453, 22.5547569], [114.15207215, 22.55474765], [114.152063, 22.55474015], [114.1520543, 22.55473247], [114.15204335, 22.55472185], [114.15203265, 22.55471055], [114.15202152, 22.55469794], [114.15201078, 22.55468505], [114.15200056, 22.554672], [114.15199091, 22.55465867], [114.15198374, 22.55464773], [114.15197941, 22.55464037], [114.15197282, 22.5546289], [114.15196523, 22.55460849], [114.1519156, 22.55445924], [114.1519061, 22.55443403], [114.15190317, 22.55442557], [114.15189978, 22.55441746], [114.15189434, 22.55440434], [114.15188876, 22.55439267], [114.15188384, 22.55437917], [114.15187968, 22.55436181], [114.1518766, 22.55433004], [114.15187391, 22.55424916], [114.15187167, 22.55420292], [114.15186693, 22.55415463], [114.15185824, 22.55411448], [114.15185061, 22.55407548], [114.15185052, 22.55407541], [114.15184044, 22.55402646], [114.15182466, 22.55394669], [114.15175837, 22.55361171], [114.15174944, 22.55356755], [114.15174406, 22.55354276], [114.15173745, 22.55351409], [114.15170487, 22.55337734], [114.15169347, 22.55332876], [114.15167075, 22.5532269], [114.15165163, 22.55314018], [114.15163674, 22.55307083], [114.15163011, 22.55303854], [114.1516245, 22.55301027], [114.15162061, 22.55298959], [114.15161702, 22.55296927], [114.15161391, 22.55295005], [114.15161169, 22.55293424], [114.15161035, 22.5529225], [114.15160921, 22.55290934], [114.15160836, 22.55289619], [114.15160752, 22.55287862], [114.15160694, 22.55286099], [114.15160637, 22.55283447], [114.15160592, 22.55280348], [114.1516058, 22.55278141], [114.15160595, 22.55276417], [114.1516063, 22.55274737], [114.15160799, 22.55269615], [114.15160985, 22.55265738], [114.15161224, 22.5526199], [114.15161502, 22.55258665], [114.15161636, 22.55257373], [114.15161843, 22.55255625], [114.1516224, 22.55252543], [114.15162625, 22.55249634], [114.15164537, 22.55235204], [114.1516666, 22.55218045], [114.15167068, 22.55214622], [114.15167327, 22.55212088], [114.15167442, 22.55210452], [114.15167506, 22.55208448], [114.15167504, 22.55206413], [114.15167479, 22.55205156], [114.15167423, 22.55203462], [114.15167274, 22.55200514], [114.15167086, 22.55198027], [114.15166815, 22.55195192], [114.1516654, 22.55192768], [114.15166186, 22.55190195], [114.1516571, 22.55187207], [114.15165239, 22.55184626], [114.15164723, 22.55182091], [114.15164082, 22.55179245], [114.15163478, 22.55176829], [114.15162812, 22.55174434], [114.15162212, 22.5517251], [114.1516142, 22.55170226], [114.15160522, 22.5516784], [114.15159564, 22.55165437], [114.15158784, 22.55163575], [114.15157814, 22.55161373], [114.15156764, 22.55159101], [114.15155851, 22.5515721], [114.15154845, 22.55155221], [114.15153608, 22.55152864], [114.15152532, 22.55150896], [114.15151302, 22.55148748], [114.1515032, 22.55147113], [114.15149464, 22.55145756], [114.15148549, 22.55144375], [114.15147622, 22.55143031], [114.15146594, 22.55141597], [114.15145264, 22.55139813], [114.15143948, 22.55138117], [114.15142618, 22.55136456], [114.15140982, 22.55134481], [114.15139638, 22.55132926], [114.15137976, 22.55131063], [114.15136226, 22.55129168], [114.15134711, 22.5512759], [114.15133198, 22.55126067], [114.15131592, 22.55124504], [114.15129976, 22.55122987], [114.15128349, 22.55121508], [114.1512673, 22.5512009], [114.1512479, 22.55118444], [114.15123159, 22.55117109], [114.15121156, 22.55115528], [114.1511946, 22.55114238], [114.15117703, 22.55112956], [114.15115858, 22.5511167], [114.15114353, 22.55110676], [114.1511285, 22.55109735], [114.15110949, 22.55108593], [114.15109057, 22.55107491], [114.15106783, 22.55106199], [114.15104224, 22.55104783], [114.15101951, 22.55103561], [114.15100016, 22.55102552], [114.15098356, 22.55101719], [114.15096766, 22.55100958], [114.1509518, 22.5510023], [114.15093602, 22.55099534], [114.15091566, 22.5509867], [114.15089879, 22.55097984], [114.15088161, 22.55097313], [114.150865, 22.55096689], [114.15084477, 22.55095964], [114.1508281, 22.55095394], [114.15081109, 22.55094835], [114.15079407, 22.55094304], [114.1507674, 22.5509353], [114.1507006, 22.5509168], [114.15060293, 22.55089008], [114.1505725, 22.55088197], [114.15055143, 22.55087657], [114.1505259, 22.55087027], [114.15046036, 22.55085482], [114.15043065, 22.55084756], [114.15040133, 22.55083991], [114.15038472, 22.5508353], [114.15037236, 22.55083169], [114.1503554, 22.55082641], [114.15033844, 22.55082075], [114.15031704, 22.55081314], [114.15029999, 22.55080669], [114.15028107, 22.55079907], [114.15026197, 22.55079094], [114.15024621, 22.55078388], [114.15022709, 22.55077485], [114.15020437, 22.55076342], [114.15019312, 22.55075743], [114.15018189, 22.55075119], [114.15017452, 22.55074693], [114.15016374, 22.55074041], [114.15014639, 22.55072926], [114.15013632, 22.5507224], [114.15012661, 22.55071556], [114.15011366, 22.55070613], [114.15010377, 22.55069868], [114.15009103, 22.55068879], [114.15007844, 22.55067872], [114.15006866, 22.55067066], [114.15005856, 22.55066209], [114.15003893, 22.55064476], [114.15002666, 22.55063346], [114.15001782, 22.55062506], [114.14999993, 22.55060725], [114.14999122, 22.5505982], [114.14998279, 22.55058914], [114.14997458, 22.55057996], [114.14996654, 22.55057056], [114.14995209, 22.55055277], [114.14993972, 22.55053649], [114.14992323, 22.55051337], [114.14991386, 22.55049979], [114.14990293, 22.55048356], [114.14989408, 22.55047012], [114.14988507, 22.55045602], [114.14987824, 22.55044493], [114.14987152, 22.55043348], [114.14986712, 22.55042558], [114.1498605, 22.55041314], [114.14985027, 22.55039286], [114.14984033, 22.55037243], [114.14983065, 22.55035195], [114.14981929, 22.55032726], [114.14981005, 22.55030663], [114.14979928, 22.5502818], [114.14979232, 22.55026517], [114.1497857, 22.55024844], [114.14977959, 22.5502315], [114.1497754, 22.55021863], [114.14977033, 22.55020142], [114.14976558, 22.55018413], [114.14970967, 22.54997172], [114.14970221, 22.54994175], [114.14969937, 22.54992915], [114.14969674, 22.54991638], [114.14969357, 22.54989933], [114.14969066, 22.54988223], [114.14968315, 22.54983472], [114.14963238, 22.54950086], [114.1496249, 22.54941128], [114.14962079, 22.54936708], [114.14961989, 22.54934976], [114.14961837, 22.54932794], [114.14961623, 22.54930169], [114.14960442, 22.54916674], [114.14959764, 22.54908616], [114.14959501, 22.54906254], [114.14958812, 22.54900723], [114.14958669, 22.54899349], [114.14958565, 22.54898097], [114.14958371, 22.54895136], [114.14957971, 22.54888024], [114.14957472, 22.54880271], [114.14957355, 22.54877844], [114.14957295, 22.54875474], [114.14957298, 22.54873788], [114.14957336, 22.54872099], [114.14957414, 22.54870329], [114.14957523, 22.548686], [114.1495766, 22.54866913], [114.14957868, 22.54864894], [114.14958064, 22.54863285], [114.14958346, 22.54861279], [114.14958683, 22.548592], [114.14959062, 22.54857088], [114.14959708, 22.5485376], [114.14960196, 22.54851381], [114.14960661, 22.54849307], [114.14961155, 22.54847261], [114.14961571, 22.54845659], [114.1496214, 22.5484363], [114.14962608, 22.54842077], [114.1496321, 22.54840209], [114.14963843, 22.54838352], [114.14964405, 22.54836801], [114.14965175, 22.54834799], [114.14965807, 22.54833244], [114.14966628, 22.54831332], [114.14967305, 22.54829841], [114.14968061, 22.54828279], [114.14968854, 22.54826734], [114.14969674, 22.54825228], [114.14970314, 22.54824117], [114.14971206, 22.54822642], [114.14972141, 22.54821172], [114.1497309, 22.54819759], [114.14973845, 22.54818689], [114.14974876, 22.5481729], [114.14975678, 22.54816253], [114.14976487, 22.54815256], [114.14977296, 22.54814309], [114.14978164, 22.54813349], [114.14979034, 22.54812441], [114.14979924, 22.54811555], [114.14980837, 22.54810682], [114.14981751, 22.54809844], [114.14983004, 22.54808751], [114.14984282, 22.54807683], [114.1498558, 22.54806644], [114.14986875, 22.54805657], [114.14987901, 22.5480491], [114.14988998, 22.54804142], [114.14990389, 22.54803205], [114.14991766, 22.5480231], [114.14993604, 22.54801161], [114.149955, 22.54800014], [114.149974, 22.54798902], [114.14999311, 22.54797815], [114.15001284, 22.54796723], [114.15003627, 22.54795471], [114.15005605, 22.54794449], [114.15007701, 22.54793402], [114.15009799, 22.54792385], [114.15011441, 22.54791622], [114.15013481, 22.54790722], [114.15015131, 22.54790028], [114.15016376, 22.54789538], [114.15018009, 22.54788945], [114.15019708, 22.54788367], [114.1502191, 22.54787676], [114.15023273, 22.5478728], [114.15024184, 22.54787033], [114.15025061, 22.54786811], [114.15026377, 22.54786502], [114.15027703, 22.54786216], [114.15029026, 22.54785957], [114.15030351, 22.54785724], [114.15031229, 22.54785585], [114.15033455, 22.54785284], [114.15034815, 22.54785131], [114.15036146, 22.54785003], [114.15037506, 22.54784897], [114.1503844, 22.54784841], [114.15040701, 22.54784757], [114.15042074, 22.54784739], [114.15043354, 22.54784747], [114.15044634, 22.54784778], [114.15045938, 22.54784831], [114.15048111, 22.54784969], [114.15049034, 22.54785048], [114.15050405, 22.54785189], [114.15052646, 22.54785475], [114.15054808, 22.54785818], [114.15056037, 22.54786044], [114.15057275, 22.54786293], [114.15059321, 22.54786752], [114.15060647, 22.54787086], [114.15061552, 22.5478733], [114.15062856, 22.54787704], [114.15064111, 22.54788086], [114.15065404, 22.54788497], [114.15066734, 22.5478894], [114.15069778, 22.54789997], [114.15089429, 22.54796965], [114.15111098, 22.54804606], [114.15115577, 22.54806144], [114.15131634, 22.54811582], [114.15134322, 22.54812443], [114.15136057, 22.54812953], [114.15137348, 22.54813309], [114.15138677, 22.54813652], [114.15139556, 22.54813861], [114.15140863, 22.54814135], [114.1514175, 22.54814288], [114.15143941, 22.54814503], [114.15145306, 22.54814523], [114.15146641, 22.54814464], [114.15147536, 22.54814377], [114.1514841, 22.54814249], [114.15149276, 22.5481408], [114.15150173, 22.54813867], [114.15151515, 22.54813489], [114.15152842, 22.54813053], [114.15154562, 22.54812416], [114.15156184, 22.54811749], [114.15158039, 22.54810912], [114.15159698, 22.54810094], [114.15161272, 22.54809251], [114.15162004, 22.54808828], [114.15162719, 22.54808395], [114.15163421, 22.54807947], [114.15164107, 22.54807481], [114.15164775, 22.54806995], [114.15165424, 22.54806482], [114.15166046, 22.54805941], [114.15166844, 22.54805155], [114.15167369, 22.54804576], [114.151681, 22.5480369], [114.15168781, 22.54802788], [114.15169466, 22.54801815], [114.15170615, 22.54800071], [114.15172176, 22.54797592], [114.15177046, 22.54789717], [114.15182853, 22.54780382], [114.15183923, 22.54778632], [114.1518474, 22.54777256], [114.15185332, 22.54776225], [114.15185971, 22.54775066], [114.15186562, 22.54773948], [114.15187121, 22.54772846], [114.15187661, 22.54771736], [114.15188195, 22.5477059], [114.15188872, 22.5476907], [114.15189357, 22.54767938], [114.15190262, 22.54765689], [114.15191087, 22.54763454], [114.15191956, 22.5476086], [114.15192671, 22.54758506], [114.15193099, 22.54756961], [114.15193415, 22.54755739], [114.15193762, 22.54754301], [114.15194099, 22.54752778], [114.15194418, 22.54751193], [114.15194724, 22.54749531], [114.15195001, 22.54747865], [114.15195225, 22.54746316], [114.15195421, 22.54744765], [114.15195584, 22.54743249], [114.15195716, 22.54741769], [114.15195827, 22.54740193], [114.15195908, 22.547386], [114.1519595, 22.54737383], [114.15195977, 22.54735834], [114.15195976, 22.54734277], [114.15195946, 22.5473274], [114.15195888, 22.54731221], [114.15195807, 22.54729703], [114.15195689, 22.54728063], [114.1519554, 22.54726453], [114.15195362, 22.54724867], [114.15195155, 22.54723284], [114.15194977, 22.54722097], [114.15194715, 22.54720523], [114.15194428, 22.54718953], [114.15194186, 22.5471775], [114.15193835, 22.54716147], [114.15193463, 22.54714568], [114.15193072, 22.5471301], [114.15192092, 22.54709344], [114.15191266, 22.54706393], [114.15190451, 22.54703667], [114.15189721, 22.54701394], [114.15188831, 22.54698818], [114.15187937, 22.54696419], [114.15186954, 22.54693968], [114.15185955, 22.5469164], [114.15184912, 22.54689354], [114.15183766, 22.54686987], [114.15182641, 22.54684801], [114.15181265, 22.54682277], [114.15180017, 22.54680116], [114.15178725, 22.54677979], [114.15177288, 22.54675722], [114.15175732, 22.54673414], [114.15174306, 22.54671401], [114.15172919, 22.54669557], [114.15172222, 22.54668676], [114.15171408, 22.54667687], [114.1516919, 22.54665107], [114.15166593, 22.54662185], [114.15162919, 22.54658146], [114.15158921, 22.54653846], [114.15155858, 22.54650632], [114.15154093, 22.54648822], [114.15152858, 22.54647582], [114.1515072, 22.54645513], [114.15148809, 22.54643741], [114.15146796, 22.54641959], [114.15144797, 22.54640259], [114.15142819, 22.54638658], [114.15141101, 22.54637341], [114.15140358, 22.54636798], [114.15139408, 22.54636133], [114.15138639, 22.54635625], [114.15137893, 22.54635156], [114.15136817, 22.54634517], [114.15135269, 22.54633671], [114.15134107, 22.54633085], [114.15133007, 22.54632574], [114.15131158, 22.54631812], [114.15130053, 22.5463141], [114.15128846, 22.54631011], [114.1512763, 22.54630649], [114.15126493, 22.54630345], [114.15125273, 22.54630056], [114.1512379, 22.54629754], [114.1512268, 22.54629563], [114.15121483, 22.54629391], [114.15120334, 22.54629257], [114.15118818, 22.54629129], [114.15115767, 22.54629033], [114.15113219, 22.54629116], [114.1511194, 22.54629208], [114.15111118, 22.54629285], [114.15109247, 22.54629513], [114.15107375, 22.54629798], [114.15105347, 22.54630149], [114.15099542, 22.54631214], [114.15097918, 22.54631484], [114.15096596, 22.5463168], [114.15094817, 22.54631908], [114.15092657, 22.54632125], [114.15090537, 22.54632278], [114.15088855, 22.54632354], [114.15086786, 22.5463239], [114.15085475, 22.54632381], [114.15084561, 22.54632359], [114.15083293, 22.54632309], [114.15082138, 22.54632245], [114.15080858, 22.54632154], [114.15079639, 22.54632046], [114.15077637, 22.5463182], [114.15076325, 22.54631637], [114.15075452, 22.54631499], [114.15073397, 22.54631127], [114.15071349, 22.54630693], [114.15070158, 22.54630416], [114.1506882, 22.54630085], [114.15067513, 22.54629737], [114.1506622, 22.54629372], [114.15063617, 22.54628582], [114.15062352, 22.54628168], [114.15061144, 22.54627752], [114.1505989, 22.54627299], [114.15058596, 22.5462681], [114.15057351, 22.54626318], [114.15056097, 22.546258], [114.15054484, 22.54625101], [114.15053288, 22.54624562], [114.15052112, 22.5462401], [114.15050965, 22.5462345], [114.15048746, 22.54622309], [114.15047609, 22.5462169], [114.15046404, 22.54621007], [114.15044414, 22.54619814], [114.15041859, 22.54618188], [114.15040029, 22.54616974], [114.15038314, 22.54615811], [114.15036931, 22.54614853], [114.15035886, 22.54614106], [114.15034854, 22.5461334], [114.15034179, 22.54612818], [114.15033214, 22.54612026], [114.15032588, 22.54611475], [114.15031674, 22.54610618], [114.15030488, 22.54609419], [114.15029344, 22.54608172], [114.15028258, 22.54606912], [114.1502719, 22.54605608], [114.15026057, 22.54604149], [114.15024724, 22.54602364], [114.1502316, 22.54600208], [114.15022152, 22.54598781], [114.15020921, 22.54596995], [114.15018043, 22.54592727], [114.15009767, 22.54580323], [114.15006952, 22.54576064], [114.1500303, 22.54570071], [114.15001189, 22.54567323], [114.14999348, 22.54564685], [114.1499683, 22.54561158], [114.14993635, 22.54556751], [114.14990476, 22.54552428], [114.14988757, 22.54550106], [114.14986817, 22.54547559], [114.14984414, 22.54544468], [114.14980349, 22.54539283], [114.14978425, 22.54536854], [114.1497602, 22.54533859], [114.14973782, 22.54531101], [114.14971842, 22.54528746], [114.1496896, 22.54525304], [114.14964979, 22.54520624], [114.14961316, 22.54516375], [114.14958402, 22.54513044], [114.14955628, 22.54509957], [114.14950943, 22.54504821], [114.14947824, 22.54501448], [114.14945312, 22.54498776], [114.14943425, 22.54496816], [114.14941498, 22.54494856], [114.14933327, 22.54486685], [114.14930097, 22.54483506], [114.14914363, 22.54468112], [114.14912069, 22.54465851], [114.14910121, 22.54463902], [114.14906641, 22.54460361], [114.14903666, 22.54457264], [114.14900516, 22.54453892], [114.14897158, 22.54450223], [114.14895569, 22.54448451], [114.14893984, 22.54446647], [114.14892695, 22.54445153], [114.14891379, 22.54443595], [114.14890033, 22.54441965], [114.14888403, 22.54439952], [114.14887048, 22.54438248], [114.14885467, 22.54436223], [114.14883887, 22.54434164], [114.14882547, 22.54432389], [114.14881329, 22.54430745], [114.14879948, 22.54428848], [114.14878783, 22.54427213], [114.14877386, 22.5442521], [114.14876081, 22.54423302], [114.14874693, 22.54421231], [114.14871793, 22.54416805], [114.14869407, 22.5441303], [114.1486783, 22.54410472], [114.14866294, 22.54407938], [114.1486499, 22.54405735], [114.14863913, 22.54403863], [114.14862896, 22.54402029], [114.14861915, 22.54400193], [114.14860356, 22.54397206], [114.14858789, 22.54394156], [114.14857824, 22.54392238], [114.14856686, 22.54389914], [114.14855945, 22.54388357], [114.14855202, 22.54386736], [114.14853382, 22.54382596], [114.14846751, 22.54367232], [114.148389, 22.5434885], [114.14836368, 22.54342807], [114.14831603, 22.54331276], [114.14830424, 22.54328363], [114.14829783, 22.54326685], [114.14829273, 22.5432522], [114.14828829, 22.54323766], [114.14828422, 22.54322231], [114.14828054, 22.54320633], [114.14827742, 22.54319027], [114.14827509, 22.54317562], [114.1482731, 22.54315978], [114.14827175, 22.54314506], [114.14827083, 22.54313031], [114.14827037, 22.54311538], [114.14827037, 22.5431006], [114.14827089, 22.54308498], [114.14827164, 22.54307288], [114.14827307, 22.54305701], [114.14827497, 22.54304171], [114.14827678, 22.54303015], [114.14827978, 22.54301455], [114.14828332, 22.54299905], [114.14828626, 22.5429876], [114.1482903, 22.54297354], [114.14829379, 22.54296258], [114.14829899, 22.54294754], [114.14830518, 22.54293097], [114.14831014, 22.54291847], [114.14831498, 22.54290679], [114.14832473, 22.54288446], [114.14833567, 22.54286094], [114.14835013, 22.54283166], [114.14838839, 22.54275735], [114.1484467, 22.54264475], [114.14854613, 22.54245341], [114.14855783, 22.54243045], [114.14856539, 22.54241493], [114.1485724, 22.54239952], [114.14857831, 22.54238532], [114.14858396, 22.54237037], [114.14858775, 22.54235928], [114.14859234, 22.54234432], [114.14859554, 22.54233253], [114.14859823, 22.54232141], [114.1486013, 22.54230668], [114.14860336, 22.54229494], [114.14860499, 22.54228382], [114.14860642, 22.5422718], [114.14860769, 22.5422578], [114.14860839, 22.5422458], [114.1486087, 22.54223545], [114.14860875, 22.5422238], [114.14860849, 22.54221218], [114.14860787, 22.54220002], [114.14860699, 22.54218884], [114.14860571, 22.54217682], [114.14860418, 22.54216547], [114.14860208, 22.54215264], [114.14859966, 22.54214014], [114.14859711, 22.54212875], [114.1485943, 22.54211763], [114.14859107, 22.54210612], [114.1485865, 22.54209171], [114.1485827, 22.54208084], [114.14857818, 22.54206899], [114.1485735, 22.54205766], [114.14856882, 22.54204701], [114.14856321, 22.54203513], [114.14855742, 22.54202379], [114.14855154, 22.54201311], [114.14854525, 22.5420025], [114.14853922, 22.54199298], [114.14853267, 22.54198325], [114.14852505, 22.54197266], [114.14851989, 22.5419659], [114.14851272, 22.54195704], [114.14850462, 22.54194766], [114.14849614, 22.54193851], [114.14848686, 22.54192918], [114.1484777, 22.54192055], [114.14847085, 22.54191448], [114.14846173, 22.54190685], [114.14845295, 22.54189995], [114.14844284, 22.54189252], [114.14843272, 22.5418856], [114.14842171, 22.54187857], [114.14841402, 22.54187399], [114.14840346, 22.5418681], [114.14839241, 22.54186242], [114.14838475, 22.54185876], [114.14837296, 22.54185359], [114.14836194, 22.54184924], [114.14834562, 22.54184371], [114.14832978, 22.54183938], [114.14831744, 22.54183653], [114.14830043, 22.54183304], [114.14827426, 22.54182814], [114.14816086, 22.54180766], [114.14811548, 22.54179974], [114.14806351, 22.54179217], [114.1479398, 22.54177622], [114.14790646, 22.54177179], [114.14788281, 22.54176835], [114.14785283, 22.54176305], [114.14783574, 22.5417595], [114.14774856, 22.54174026], [114.14773494, 22.54173709], [114.14772113, 22.54173366], [114.14770042, 22.54172806], [114.14767976, 22.54172182], [114.14766908, 22.5417183], [114.14765797, 22.54171442], [114.14764645, 22.54171014], [114.14761943, 22.54169882], [114.14760344, 22.54169155], [114.14758294, 22.54168199], [114.1473668, 22.54157996], [114.14733819, 22.54156678], [114.14731757, 22.54155771], [114.14729364, 22.54154779], [114.14728493, 22.54154438], [114.14727263, 22.54153984], [114.14725274, 22.54153315], [114.14724252, 22.54153001], [114.14723134, 22.54152681], [114.14722288, 22.54152456], [114.1472104, 22.54152148], [114.14719805, 22.54151869], [114.14718528, 22.54151609], [114.14716497, 22.54151255], [114.14715267, 22.54151073], [114.14714043, 22.54150915], [114.14712393, 22.54150731], [114.14710337, 22.54150539], [114.14700286, 22.54149749], [114.14696368, 22.54149411], [114.14694734, 22.54149244], [114.1469338, 22.54149088], [114.14689902, 22.54148636], [114.14684571, 22.5414786], [114.14681383, 22.54147363], [114.14678689, 22.54146924], [114.14676461, 22.54146542], [114.14674691, 22.54146221], [114.1467297, 22.54145886], [114.14671355, 22.54145547], [114.14668903, 22.54144978], [114.14666292, 22.54144316], [114.14648899, 22.54139711], [114.14642803, 22.54138069], [114.1461205, 22.54129734], [114.14599282, 22.54126258], [114.14595406, 22.54125218], [114.14592477, 22.54124461], [114.14589652, 22.54123767], [114.14586765, 22.541231], [114.14583722, 22.54122441], [114.14579577, 22.54121604], [114.14577708, 22.54121252], [114.14575713, 22.54120896], [114.14573775, 22.5412057], [114.14571584, 22.54120222], [114.1456931, 22.54119881], [114.14567214, 22.54119586], [114.14565102, 22.5411931], [114.14562895, 22.54119043], [114.14561187, 22.54118852], [114.14558939, 22.54118623], [114.14555482, 22.54118324], [114.1455158, 22.54118064], [114.14548843, 22.54117915], [114.14545527, 22.54117755], [114.14534063, 22.54117227], [114.14530225, 22.54117064], [114.14523993, 22.54116861], [114.14511949, 22.54116528], [114.14506043, 22.54116383], [114.14498968, 22.54116263], [114.14488137, 22.54116126], [114.1447922, 22.54115989], [114.14476467, 22.54115976], [114.14474182, 22.54115999], [114.14472327, 22.5411605], [114.14470948, 22.5411611], [114.14469556, 22.54116194], [114.14468151, 22.54116305], [114.14466754, 22.54116439], [114.14465355, 22.54116601], [114.1446406, 22.54116784], [114.1446293, 22.54116976], [114.14461756, 22.54117208], [114.14460541, 22.54117482], [114.14459294, 22.541178], [114.14458099, 22.54118138], [114.14456945, 22.54118496], [114.14455813, 22.54118882], [114.14454604, 22.54119332], [114.14453423, 22.54119808], [114.14452256, 22.54120319], [114.1445075, 22.5412104], [114.14449632, 22.54121622], [114.14448542, 22.54122233], [114.14447614, 22.54122793], [114.14446577, 22.54123463], [114.14445564, 22.54124164], [114.14444894, 22.54124657], [114.144439, 22.54125431], [114.14442966, 22.54126206], [114.14442042, 22.54127025], [114.14441157, 22.54127864], [114.14440308, 22.54128724], [114.14439748, 22.54129323], [114.14438933, 22.54130244], [114.1443812, 22.54131224], [114.14437314, 22.54132273], [114.1443681, 22.54132976], [114.14436349, 22.54133652], [114.14435469, 22.54135029], [114.14435052, 22.54135728], [114.1443465, 22.54136441], [114.14433956, 22.54137787], [114.14433481, 22.54138824], [114.1443303, 22.54139923], [114.1443246, 22.54141459], [114.14431901, 22.54143093], [114.1443137, 22.54144736], [114.1443086, 22.54146409], [114.14430364, 22.5414811], [114.14426731, 22.54161243], [114.14424215, 22.54170208], [114.14423378, 22.54173062], [114.1442298, 22.54174325], [114.14422564, 22.54175565], [114.14421675, 22.54178014], [114.1442122, 22.54179187], [114.14420735, 22.54180365], [114.14420397, 22.54181146], [114.14419851, 22.54182337], [114.14418904, 22.541843], [114.14417535, 22.54187045], [114.14416146, 22.54189773], [114.14415321, 22.54191335], [114.14414677, 22.54192491], [114.14414226, 22.54193247], [114.14413749, 22.54193987], [114.14413037, 22.54194965], [114.14412327, 22.54195811], [114.14411471, 22.54196707], [114.14410518, 22.54197593], [114.14409804, 22.54198197], [114.14408812, 22.5419897], [114.14407448, 22.54199936], [114.14406801, 22.54200357], [114.14406181, 22.54200738], [114.14405123, 22.54201344], [114.14404365, 22.54201747], [114.14403223, 22.5420231], [114.1440243, 22.54202672], [114.14401664, 22.54202999], [114.14400911, 22.54203297], [114.14399751, 22.54203716], [114.14398599, 22.54204088], [114.14397828, 22.54204312], [114.14397026, 22.54204525], [114.14395853, 22.54204796], [114.14395007, 22.54204963], [114.14394179, 22.54205106], [114.14393347, 22.54205228], [114.14392512, 22.54205329], [114.14391629, 22.5420541], [114.14390327, 22.5420549], [114.14388271, 22.54205553], [114.14385936, 22.5420558], [114.14365392, 22.5420565], [114.14324808, 22.54205533], [114.14318939, 22.54205497], [114.14310639, 22.54205421], [114.14282845, 22.54205177], [114.14275057, 22.5420361], [114.14267969, 22.5420097], [114.1426097, 22.54198851], [114.14220004, 22.54191424], [114.14217471, 22.54191055], [114.14214711, 22.54191635], [114.14212017, 22.54192887], [114.14209699, 22.54194387], [114.14204809, 22.54198931], [114.14199453, 22.54206287], [114.14193863, 22.54215375], [114.14188997, 22.54222004], [114.14186891, 22.54224536], [114.14182202, 22.54230174], [114.14175409, 22.54238342], [114.14164242, 22.54251721], [114.1415303, 22.54265076], [114.14149634, 22.54268417], [114.14145726, 22.54271259], [114.14137046, 22.54276213], [114.14131626, 22.5427909], [114.14126103, 22.54281566], [114.14122314, 22.54282787], [114.14117069, 22.54283636], [114.14107878, 22.54283861], [114.1409869, 22.54283632], [114.14081911, 22.54282868], [114.14065131, 22.54282139], [114.14045558, 22.54281748], [114.14025979, 22.5428213], [114.14018309, 22.54282798], [114.14010712, 22.54284008], [114.13995613, 22.54287323], [114.13987259, 22.5428927], [114.13979134, 22.54291711], [114.13974037, 22.54294002], [114.13959642, 22.54301788], [114.13945267, 22.54309594], [114.13928887, 22.54318506], [114.13912502, 22.54327413], [114.13903847, 22.54331735], [114.13894924, 22.54335568], [114.13876541, 22.54342258], [114.13858719, 22.54347566], [114.13840582, 22.54351906], [114.13824671, 22.54355041], [114.13808619, 22.54357097], [114.13800041, 22.54357575], [114.13791445, 22.54357658], [114.1377426, 22.54357089], [114.13763733, 22.54356479], [114.13753248, 22.54355367], [114.13746294, 22.54354111], [114.13734139, 22.54350812], [114.13722324, 22.54346677], [114.13707445, 22.5434093], [114.13692763, 22.54334786], [114.1368293, 22.5433035], [114.13673588, 22.54325126], [114.13653447, 22.54311447], [114.13649374, 22.54308681], [114.13635622, 22.5429927], [114.13611187, 22.54280886], [114.13571629, 22.54249526], [114.13532845, 22.54221049], [114.13481891, 22.5418826], [114.13473871, 22.54183212], [114.13462336, 22.54176855], [114.13450267, 22.54171468], [114.13441914, 22.54168349], [114.1343287, 22.54165477], [114.13423745, 22.5416308], [114.13405162, 22.54159426], [114.13390395, 22.54157458], [114.13375598, 22.54156447], [114.13362979, 22.54156221], [114.13350361, 22.54156778], [114.13342038, 22.54157924], [114.1332483, 22.54161211], [114.13307677, 22.541646], [114.13221435, 22.54182045], [114.13135076, 22.5419946], [114.13119147, 22.54201826], [114.13103112, 22.54203164], [114.13093531, 22.5420335], [114.13083926, 22.54202638], [114.13077544, 22.54201672], [114.13064187, 22.54198495], [114.13051178, 22.54194237], [114.1303814, 22.54189176], [114.13025613, 22.54183089], [114.13017016, 22.5417781], [114.13009043, 22.54171854], [114.13004044, 22.54167485], [114.12993642, 22.54157532], [114.12983811, 22.54147214], [114.12977684, 22.54139996], [114.12948509, 22.54102852], [114.12934486, 22.54084969], [114.12912571, 22.54056054], [114.12896218, 22.54037474], [114.12891078, 22.54031886], [114.12885577, 22.54026612], [114.12873852, 22.54016671], [114.12862137, 22.540078], [114.12849887, 22.53999581], [114.12836162, 22.539914], [114.12821928, 22.53983976], [114.12806218, 22.53977116], [114.1278997, 22.5397134], [114.12778138, 22.53967899], [114.1276615, 22.53965234], [114.12758786, 22.53964029], [114.12743231, 22.53962509], [114.12728449, 22.53962408], [114.12716453, 22.53963143], [114.12704478, 22.53964629], [114.12688755, 22.53967493], [114.12673314, 22.53971304], [114.1266211, 22.53974987], [114.12650939, 22.53978725], [114.12639858, 22.53981865], [114.12628564, 22.5398466], [114.12617193, 22.53986868], [114.12605799, 22.53988134], [114.12598199, 22.53988363], [114.1259121, 22.53988103], [114.12584217, 22.53987456], [114.12570235, 22.53985383], [114.12556534, 22.53982828], [114.1254307, 22.53979433], [114.1253245, 22.53975801], [114.12522298, 22.53971256], [114.12508252, 22.53963916], [114.12494339, 22.53956392], [114.12460791, 22.53937806], [114.12427234, 22.53919233], [114.12390887, 22.53899166], [114.12354537, 22.53879102], [114.12326536, 22.5386357], [114.12298618, 22.53847888], [114.12284229, 22.5383892], [114.12270542, 22.53829021], [114.122443, 22.53807762], [114.12229181, 22.53794709], [114.12214748, 22.53781014], [114.12199498, 22.53765283], [114.12184904, 22.53749079], [114.12175614, 22.53737921], [114.12166243, 22.53725774], [114.12157246, 22.53713405], [114.12136768, 22.53683893], [114.12132141, 22.53677299], [114.12116946, 22.53654012], [114.12088497, 22.53610053], [114.12066614, 22.5357299], [114.12035871, 22.53531391], [114.12021496, 22.53515046], [114.12008123, 22.53504547], [114.12003924, 22.53501671], [114.11996676, 22.53497307], [114.11989184, 22.53493446], [114.11983952, 22.53491265], [114.11975635, 22.53488431], [114.11967176, 22.5348606], [114.11954437, 22.53482894], [114.1194161, 22.53480108], [114.11896056, 22.53472305], [114.11850435, 22.53464906], [114.11820172, 22.53459269], [114.11791011, 22.53453318], [114.11761851, 22.53447363], [114.11745473, 22.53444018], [114.11729094, 22.53440667], [114.11721161, 22.53438465], [114.1171353, 22.53435407], [114.11698738, 22.5342803], [114.11687304, 22.53421698], [114.11676372, 22.53414652], [114.11664744, 22.53405838], [114.11654009, 22.53396074], [114.11648315, 22.53390086], [114.11642991, 22.53383892], [114.11633246, 22.53370814], [114.11627269, 22.53361596], [114.11621947, 22.53352117], [114.11618875, 22.53345555], [114.1161458, 22.53334501], [114.11610895, 22.5332327], [114.11608029, 22.53314153], [114.11605553, 22.53304975], [114.11604514, 22.53298757], [114.11602849, 22.53282421], [114.11601332, 22.53266075], [114.11600218, 22.53252701], [114.11598947, 22.53239335], [114.11596539, 22.53225534], [114.11594463, 22.53216584], [114.11581824, 22.53175661], [114.11563815, 22.53135639], [114.11560666, 22.53129655], [114.11557379, 22.53125453], [114.11546496, 22.53114762], [114.11535464, 22.53105714], [114.11524779, 22.53098072], [114.11474683, 22.5307037], [114.11426801, 22.53046935], [114.11376844, 22.53020266], [114.11322725, 22.52988899], [114.11256529, 22.52964175], [114.11220449, 22.52959078], [114.11192659, 22.52959744], [114.11129737, 22.52969179], [114.1109447, 22.52980734], [114.11048136, 22.53001283], [114.1100228, 22.53030387], [114.1096998, 22.53054919], [114.10945079, 22.53078047], [114.10915201, 22.53116011], [114.10894562, 22.53158565], [114.10865397, 22.5323588], [114.10843381, 22.53284055], [114.10822821, 22.53312796], [114.10789655, 22.53345081], [114.10757851, 22.53366569], [114.10706805, 22.53391294], [114.10623699, 22.53430868], [114.10520256, 22.53478619], [114.10506577, 22.53484065], [114.10446873, 22.5350471], [114.1041918, 22.53510673], [114.10391091, 22.5351474], [114.10358387, 22.53517051], [114.10314677, 22.53516136], [114.10275652, 22.53511418], [114.10228053, 22.53502458], [114.10085931, 22.53474538], [114.09878446, 22.53432541], [114.09789401, 22.53414404], [114.09727813, 22.53411331], [114.09653231, 22.53423676], [114.09623438, 22.53434319], [114.09571947, 22.53460718], [114.09533862, 22.5349335], [114.09467795, 22.53558664], [114.09425976, 22.53600006], [114.09381918, 22.53635194], [114.09337289, 22.53660559], [114.0927217, 22.53689102], [114.09221455, 22.53699788], [114.09179196, 22.53701195], [114.09024619, 22.53683852], [114.08960755, 22.53671231], [114.08899563, 22.53647481], [114.08847338, 22.536146], [114.08770558, 22.53534569], [114.0876788, 22.53530995], [114.08706843, 22.53449546], [114.0867307, 22.53400962], [114.08635481, 22.53347184], [114.0863162, 22.53341661], [114.08621396, 22.53328974], [114.08594772, 22.53295933], [114.08577554, 22.5328077], [114.08559511, 22.53264881], [114.085582, 22.53263727], [114.08524723, 22.53237937], [114.0845404, 22.53210504], [114.08413607, 22.53198503], [114.08327488, 22.53172941], [114.08100115, 22.53115672], [114.07955958, 22.53069971], [114.07898921, 22.53035312], [114.07850192, 22.52996726], [114.07805807, 22.52945939], [114.07823248, 22.52918143], [114.07840489, 22.52890667], [114.07868278, 22.52846379], [114.07967719, 22.52730148], [114.08060659, 22.52662026], [114.08191654, 22.52606202], [114.08261116, 22.52567561], [114.08273597, 22.52560618], [114.08373665, 22.5250495], [114.08386039, 22.52496915], [114.08419278, 22.52475334], [114.08482908, 22.52421684], [114.08512268, 22.52380794], [114.08530221, 22.52341413], [114.08533506, 22.52302024], [114.0853191, 22.52250511], [114.08507504, 22.52192925], [114.08468437, 22.5212624], [114.08460517, 22.52115438], [114.08411422, 22.52048477], [114.08455741, 22.52035754], [114.08463689, 22.52031355], [114.08465465, 22.52029681], [114.08472311, 22.52018616], [114.08475145, 22.52007449], [114.08475664, 22.51999446], [114.08482796, 22.51981115], [114.08485161, 22.51975035], [114.08487721, 22.51968456], [114.08490731, 22.51962859], [114.08496557, 22.51957522], [114.08507563, 22.51944486], [114.08521727, 22.51932077], [114.08543119, 22.51918318], [114.08550411, 22.51915275], [114.08559768, 22.51912853], [114.08569427, 22.5191173], [114.08579087, 22.51912017], [114.08588684, 22.5191366], [114.08597855, 22.519166], [114.08627792, 22.51935468], [114.08652872, 22.51949253], [114.08669147, 22.51959139], [114.08692829, 22.51974899], [114.0870807, 22.51986083], [114.08730171, 22.5200376], [114.08751239, 22.5202251], [114.08782505, 22.52054472], [114.08796591, 22.52066954], [114.08809583, 22.52080337], [114.08826822, 22.52102189], [114.08836714, 22.52117715], [114.0884897, 22.52142273], [114.08855338, 22.52159321], [114.08860308, 22.5217682], [114.08864847, 22.52203518], [114.08865985, 22.5223061], [114.08864696, 22.52249969], [114.08866595, 22.52252422], [114.08869546, 22.52252774], [114.08873738, 22.52255643], [114.08888205, 22.5227358], [114.08897727, 22.52287136], [114.08906354, 22.52295982], [114.08912137, 22.5230065], [114.08931836, 22.52310315], [114.08941559, 22.52316969], [114.08947094, 22.52315145], [114.08953112, 22.52308206], [114.08952349, 22.52300771], [114.08943282, 22.52290817], [114.0893788, 22.52283308], [114.08933997, 22.52275066], [114.08931816, 22.5226626], [114.08928902, 22.52244338], [114.08928914, 22.52237434], [114.08968083, 22.52171507], [114.08975533, 22.52153146], [114.08973537, 22.5213596], [114.08966591, 22.52095183], [114.09166123, 22.52080247], [114.09165468, 22.52059477], [114.09168877, 22.52047683], [114.09173143, 22.52025956], [114.09166049, 22.52002416], [114.09164114, 22.51987854], [114.0916698, 22.51971488], [114.0917215, 22.51959525], [114.09175804, 22.51945926], [114.09175037, 22.5190924], [114.09166574, 22.51888187], [114.09154286, 22.5186251], [114.09130207, 22.51831056], [114.09119974, 22.51811775], [114.09115814, 22.51794948], [114.09118594, 22.51784832], [114.09118453, 22.51776674], [114.09119244, 22.51772694], [114.09118164, 22.51756251], [114.09119438, 22.51749981], [114.09122127, 22.51744828], [114.09126297, 22.51730539], [114.0912971, 22.51722263], [114.09135002, 22.51701107], [114.09135151, 22.51688076], [114.09133979, 22.51681728], [114.09130863, 22.51672429], [114.09130116, 22.51666881], [114.09131454, 22.51658936], [114.09135066, 22.51654664], [114.09126244, 22.51653029], [114.09119162, 22.51647918], [114.0911488, 22.51642273], [114.09111603, 22.51607745], [114.09104935, 22.51583904], [114.09097125, 22.51569998], [114.09073156, 22.5155127], [114.09066516, 22.51511559], [114.09052715, 22.51492724], [114.09085376, 22.5149304], [114.09122114, 22.5147976], [114.09144032, 22.51451214], [114.09148289, 22.51443089], [114.09155225, 22.51426217], [114.09164556, 22.51379763], [114.09159224, 22.51345115], [114.0915808, 22.51327054], [114.09158522, 22.5130002], [114.09161576, 22.51273043], [114.0916511, 22.51255323], [114.09169738, 22.51237772], [114.09175519, 22.51220504], [114.09182394, 22.51203633], [114.0919474, 22.51179088], [114.09204287, 22.51163402], [114.09214866, 22.51148226], [114.09226355, 22.51133671], [114.09243923, 22.5111826], [114.09276036, 22.51092255], [114.09292528, 22.51073588], [114.09316454, 22.51054745], [114.09326895, 22.51039092], [114.09313227, 22.51024392], [114.0929144, 22.50990009], [114.09281671, 22.50971999], [114.09263293, 22.50925257], [114.09257588, 22.50917691], [114.09235607, 22.50903627], [114.09204619, 22.50891096], [114.09182436, 22.50886557], [114.09164217, 22.50868546], [114.09141021, 22.50853459], [114.09087787, 22.50850664], [114.09020185, 22.50841485], [114.08966424, 22.50835775], [114.08966907, 22.5083109], [114.08970851, 22.50817909], [114.08975114, 22.50809363], [114.08982376, 22.50798005], [114.08998398, 22.50777916], [114.09000952, 22.50770709], [114.09004524, 22.50766358], [114.09020696, 22.5073768], [114.09028463, 22.5072979], [114.09037734, 22.50723678], [114.09041555, 22.5071814], [114.09043803, 22.50709583], [114.09043811, 22.50703596], [114.09037706, 22.50681375], [114.09002821, 22.50575068], [114.09000564, 22.50569969], [114.08994935, 22.50562057], [114.089762, 22.50546726], [114.08968424, 22.50538317], [114.08935888, 22.50481826], [114.08931845, 22.5047141], [114.0893111, 22.50448261], [114.08959868, 22.50450211], [114.08988597, 22.50454798], [114.09007424, 22.50459267], [114.09025886, 22.50464808], [114.09050542, 22.5047436], [114.09116987, 22.50486248], [114.09136783, 22.50485225], [114.09132202, 22.50426073], [114.0912404, 22.50349746], [114.09122495, 22.50320035], [114.09129309, 22.50303106], [114.09131685, 22.5029199], [114.09140989, 22.50273312], [114.09155294, 22.50225064], [114.0916225, 22.50198417], [114.0916985, 22.50126329], [114.0913055, 22.50033951], [114.09106132, 22.49939957], [114.09039193, 22.49877651], [114.09029111, 22.49840759], [114.09024456, 22.49781123], [114.09036484, 22.49761851], [114.09041942, 22.49740981], [114.09031544, 22.49709439], [114.08993081, 22.49682906], [114.08970308, 22.49653195], [114.0897971, 22.49637077], [114.09047025, 22.4960371], [114.09057041, 22.49590061], [114.09060597, 22.49583319], [114.09068083, 22.49573609], [114.09071146, 22.49566629], [114.09075341, 22.49561245], [114.09076995, 22.49553926], [114.09081959, 22.49539889], [114.09084671, 22.49534386], [114.09091397, 22.4952568], [114.09100787, 22.49517329], [114.09105515, 22.49508681], [114.09109726, 22.49498223], [114.09116926, 22.49472393], [114.09118282, 22.49465647], [114.09118308, 22.49457612], [114.09122856, 22.49442104], [114.09123752, 22.49439971], [114.09131072, 22.49431198], [114.09134572, 22.49425162], [114.09135777, 22.49420558], [114.09138263, 22.49416248], [114.09142968, 22.49413505], [114.09148556, 22.49413083], [114.09153004, 22.49413485], [114.09167651, 22.49417058], [114.09181412, 22.49416504], [114.09193151, 22.49412578], [114.09202465, 22.49405944], [114.09207401, 22.49400906], [114.09210702, 22.49396299], [114.09213789, 22.49389719], [114.09213652, 22.49386092], [114.09207666, 22.49371843], [114.09206789, 22.4936757], [114.0921131, 22.4935266], [114.09216145, 22.49347989], [114.09229314, 22.49342008], [114.09230361, 22.49339347], [114.09229748, 22.49329658], [114.09230225, 22.49327501], [114.09233288, 22.49323081], [114.09242309, 22.4931351], [114.09253608, 22.49305173], [114.09261079, 22.49298315], [114.09264287, 22.49296241], [114.09271719, 22.49293561], [114.09275322, 22.49290936], [114.09278795, 22.49286611], [114.09277627, 22.49283973], [114.09266653, 22.49275894], [114.09256395, 22.4926669], [114.09248282, 22.49256056], [114.09245849, 22.49251342], [114.09253715, 22.49239807], [114.09316194, 22.49210583], [114.09319835, 22.49201458], [114.09299179, 22.49169043], [114.09260657, 22.49141544], [114.09248535, 22.49122834], [114.0924585, 22.49108669], [114.09265474, 22.49057695], [114.09240834, 22.48983973], [114.09239591, 22.48950667], [114.09248096, 22.48875883], [114.09243163, 22.48855803], [114.09230018, 22.48816567], [114.0920978, 22.48713098], [114.09219295, 22.48626168], [114.09219682, 22.48605003], [114.09225556, 22.48552447], [114.09228724, 22.48535968], [114.09231281, 22.48526939], [114.09230859, 22.48520899], [114.09233841, 22.48510967], [114.09229117, 22.48489575], [114.09218371, 22.48481442], [114.09195119, 22.48467375], [114.09169497, 22.48455905], [114.09158625, 22.48455052], [114.09134157, 22.48443525], [114.09124809, 22.48435957], [114.0910302, 22.4841179], [114.0907579, 22.48348336], [114.09071116, 22.48343085], [114.09046534, 22.48320158], [114.09044229, 22.48314681], [114.09037252, 22.48303446], [114.09035311, 22.48298027], [114.0902791, 22.48285719], [114.09021416, 22.48279338], [114.09010616, 22.48261215], [114.09002182, 22.48249019], [114.09002183, 22.482471], [114.08987012, 22.48227], [114.08980397, 22.48219546], [114.08964074, 22.48196566], [114.08946164, 22.4817471], [114.08926523, 22.48157941], [114.0893404, 22.48123093], [114.0894233, 22.48103428], [114.08944523, 22.48092254], [114.08955184, 22.48069802], [114.08964474, 22.47929094], [114.08952903, 22.47824526], [114.08951451, 22.47815664], [114.08941686, 22.47775003], [114.08941217, 22.4774746], [114.08944644, 22.47707051], [114.08944225, 22.47696496], [114.08936889, 22.47677021], [114.08932825, 22.47668721], [114.0893484, 22.47651057], [114.08941293, 22.47627243], [114.08946358, 22.47586609], [114.08951129, 22.47532598], [114.08953405, 22.47487504], [114.08960118, 22.4746369], [114.08956063, 22.47438599], [114.08953455, 22.47407302], [114.08953201, 22.473924], [114.08974428, 22.47339219], [114.08977379, 22.47312967], [114.0895545, 22.47144065], [114.08966809, 22.47073489], [114.0898653, 22.47029443], [114.08988433, 22.46945482], [114.09009814, 22.46858961], [114.09010896, 22.46825522], [114.09000324, 22.46792662], [114.0896979, 22.46729409], [114.08908646, 22.46636731], [114.08893363, 22.46609333], [114.08915953, 22.46593947], [114.08943051, 22.46598161], [114.08979524, 22.4661788], [114.09015428, 22.46623766], [114.09056797, 22.46615203], [114.09087755, 22.46595213], [114.09104441, 22.46590758], [114.09126094, 22.46591411], [114.09175733, 22.46604007], [114.09192579, 22.4660695], [114.09195616, 22.46606757], [114.09203503, 22.46604385], [114.09244075, 22.46602023], [114.09252723, 22.46605112], [114.09258631, 22.46608372], [114.09269338, 22.46616212], [114.09271606, 22.46619737], [114.09281029, 22.46628439], [114.09301265, 22.46637148], [114.09323811, 22.46639718], [114.09370715, 22.46648047], [114.09402753, 22.46665894], [114.09407041, 22.46669707], [114.09413193, 22.4667327], [114.09422614, 22.46681709], [114.09454651, 22.46682103], [114.09479279, 22.46676639], [114.09524189, 22.46673918], [114.09627885, 22.4667471], [114.0970124, 22.46686785], [114.09721689, 22.46689109], [114.09728897, 22.46691967], [114.09739905, 22.46698444], [114.09835128, 22.46738437], [114.0989537, 22.46741189], [114.09903343, 22.467399], [114.09908326, 22.46741636], [114.09947016, 22.467394], [114.0999833, 22.46755104], [114.10004476, 22.46758794], [114.10070574, 22.46788023], [114.10091842, 22.4682109], [114.1012996, 22.46844014], [114.10139803, 22.4684842], [114.1014239, 22.46850847], [114.10169496, 22.46866436], [114.10195748, 22.46874781], [114.10239787, 22.46913869], [114.10258539, 22.4693468], [114.10273588, 22.46938123], [114.10287826, 22.46937714], [114.10339081, 22.4694941], [114.10376898, 22.46974931], [114.10417187, 22.46993501], [114.10425456, 22.46998427], [114.10467532, 22.46994232], [114.10876022, 22.46919908], [114.1088659, 22.46917373], [114.10895212, 22.46919747], [114.1090869, 22.46926526], [114.10915912, 22.46934656], [114.10929623, 22.46969108], [114.10937713, 22.46993961], [114.10958767, 22.47019573], [114.10982258, 22.47030878], [114.11007371, 22.47038418], [114.11023575, 22.47040684], [114.11034918, 22.47041442], [114.11064888, 22.4705802], [114.1108676, 22.47069325], [114.11125653, 22.4706407], [114.11150771, 22.47061821], [114.11162113, 22.47064837], [114.11175884, 22.47070114], [114.11186413, 22.47079908], [114.11196131, 22.47091207], [114.11202607, 22.47103258], [114.11212324, 22.47113804], [114.11234197, 22.47121344], [114.11271022, 22.47118965], [114.1128728, 22.4712056], [114.1130755, 22.47121946], [114.11340671, 22.47132987], [114.11367868, 22.47125187], [114.11385177, 22.47113246], [114.1140298, 22.47104982], [114.11411387, 22.47099471], [114.11417322, 22.47094879], [114.11425234, 22.47093043], [114.11438581, 22.47094887], [114.11443524, 22.47100863], [114.11456861, 22.4712614], [114.11471689, 22.47138093], [114.11487507, 22.47142694], [114.11499375, 22.47139942], [114.11513223, 22.47129838], [114.11534003, 22.47094924], [114.11544884, 22.47087575], [114.11561696, 22.47081149], [114.11577034, 22.47056648], [114.116088, 22.47026281], [114.11620274, 22.47003646], [114.11622324, 22.4698723], [114.11618851, 22.46971041], [114.11609986, 22.46963658], [114.11607859, 22.46953369], [114.11610174, 22.46942477], [114.11657397, 22.46942977], [114.116864, 22.46934289], [114.11702707, 22.46925748], [114.11722325, 22.46909621], [114.11731123, 22.46894324], [114.11881602, 22.46801699], [114.11942625, 22.46798921], [114.11970624, 22.46791198], [114.12021153, 22.46780323], [114.12029838, 22.46776263], [114.1203731, 22.46770508], [114.12043143, 22.46763342], [114.1205013, 22.46751436], [114.12053777, 22.46742971], [114.12060895, 22.4671402], [114.12062563, 22.4669776], [114.12076363, 22.46660951], [114.12092104, 22.46641552], [114.12150712, 22.46594917], [114.12176692, 22.46586717], [114.12235193, 22.46572531], [114.12265441, 22.4656806], [114.12310658, 22.46579942], [114.12333454, 22.46590553], [114.12350146, 22.46617778], [114.12366977, 22.46625538], [114.12387908, 22.46622379], [114.12425914, 22.4660413], [114.1245315, 22.46595894], [114.12472087, 22.46597708], [114.12503198, 22.46602467], [114.12531625, 22.46592957], [114.12558793, 22.4657625], [114.12578235, 22.46571381], [114.12595419, 22.46569453], [114.12657739, 22.46617047], [114.12790925, 22.46650797], [114.12809927, 22.46699244], [114.128642, 22.46728898], [114.12873184, 22.46732867], [114.12882517, 22.46735354], [114.12892123, 22.4673666], [114.12912641, 22.4673747], [114.12921947, 22.46740011], [114.1293053, 22.46744213], [114.1293805, 22.46749909], [114.12961658, 22.46778862], [114.12998096, 22.46829291], [114.13060535, 22.46837488], [114.13068095, 22.46840624], [114.1307484, 22.46843421], [114.13092404, 22.46855356], [114.13104763, 22.4686192], [114.1311399, 22.46864712], [114.13123606, 22.46865916], [114.13133299, 22.46865494], [114.13144918, 22.46862588], [114.13221053, 22.46817612], [114.13273979, 22.4679192], [114.13281051, 22.46787787], [114.13315312, 22.46784258], [114.13356398, 22.46784284], [114.13400539, 22.46780562], [114.1341887, 22.46781513], [114.13455528, 22.46792881], [114.13468766, 22.46798564], [114.13487097, 22.46800461], [114.13504405, 22.46816556], [114.13527822, 22.46835493], [114.13557357, 22.46838428], [114.13574256, 22.46845284], [114.13586782, 22.46887345], [114.13615498, 22.46903369], [114.13624382, 22.46924865], [114.13675221, 22.46959277], [114.1371902, 22.46979017], [114.13746786, 22.4699843], [114.13758022, 22.47010084], [114.13760668, 22.47015331], [114.13761886, 22.47033928], [114.13763057, 22.47040539], [114.13764607, 22.47042211], [114.13778839, 22.47049828], [114.13804261, 22.47061486], [114.13814298, 22.47070819], [114.13846608, 22.47096035], [114.13864788, 22.47108341], [114.13871578, 22.47115212], [114.13871126, 22.47121851], [114.13867679, 22.47126632], [114.13852443, 22.47130482], [114.13849745, 22.47134195], [114.13850492, 22.47142829], [114.1385219, 22.47145337], [114.13870617, 22.47157922], [114.13890546, 22.47165215], [114.13954679, 22.47173261], [114.13992036, 22.47195645], [114.1399788, 22.47197967], [114.14013314, 22.47200386], [114.14054716, 22.47224024], [114.14086934, 22.47223799], [114.14107462, 22.47229561], [114.14124241, 22.47244326], [114.14165597, 22.47258912], [114.1418422, 22.47286399], [114.14193554, 22.47313373], [114.14197251, 22.47319594], [114.14205189, 22.47331898], [114.14213729, 22.47338492], [114.14228963, 22.47342162], [114.14339602, 22.47348592], [114.14358282, 22.47354074], [114.14373016, 22.47365914], [114.14393338, 22.4739744], [114.14396581, 22.47416195], [114.14388556, 22.47468958], [114.14389285, 22.47473258], [114.14441268, 22.47472406], [114.14504564, 22.47461173], [114.14532489, 22.47456854], [114.1455948, 22.47460319], [114.14579026, 22.47468108], [114.14602758, 22.47484389], [114.14624965, 22.47519786], [114.14636069, 22.47536009], [114.14654049, 22.47551251], [114.14684724, 22.47561088], [114.14712754, 22.47572891], [114.14757176, 22.4761419], [114.14800012, 22.476432], [114.14813234, 22.47653525], [114.14822033, 22.47663967], [114.14831741, 22.47682039], [114.14850771, 22.47734639], [114.14853413, 22.47752335], [114.1484812, 22.47767573], [114.14842537, 22.47778783], [114.14841434, 22.47787849], [114.14842256, 22.47796833], [114.1489952, 22.47971922], [114.14927485, 22.47961327], [114.14958386, 22.47965423], [114.1497951, 22.47970433], [114.15107946, 22.48041836], [114.15114415, 22.48034014], [114.15121105, 22.48027474], [114.15128689, 22.4802184], [114.15143334, 22.48014494], [114.1515213, 22.4801255], [114.15161791, 22.48011643], [114.15293509, 22.48013168], [114.15331797, 22.48079861], [114.15317528, 22.48114011], [114.15309252, 22.48142867], [114.15304232, 22.48180025], [114.15302753, 22.48198033], [114.15301645, 22.48233631], [114.15302898, 22.48283112], [114.15305805, 22.4830611], [114.15308714, 22.48321216], [114.15323295, 22.48366318], [114.15331673, 22.48398975], [114.15324427, 22.48409686], [114.15315274, 22.48419808], [114.15288023, 22.48438308], [114.15273942, 22.4844552], [114.15240586, 22.48469696], [114.15206991, 22.48497804], [114.15200508, 22.48502808], [114.15134157, 22.48544688], [114.15119117, 22.48553183], [114.15132738, 22.4855856], [114.15143844, 22.48561853], [114.15155219, 22.48564222], [114.15168242, 22.485656], [114.15173722, 22.48567402], [114.15189231, 22.48577176], [114.15192573, 22.48581586], [114.15193595, 22.48584119], [114.15196355, 22.48606137], [114.15204586, 22.48619086], [114.15204873, 22.48628468], [114.15206495, 22.48630698], [114.15212272, 22.48633662], [114.15217988, 22.48634483], [114.15232655, 22.48631885], [114.15200068, 22.48658041], [114.15152125, 22.48691342], [114.15149162, 22.48695961], [114.15149063, 22.48701297], [114.15151847, 22.48706012], [114.15157339, 22.48709914], [114.15162641, 22.48712146], [114.15168313, 22.48713363], [114.15181643, 22.4871278], [114.15187897, 22.4871458], [114.15191657, 22.48718663], [114.15193752, 22.48724807], [114.15194084, 22.48730206], [114.15193233, 22.48735558], [114.15191232, 22.48740637], [114.15142473, 22.48809045], [114.1514077, 22.48814201], [114.1514073, 22.48818337], [114.15144286, 22.48822545], [114.15149674, 22.48824435], [114.15318543, 22.48826841], [114.15953383, 22.48829439], [114.16348096, 22.48974038], [114.16363255, 22.48977449], [114.16382413, 22.48979071], [114.16407035, 22.48975802], [114.16418985, 22.4896911], [114.16429914, 22.48957413], [114.16441038, 22.48914437], [114.16443378, 22.48894863], [114.16434093, 22.48860852], [114.16384174, 22.48772317], [114.16380113, 22.48752132], [114.16380695, 22.48723522], [114.1638534, 22.48712726], [114.16411466, 22.4870625], [114.16423657, 22.48699773], [114.16425981, 22.48684119], [114.16423082, 22.48646331], [114.16416697, 22.48632293], [114.16416118, 22.48623117], [114.16405524, 22.48602798], [114.16412331, 22.4859833], [114.16429741, 22.48596173], [114.16453535, 22.48597254], [114.16469204, 22.48601033], [114.16475007, 22.48601033], [114.16486615, 22.4859402], [114.16498571, 22.48574593], [114.165125, 22.4856596], [114.16533393, 22.48558946], [114.16558928, 22.48563265], [114.16590265, 22.48572442], [114.16607673, 22.48579998], [114.16618119, 22.4859295], [114.16635528, 22.4860914], [114.16649457, 22.4861076], [114.16677893, 22.48610221], [114.1669008, 22.48608064], [114.16699366, 22.48607524], [114.16713294, 22.48617239], [114.16750783, 22.48622098], [114.16769934, 22.48625337], [114.16784441, 22.48634511], [114.16794888, 22.48639369], [114.16808816, 22.48642068], [114.16832028, 22.48640451], [114.16844797, 22.48640451], [114.16857563, 22.48645848], [114.16874392, 22.48671212], [114.16888899, 22.48696037], [114.16900507, 22.48689021], [114.16930106, 22.48658263], [114.16938812, 22.48626425], [114.16961448, 22.48596206], [114.16976422, 22.48573217], [114.16977583, 22.48566202], [114.16975261, 22.48559186], [114.16976423, 22.4855217], [114.16982807, 22.48544077], [114.16994994, 22.4853814], [114.17007181, 22.48530587], [114.17011244, 22.4852519], [114.17009503, 22.48518715], [114.16974104, 22.48505223], [114.16960756, 22.48501984], [114.16960177, 22.48484716], [114.1696424, 22.48465828], [114.16976428, 22.4846367], [114.17004863, 22.48467989], [114.17061156, 22.48467451], [114.17066958, 22.48466371], [114.17106422, 22.48446946], [114.17131956, 22.48437233], [114.17149078, 22.48432539], [114.17153719, 22.48427143], [114.17160685, 22.48411493], [114.17166489, 22.48401239], [114.17171132, 22.48396923], [114.17178675, 22.48396923], [114.17190862, 22.48405018], [114.17195569, 22.48411468], [114.17183208, 22.48448689], [114.17184206, 22.4846605], [114.17187402, 22.48478864], [114.17202887, 22.48518138], [114.17198939, 22.48577559], [114.17199887, 22.48601792], [114.17208278, 22.48622356], [114.17243645, 22.48667575], [114.17243145, 22.48687211], [114.17237249, 22.48698167], [114.17237749, 22.48705966], [114.17243294, 22.48716968], [114.17250538, 22.48727414], [114.17261627, 22.48735351], [114.17266522, 22.48736838], [114.17274065, 22.48737813], [114.17274965, 22.48747051], [114.17277413, 22.48752715], [114.17285455, 22.4876446], [114.17291099, 22.48768917], [114.17302988, 22.48776066], [114.17341255, 22.48793893], [114.17356892, 22.48804292], [114.17362736, 22.48809863], [114.17368081, 22.48821562], [114.17370928, 22.48836371], [114.17372377, 22.48852851], [114.17375023, 22.48867103], [114.17381568, 22.48883258], [114.17388861, 22.48889896], [114.1739066, 22.48893054], [114.17422131, 22.48907445], [114.17428576, 22.48917519], [114.17438867, 22.48947648], [114.17441114, 22.48983068], [114.17462494, 22.49001126], [114.17469788, 22.49021135], [114.17472435, 22.49024942], [114.17482627, 22.49035387], [114.17486574, 22.49037709], [114.17486172, 22.49046482], [114.17482377, 22.49067559], [114.17501061, 22.49074011], [114.17529336, 22.49097084], [114.1754802, 22.49127212], [114.17562557, 22.49140953], [114.17632597, 22.49171547], [114.17649782, 22.49192112], [114.17660273, 22.49201072], [114.17674061, 22.49209474], [114.17689348, 22.49226418], [114.17695043, 22.49229621], [114.17706634, 22.49238302], [114.17718623, 22.49250604], [114.17732911, 22.49285328], [114.17753794, 22.49322142], [114.17775131, 22.49338386], [114.17799954, 22.49339167], [114.17808904, 22.49338661], [114.17824776, 22.49343946], [114.1783704, 22.49353136], [114.17840422, 22.49359968], [114.17843468, 22.49363152], [114.17871678, 22.49400889], [114.1788419, 22.49414699], [114.17898159, 22.49427246], [114.17909502, 22.49435748], [114.17921515, 22.49443414], [114.17938452, 22.49452259], [114.18334402, 22.49562352], [114.18611432, 22.49561891], [114.18664996, 22.49557162], [114.18722578, 22.49548695], [114.18774745, 22.49537907], [114.18778745, 22.49530922], [114.18798574, 22.49531748], [114.18815486, 22.49530231], [114.18850741, 22.49517775], [114.18864551, 22.49517405], [114.18877111, 22.49513545], [114.1889065, 22.49511502], [114.18905137, 22.49510572], [114.18921374, 22.49510571], [114.18968086, 22.49517392], [114.18990717, 22.4951739], [114.19020491, 22.49512838], [114.19086087, 22.49510557], [114.19127701, 22.49500341], [114.19143387, 22.49491473], [114.19149032, 22.49487201], [114.1915078, 22.49478474], [114.19151228, 22.49467564], [114.19153375, 22.49451131], [114.19156321, 22.49437297], [114.19157719, 22.49434464], [114.19184347, 22.49437758], [114.19195739, 22.49442214], [114.19211278, 22.49458413], [114.19228764, 22.49469042], [114.19237807, 22.49472849], [114.19269031, 22.49477162], [114.19332678, 22.49477853], [114.19339323, 22.49480127], [114.19365903, 22.49495862], [114.19382839, 22.49497484], [114.19395028, 22.49491958], [114.19402221, 22.49486666], [114.19410164, 22.49477566], [114.19421951, 22.49453379], [114.19429293, 22.49445161], [114.19458816, 22.49425057], [114.19469261, 22.49422842], [114.19473628, 22.49415921], [114.19475205, 22.49399109], [114.19485057, 22.4938605], [114.1950642, 22.49374868], [114.19529989, 22.49358583], [114.19535203, 22.49350169], [114.19542307, 22.49331362], [114.19548341, 22.49324992], [114.19564714, 22.49317636], [114.1957619, 22.49307976], [114.19584389, 22.49307975], [114.19599147, 22.49314581], [114.19662547, 22.49311524], [114.19713541, 22.49327777], [114.19720484, 22.49325193], [114.19734832, 22.4930711], [114.19744089, 22.49299359], [114.19756505, 22.49297425], [114.19797753, 22.49307189], [114.19815434, 22.49305145], [114.19840342, 22.49300559], [114.19865261, 22.49297954], [114.19890946, 22.49298312], [114.19932478, 22.49304407], [114.20005996, 22.49280193], [114.20016628, 22.49279425], [114.20047371, 22.492925], [114.20059823, 22.49293222], [114.20080166, 22.49283812], [114.20106192, 22.49275942], [114.20249577, 22.49247117], [114.20369128, 22.49173554], [114.20434151, 22.49138903], [114.20463599, 22.49111505], [114.20492401, 22.4908939], [114.20520351, 22.49080201], [114.20548872, 22.49077427], [114.2055781, 22.49075619], [114.20569849, 22.49065076], [114.20612116, 22.49023238], [114.20663665, 22.48988936], [114.20676242, 22.48985221], [114.20704394, 22.48984041], [114.20714272, 22.48979305], [114.20730735, 22.48956749], [114.20745104, 22.48952848], [114.20756182, 22.48954516], [114.20782802, 22.48960608], [114.20823524, 22.48970641], [114.20864644, 22.48995416], [114.20893019, 22.49009258], [114.20933207, 22.49026525], [114.20972061, 22.4901495], [114.21053242, 22.49026124], [114.21099921, 22.49033348], [114.21152042, 22.49038897], [114.21204533, 22.49039758], [114.2124152, 22.49024917], [114.21276848, 22.49018226], [114.21326301, 22.49036741], [114.21358071, 22.49024591], [114.21376426, 22.49018687], [114.21453759, 22.48995644], [114.21464632, 22.48993392], [114.21504726, 22.48989842], [114.21525409, 22.48994154], [114.21585284, 22.49014654], [114.21600007, 22.49016591], [114.21615859, 22.49016987], [114.21636893, 22.49008424], [114.21660686, 22.49001127], [114.21766608, 22.48996989], [114.21776498, 22.48993831], [114.21809984, 22.48971729], [114.21886835, 22.48935171], [114.2194366, 22.48910225], [114.21955069, 22.48914866], [114.2198429, 22.48906699], [114.22028408, 22.48924687], [114.22043822, 22.4892338], [114.22052326, 22.48919862], [114.2208664, 22.48892451], [114.22135835, 22.48833902], [114.22159155, 22.48803999], [114.22176298, 22.4878875], [114.22197307, 22.48774653], [114.22210682, 22.48767062], [114.22235607, 22.48756186], [114.22302283, 22.4875008], [114.22317395, 22.4874379], [114.22350357, 22.48714906], [114.22363414, 22.48696622], [114.22403931, 22.48737569], [114.22410287, 22.48748726], [114.22414102, 22.48778943], [114.22401999, 22.48829138], [114.22403005, 22.488465], [114.22412352, 22.48863812], [114.22430778, 22.48870263], [114.22444681, 22.48886875], [114.2245917, 22.4890178], [114.2246058, 22.48921361], [114.22460094, 22.48961611], [114.22468447, 22.48990809], [114.22468459, 22.49025997], [114.22549018, 22.49048853], [114.226035, 22.49067414], [114.2263216, 22.49072272], [114.22659915, 22.49080504], [114.22686304, 22.49091974], [114.22710894, 22.49106493], [114.22732146, 22.49122833], [114.2275676, 22.49137348], [114.22804347, 22.49168639], [114.2286825, 22.49218383], [114.2288102, 22.49224906], [114.22904576, 22.49240814], [114.2292494, 22.49260156], [114.22934212, 22.49272544], [114.22939942, 22.49285672], [114.22997922, 22.4936587], [114.23026556, 22.49385859], [114.23042915, 22.49406543], [114.23083904, 22.49501757], [114.23115538, 22.4956437], [114.23119817, 22.49578085], [114.23129631, 22.49635347], [114.23136001, 22.49656728], [114.23171067, 22.49728853], [114.23188875, 22.49759804], [114.23245409, 22.49834665], [114.23255648, 22.49828116], [114.2328597, 22.49819935], [114.23296309, 22.4981436], [114.2332138, 22.49791976], [114.23344007, 22.49780548], [114.23364638, 22.49776735], [114.23384378, 22.49791025], [114.23391623, 22.49791857], [114.23413105, 22.4978874], [114.23440878, 22.49780514], [114.23458365, 22.49782457], [114.2346646, 22.49785518], [114.23553959, 22.49834416], [114.23554951, 22.49861137], [114.23542994, 22.49885678], [114.23538052, 22.49892067], [114.23521295, 22.49907007], [114.23534648, 22.49913159], [114.23563985, 22.49935618], [114.23571873, 22.49939749], [114.23592396, 22.49954828], [114.23627624, 22.49983565], [114.23654507, 22.50007862], [114.23669542, 22.50014426], [114.23690214, 22.5001736], [114.23735706, 22.50012611], [114.23753212, 22.50013018], [114.23768792, 22.50018249], [114.23805447, 22.50047184], [114.23832775, 22.50072211], [114.23835249, 22.50080411], [114.23844007, 22.50294403], [114.23847304, 22.50299179], [114.23875189, 22.50318623], [114.23900097, 22.50333622], [114.23929774, 22.50346589], [114.23949042, 22.5035071], [114.23975752, 22.5035008], [114.24009248, 22.50342124], [114.24023662, 22.50343503], [114.24035693, 22.50349826], [114.24065279, 22.50376415], [114.24079943, 22.50380935], [114.24109318, 22.50383879], [114.24128408, 22.50391168], [114.24140857, 22.50397765], [114.24159347, 22.50419475], [114.24164905, 22.50465056], [114.24251208, 22.50458489], [114.24238575, 22.50365449], [114.2421635, 22.50251093], [114.24217161, 22.50242118], [114.24220333, 22.50233607], [114.24218437, 22.50224296], [114.24239935, 22.50214726], [114.2428929, 22.50202356], [114.2430627, 22.50188655], [114.24324943, 22.50162371], [114.2434437, 22.50147508], [114.24373342, 22.5013654], [114.2442075, 22.50124869], [114.24441528, 22.50115993], [114.24472646, 22.50098572], [114.24494571, 22.50082129], [114.24556228, 22.49992554], [114.24604368, 22.4995001], [114.24634322, 22.49906591], [114.24670973, 22.49866373], [114.24683084, 22.49850602], [114.24731888, 22.49798059], [114.24751314, 22.49779574], [114.24754556, 22.49769592], [114.24754702, 22.49762489], [114.24748839, 22.49726515], [114.24749328, 22.4970553], [114.24754714, 22.49686821], [114.24768442, 22.49665274], [114.24796953, 22.49636526], [114.24800645, 22.49624408], [114.24800884, 22.49603611], [114.24805523, 22.49592653], [114.24808718, 22.49588055], [114.24825947, 22.49573424], [114.24848053, 22.49525877], [114.24879005, 22.49481113], [114.24903725, 22.49462208], [114.24939287, 22.49446407], [114.24961365, 22.49439712], [114.25028503, 22.49429423], [114.25049631, 22.49423006], [114.2512453, 22.49348139], [114.25149846, 22.49325659], [114.2516854, 22.49315561], [114.25189281, 22.49314875], [114.25202019, 22.49315884], [114.25227134, 22.49328055], [114.25246422, 22.49331769], [114.2528015, 22.4933143], [114.25347881, 22.49328769], [114.25369557, 22.4932096], [114.25415078, 22.49286727], [114.25423213, 22.49283631], [114.2543413, 22.49283964], [114.25467355, 22.49283775], [114.25486539, 22.49285343], [114.2555195, 22.49273557], [114.25585335, 22.49273005], [114.25608483, 22.49280623], [114.25610881, 22.4928285], [114.25638187, 22.49299055], [114.25657319, 22.49298507], [114.25685302, 22.49289497], [114.25720323, 22.49291105], [114.25762839, 22.49290366], [114.25783136, 22.49294669], [114.25821997, 22.49317835], [114.25840553, 22.49322679], [114.25880529, 22.49328042], [114.2593663, 22.49323464], [114.25949845, 22.49323162], [114.25970721, 22.49326387], [114.260061, 22.4934578], [114.26014181, 22.49348302], [114.2601738, 22.49348531], [114.26032758, 22.49339152], [114.26064921, 22.49321913], [114.26084932, 22.49306916], [114.26098838, 22.49291272], [114.26104791, 22.49289545], [114.26121706, 22.49294169], [114.26137193, 22.49294995], [114.26149031, 22.4929253], [114.26153426, 22.4928951], [114.26173216, 22.49286452], [114.26214634, 22.49282036], [114.26242789, 22.49282021], [114.26269863, 22.4928704], [114.26295858, 22.49295078], [114.26313189, 22.49304126], [114.26331607, 22.49318209], [114.26342432, 22.49311157], [114.26360835, 22.49302089], [114.26380325, 22.49299059], [114.26398736, 22.49303075], [114.26419319, 22.49315142], [114.26456161, 22.49354377], [114.26466993, 22.49360409], [114.26521145, 22.49369439], [114.26527647, 22.49378494], [114.26530904, 22.4939057], [114.2654066, 22.49405663], [114.26550412, 22.49414716], [114.26588323, 22.49431806], [114.2659916, 22.49443878], [114.26603505, 22.49464006], [114.26602437, 22.49488163], [114.26593798, 22.49525409], [114.26589486, 22.49555607], [114.2659166, 22.49570704], [114.2659888, 22.49581923], [114.26611651, 22.49585003], [114.26626812, 22.49584995], [114.26650632, 22.49579949], [114.26683106, 22.495598], [114.26704753, 22.49542677], [114.26738315, 22.49529574], [114.26757806, 22.49528557], [114.26774052, 22.49531567], [114.26794633, 22.4954162], [114.26834721, 22.49571793], [114.26857469, 22.49583858], [114.26885632, 22.49594914], [114.26909459, 22.49599933], [114.26944115, 22.49603939], [114.27000254, 22.49603773], [114.27032737, 22.49597715], [114.27067908, 22.49587629], [114.27113386, 22.49583577], [114.27206519, 22.49586542], [114.27297488, 22.49593533], [114.27333227, 22.49598545], [114.27436103, 22.49598483], [114.27471844, 22.49606513], [114.27488094, 22.49614555], [114.27514095, 22.49630643], [114.27539014, 22.49648746], [114.2755093, 22.49654778], [114.27618084, 22.49674866], [114.27694944, 22.49705738], [114.27774852, 22.49734068], [114.2781709, 22.49740081], [114.27849586, 22.49751132], [114.28040019, 22.4982588], [114.28055435, 22.49825386], [114.28067344, 22.49821353], [114.28101981, 22.49800194], [114.28120377, 22.49783071], [114.28179904, 22.49737739], [114.28231862, 22.49709523], [114.28264339, 22.49696418], [114.28356375, 22.49682265], [114.2837695, 22.49682251], [114.2845005, 22.49688242], [114.28488027, 22.49686164], [114.28578979, 22.49669998], [114.28621202, 22.49656885], [114.28706725, 22.49623612], [114.28755433, 22.49596403], [114.28830124, 22.4955911], [114.28864758, 22.49536943], [114.28931848, 22.49476506], [114.2894483, 22.49459386], [114.28959979, 22.4944629], [114.2902708, 22.4939793], [114.29075788, 22.49372734], [114.29105023, 22.49368686], [114.2913859, 22.49367657], [114.29158079, 22.49363617], [114.29175401, 22.49357565], [114.29203542, 22.49340435], [114.29258736, 22.49301141], [114.292856, 22.49278515], [114.29318258, 22.4925782], [114.29342062, 22.49235659], [114.29363973, 22.49199371], [114.29412635, 22.49193378], [114.29544761, 22.49212405], [114.29564253, 22.49213397], [114.29602449, 22.49211635], [114.29627444, 22.49203078], [114.29655179, 22.49172063], [114.29674654, 22.49152925], [114.29688722, 22.49141842], [114.29768811, 22.49092464], [114.29788294, 22.49082384], [114.29821852, 22.49070281], [114.29844586, 22.49065231], [114.29865161, 22.49065215], [114.29943137, 22.49076227], [114.2999619, 22.49068135], [114.30030833, 22.4905905], [114.30053567, 22.49051987], [114.30067634, 22.49040905], [114.30088188, 22.49017739], [114.30110908, 22.48995579], [114.30147803, 22.48997424], [114.30207366, 22.49003417], [114.30222528, 22.49006424], [114.30261527, 22.49024511], [114.30335749, 22.4907684], [114.3038558, 22.49096931], [114.30401825, 22.49099937], [114.304603, 22.49100898], [114.30490621, 22.49101881], [114.30510118, 22.49106898], [114.30535035, 22.49118956], [114.30668587, 22.49206387], [114.30771509, 22.49259147], [114.30802931, 22.49278747], [114.30846283, 22.49317967], [114.30856725, 22.49330559], [114.30874151, 22.49344331], [114.30884126, 22.49348178], [114.30914117, 22.49355775], [114.30920747, 22.49360565], [114.30934957, 22.49361794], [114.30947158, 22.49369552], [114.30953337, 22.49371124], [114.309561, 22.49373944], [114.30968732, 22.49379544], [114.30972686, 22.49377429], [114.30991048, 22.49377648], [114.31000953, 22.49371126], [114.31003835, 22.49371836], [114.31009369, 22.49377368], [114.31014601, 22.49380226], [114.31024188, 22.4938344], [114.31032121, 22.49391652], [114.31038833, 22.49395561], [114.31044766, 22.49402128], [114.31062479, 22.49416628], [114.31072747, 22.49419316], [114.31079189, 22.49426636], [114.31086803, 22.4942997], [114.31094352, 22.49437442], [114.31095259, 22.49441498], [114.31100573, 22.49445525], [114.31101655, 22.49449897], [114.31106201, 22.49450872], [114.31110643, 22.49457573], [114.3111897, 22.49462338], [114.31124141, 22.49471072], [114.31133652, 22.49480704], [114.31135565, 22.49487462], [114.31142387, 22.49492349], [114.31149315, 22.49501775], [114.31154174, 22.49514991], [114.31159734, 22.49521149], [114.31214483, 22.49547321], [114.31246977, 22.49556352], [114.31271885, 22.49557338], [114.31317366, 22.49556292], [114.31359597, 22.49551319], [114.31385589, 22.49558248], [114.3144953, 22.49608518], [114.31466868, 22.49620582], [114.31488128, 22.49630976], [114.31509729, 22.49631795], [114.31530435, 22.49639307], [114.31544845, 22.49650172], [114.31562862, 22.49666891], [114.31573679, 22.4968529], [114.31581807, 22.49712895], [114.31596243, 22.49748862], [114.3160076, 22.4976643], [114.3161248, 22.49786501], [114.31610714, 22.49820809], [114.31601005, 22.49868631], [114.31603028, 22.49879225], [114.31638688, 22.49894416], [114.31676499, 22.49905261], [114.3169901, 22.49916956], [114.31746748, 22.49954567], [114.31808904, 22.50010574], [114.3182151, 22.50015582], [114.31831415, 22.50021431], [114.31848088, 22.5002472], [114.31882879, 22.50045481], [114.31912808, 22.50055757], [114.32003695, 22.50075251], [114.32054684, 22.50090657], [114.32094593, 22.50107106], [114.32144499, 22.5014724], [114.32186659, 22.50195621], [114.32202196, 22.50217243], [114.3221915, 22.50227131], [114.32254298, 22.5023677], [114.32287548, 22.50241891], [114.32307505, 22.50252174], [114.32360331, 22.50281345], [114.32385552, 22.50302147], [114.32396769, 22.50317756], [114.3244065, 22.50329864], [114.32470158, 22.50332718], [114.32495002, 22.50328752], [114.32549528, 22.50312926], [114.3257861, 22.50306138], [114.32604659, 22.50296536], [114.32630107, 22.50291442], [114.32652536, 22.50297055], [114.32670128, 22.50312814], [114.32680437, 22.50319002], [114.32723505, 22.50355585], [114.32748974, 22.50369647], [114.32779302, 22.50393845], [114.32869047, 22.50441088], [114.329127, 22.50458512], [114.32985472, 22.50500135], [114.33036434, 22.50549668], [114.33105587, 22.50608197], [114.33148059, 22.50650977], [114.33183234, 22.50673479], [114.33280048, 22.50794656], [114.33347984, 22.50847551], [114.33389224, 22.50871176], [114.33425609, 22.50890296], [114.33478956, 22.50902639], [114.33585213, 22.5100633], [114.33580608, 22.51282607], [114.33618955, 22.5681287]]]]}, "properties": {"GmlID": "DCD.18", "OBJECTID": 18, "AREA_ID": "N", "AREA_CODE": "NTH", "NAME_TC": "北區", "NAME_EN": "North District", "REGION": "NT", "Shape_Length": 84757.83542596, "Shape_Area": 185434221.84696406}}]}